obs,time,elapsed,date,hhmmss,averaging,TIME,E,Emm,A,Ca,Ci,Pci,Pca,gsw,gbw,gtw,gtc,Rabs,TleafEB,TleafCnd,SVPleaf,RHcham,VPcham,SVPcham,VPDleaf,LatHFlux,SenHFlux,NetTherm,EBSum,Asty,Esty,Adyn,Crd,Csd,dCsd/dt,αVc,Edyn,Hr,Hs,dHs/dt,αVh,Leak,LeakPct,CorrFact,CorrFactPct,Fan,DarkAdaptedID,Qmax_d,Fo,Fm,Fv/Fm,A_dark,LightAdaptedID,Qmax,Fs,Fm',PhiPS2,PS2/1,Qabs_fs,A_fs,ETR,PhiCO2,NPQ,alt. Fo',DarkPulseID,Fmin,Fo',Fv'/Fm',qP,qN,qP_Fo,qN_Fo,qL,1-qL,Qin,Qabs,alpha,convert,S,K,Geometry,Custom,UseDynamic,TIME,CO2_s,CO2_r,H2O_s,H2O_r,CO2_a,H2O_a,Flow,Pa,ΔPcham,Tair,Tleaf,Tleaf2,Offset,Offset2,Fan_speed,Qamb_in,Qamb_out,Q,f_red,f_blue,f_farred,F,Q_modavg,F_dc,Pc,Tled,TDigital,TPreamp,TPwrSpy,TDrive,Q_red,Q_blue,Q_farred,TSPF,state,F_avg,dF/dt,dF_dc/dt,F_dc_avg,period,time,hhmmss,co2_t,h2o_t,count,co2_adj,h2o_adj,co2_match,h2o_match,co2_at,h2o_at,co2_cv,h2o_cv,ΔCO2:MN,ΔCO2:SLP,ΔCO2:SD,ΔCO2:OK,F:MN,F:SLP,F:SD,F:OK,ΔH2O:MN,ΔH2O:SLP,ΔH2O:SD,ΔH2O:OK,Stable,Total,State,MatchValveR,MatchValveS,MatchCO2,MatchH2O,cf_co2_a,cf_co2_b,cf_co2_c,cf_co2_d,cf_h2o_a,cf_h2o_b,cf_h2o_c,cf_h2o_d,co2_fit_low,co2_fit_high,h2o_fit_low,h2o_fit_high,co2_elapsed,h2o_elapsed,DIAG,Flow_s,Flow_r,Txchg,Tirga,Tchopper,Ts,Tr,CO2_%,Desiccant_%,Humidifier_%,Txchg_sp,CO2_r_sp,H2O_r_sp,SS_s,SS_r
2,1652233275,50.5,20220511 09:41:14,9:41:14,0,1652233275,0.001788282,1.788281657,8.162426058,399.967,261.3960956,26.31240545,40.26109819,0.102707708,3.020594156,0.100806285,0.063171831,165.409152,27.6573655,26.8326,3.544120694,49.97937921,1.805869303,3.613228759,1.738251391,-78.86322109,53.54385428,3.825421776,143.915207,8.168581626,1.788629734,8.162426058,410.6009376,407.2841636,-0.000912588,66.83704872,1.788281657,17.23754814,17.93991758,-8.63E-07,86.59541668,0,0,1,0,53151.33687,-,-,0,0,#DIV/0!,0,-,-,0,0,#DIV/0!,0.5,843.1008,8.162426058,#DIV/0!,0.009681436,#DIV/0!,#DIV/0!,-,0,#DIV/0!,#DIV/0!,#DIV/0!,#DIV/0!,#DIV/0!,#DIV/0!,#DIV/0!,#DIV/0!,1000.12,843.1008,0.84299964,0.165389305,2,0.5,0: Broadleaf,2,TRUE,1652233275,399.967,403.52,17.9401,17.2376,395.347,17.7251,500.083,100.561,0.10005,27.1614,26.8326,999.9,0,0,10001.2,0,3.55659,1000.12,0.900008,0.0999919,0,1.5302,0,5150.6,9658.08,40.75,43.562,42.25,42.375,40.812,900.12,100,0,1652233275,0,1.774088462,-0.162129892,-3.137435889,5150.251923,15,1652233242,9:40:42,1652233241,1652233242,1,-0.285,-0.028,4.62,0.189,403,17,0.4,0.09,-3.801383415,2.30941338,0.248391894,0,1.792036364,-0.106366116,0.201003126,1,0.686878439,0.218716411,0.024213103,0,1,3,1月3日,100,100,4.62,0.215,4.445291379,0.000676004,-7.65E-07,4.25E-10,0.065174227,-0.023951514,0.002092542,-1.49E-05,2,2268,1,30,0.6,0.5,18,504.393,456.772,25.0001,28.1275,30.0002,28.1003,27.9782,19.2945,23.8901,68.9329,25,403.584,17.2036,87.6449,101.338
3,1652233277,52.5,20220511 09:41:16,9:41:16,0,1652233277,0.001788415,1.788415061,8.255544537,399.955,259.9901594,26.17063571,40.2595107,0.1027538,3.019138087,0.100849788,0.063199247,165.3704097,27.65703297,26.8293,3.543432982,49.97867322,1.805812014,3.613165172,1.737620968,-78.8691042,54.00634692,3.860255794,144.3679083,8.207161622,1.784696699,8.255544537,410.6122591,407.2581455,-0.000878169,66.83704872,1.788415061,17.2374873,17.93975385,-9.31E-07,86.59541668,0,0,1,0,53106.51122,-,-,0,0,#DIV/0!,0,-,-,0,0,#DIV/0!,0.5,842.896701,8.255544537,#DIV/0!,0.009794254,#DIV/0!,#DIV/0!,-,0,#DIV/0!,#DIV/0!,#DIV/0!,#DIV/0!,#DIV/0!,#DIV/0!,#DIV/0!,#DIV/0!,999.877,842.896701,0.84300039,0.165390753,2,0.5,0: Broadleaf,2,TRUE,1652233277,399.955,403.522,17.9397,17.2389,395.336,17.7247,500.194,100.56,0.100101,27.1611,26.8293,999.9,0,0,9992.5,0,3.53881,999.877,0.899983,0.100017,0,1.7079,0,5148.93,9655.63,40.75,43.562,42.25,42.375,40.812,899.87,100,0,1652233277,0,1.754624,-0.522092283,-2.358461502,5150.1136,15,1652233242,9:40:42,1652233241,1652233242,1,-0.285,-0.028,4.62,0.189,403,17,0.4,0.09,-3.75987561,2.32178007,0.248015916,0,1.768674286,-0.310130724,0.203714574,1,0.692273585,0.166232425,0.02053031,0,1,3,1月3日,100,100,4.619,0.215,4.445291379,0.000676004,-7.65E-07,4.25E-10,0.065174227,-0.023951514,0.002092542,-1.49E-05,2,2268,1,30,0.6,0.6,18,504.323,456.916,25,28.1281,30.0003,28.1012,27.9794,19.2949,23.8901,68.9329,25,403.563,17.2036,87.6451,101.338
4,1652233279,54.5,20220511 09:41:18,9:41:18,0,1652233279,0.001789297,1.78929698,8.216066421,399.965,260.7720084,26.2495993,40.26092006,0.102876979,3.017498316,0.100967428,0.063273256,165.182973,27.65658599,26.8241,3.542349551,49.97852845,1.805870344,3.613292347,1.736479207,-78.90799682,54.92055504,3.927644352,145.1231756,8.223335818,1.783294205,8.216066421,410.6134,407.2702788,0.000106647,66.83704872,1.78929698,17.23748749,17.94004835,-5.55E-07,86.59541668,0,0,1,0,53055.94159,-,-,0,0,#DIV/0!,0,-,-,0,0,#DIV/0!,0.5,841.9461,8.216066421,#DIV/0!,0.009758423,#DIV/0!,#DIV/0!,-,0,#DIV/0!,#DIV/0!,#DIV/0!,#DIV/0!,#DIV/0!,#DIV/0!,#DIV/0!,#DIV/0!,998.75,841.9461,0.84299985,0.16538971,2,0.5,0: Broadleaf,2,TRUE,1652233279,399.965,403.538,17.9401,17.2399,395.346,17.7251,500.229,100.561,0.100108,27.1617,26.8241,999.9,0,0,9982.5,0,3.51145,998.75,0.900002,0.0999982,0,1.8755,0,5142.49,9644.8,40.75,43.562,42.25,42.375,40.812,898.88,99.87,0,1652233279,0,1.767348,-0.562938439,-15.55769224,5149.4836,15,1652233242,9:40:42,1652233241,1652233242,1,-0.285,-0.028,4.62,0.189,403,17,0.4,0.09,-3.704268293,1.883904669,0.217145451,0,1.763878788,-0.092781712,0.198794393,1,0.696907805,0.105466997,0.016046081,0,1,3,1月3日,100,100,4.619,0.215,4.445291379,0.000676004,-7.65E-07,4.25E-10,0.065174227,-0.023951514,0.002092542,-1.49E-05,2,2268,1,30,0.6,0.6,18,504.392,456.993,25,28.1293,30.0004,28.1021,27.9806,19.2954,23.8901,68.9329,25,403.589,17.2036,87.6458,101.338
5,1652233281,56.5,20220511 09:41:20,9:41:20,0,1652233281,0.001784954,1.784954482,8.28231432,399.953,259.4764827,26.11920555,40.25973573,0.10267163,3.015218419,0.100768209,0.063148207,165.0460384,27.65524906,26.8204,3.541578824,49.9847004,1.805881468,3.612868445,1.735697355,-78.71649265,55.15540532,3.947309691,145.4322607,8.141929499,1.780220691,8.28231432,410.6145693,407.2464545,-0.000443095,66.83704872,1.784954482,17.23873383,17.93979341,-5.69E-09,86.59541668,0,0,1,0,52986.15689,-,-,0,0,#DIV/0!,0,-,-,0,0,#DIV/0!,0.5,841.247343,8.28231432,#DIV/0!,0.009845278,#DIV/0!,#DIV/0!,-,0,#DIV/0!,#DIV/0!,#DIV/0!,#DIV/0!,#DIV/0!,#DIV/0!,#DIV/0!,#DIV/0!,997.921,841.247343,0.84299994,0.165389884,2,0.5,0: Broadleaf,2,TRUE,1652233281,399.953,403.494,17.9402,17.241,395.334,17.7251,500.081,100.561,0.100167,27.1597,26.8204,999.9,0,0,9968.75,0,3.49777,997.921,0.899998,0.100002,0,1.4217,0,5137.53,9636.78,40.75,43.562,42.25,42.375,40.812,898.13,99.79,0,1652233281,0,1.718238462,-0.742864941,-34.51931617,5148.206538,15,1652233242,9:40:42,1652233241,1652233242,1,-0.285,-0.028,4.62,0.189,403,17,0.4,0.09,-3.647914878,1.243244321,0.16157283,0,1.766139394,-0.297958697,0.193898102,1,0.700841098,0.040589875,0.010424493,1,2,3,2月3日,100,100,4.619,0.2151,4.445291379,0.000676004,-7.65E-07,4.25E-10,0.065174227,-0.023951514,0.002092542,-1.49E-05,2,2268,1,30,0.7,0.6,18,504.495,456.984,25.0001,28.1302,30.0004,28.1033,27.9816,19.2971,23.8901,68.9329,25,403.544,17.2036,87.6461,101.337
6,1652233283,58.5,20220511 09:41:22,9:41:22,0,1652233283,0.001783745,1.783744677,8.213520841,399.936,260.3339876,26.20518353,40.25750297,0.102511512,3.021933488,0.100618097,0.063053514,164.7658924,27.65292226,26.8268,3.542912065,49.98349565,1.805837942,3.612868445,1.737074123,-78.66314024,54.23556139,3.872977991,144.2112915,8.231022101,1.77751205,8.213520841,410.5744135,407.2348182,-0.000508718,66.83704872,1.783744677,17.23968898,17.94023626,5.02E-08,86.59541668,0,0,1,0,53192.90059,-,-,0,0,#DIV/0!,0,-,-,0,0,#DIV/0!,0.5,839.822343,8.213520841,#DIV/0!,0.009780069,#DIV/0!,#DIV/0!,-,0,#DIV/0!,#DIV/0!,#DIV/0!,#DIV/0!,#DIV/0!,#DIV/0!,#DIV/0!,#DIV/0!,996.231,839.822343,0.842999609,0.165389244,2,0.5,0: Broadleaf,2,TRUE,1652233283,399.936,403.512,17.94,17.2419,395.317,17.7249,500.107,100.56,0.099863,27.1597,26.8268,999.9,0,0,10009.4,0,3.47041,996.231,0.900015,0.0999851,0,1.5641,0,5127.73,9620.5,40.75,43.562,42.25,42.375,40.812,896.62,99.61,0,1652233283,0,1.70176,-0.981946146,-80.31076922,5145.6328,15,1652233242,9:40:42,1652233241,1652233242,1,-0.285,-0.028,4.62,0.189,403,17,0.4,0.09,-3.601557805,0.68888885,0.105126836,0,1.73512,-0.602432877,0.211805303,1,0.703376707,-0.01421308,0.005065188,1,2,3,2月3日,100,100,4.619,0.2151,4.445291379,0.000676004,-7.65E-07,4.25E-10,0.065174227,-0.023951514,0.002092542,-1.49E-05,2,2268,1,30,0.7,0.7,18,504.505,457.007,25.0002,28.1311,30.0003,28.1045,27.9823,19.2972,23.8901,68.9329,25,403.531,17.2036,87.6463,101.337
7,1652233285,60.5,20220511 09:41:24,9:41:24,0,1652233285,0.001782164,1.782164189,8.170398217,399.94,260.8782589,26.25995313,40.25788005,0.102402975,3.022957882,0.100514155,0.062988148,164.4939499,27.65220794,26.8281,3.543182934,49.98226188,1.805856928,3.612995611,1.737326006,-78.59344073,54.13986492,3.864870862,143.905245,8.395215778,1.776760343,8.170398217,410.578419,407.253097,0.000191922,66.83704872,1.782164189,17.24066703,17.94048901,-2.92E-08,86.59541668,0,0,1,0,53224.38581,-,-,0,0,#DIV/0!,0,-,-,0,0,#DIV/0!,0.5,838.434915,8.170398217,#DIV/0!,0.009744821,#DIV/0!,#DIV/0!,-,0,#DIV/0!,#DIV/0!,#DIV/0!,#DIV/0!,#DIV/0!,#DIV/0!,#DIV/0!,#DIV/0!,994.585,838.434915,0.842999759,0.165389534,2,0.5,0: Broadleaf,2,TRUE,1652233285,399.94,403.581,17.9402,17.2425,395.321,17.7252,500.182,100.56,0.0997991,27.1603,26.8281,999.9,0,0,10015.6,0,3.44716,994.585,0.900008,0.0999924,0,1.7033,0,5118.01,9604.58,40.75,43.562,42.25,42.375,40.812,895.13,99.45,0,1652233285,0,1.709864,-0.259869222,-133.9392307,5141.18,15,1652233242,9:40:42,1652233241,1652233242,1,-0.285,-0.028,4.62,0.189,403,17,0.4,0.09,-3.57474122,0.257885436,0.063962698,1,1.739424242,-0.548853461,0.213031511,1,0.703726049,-0.03975347,0.004161092,1,3,3,3月3日,100,100,4.619,0.215,4.445291379,0.000676004,-7.65E-07,4.25E-10,0.065174227,-0.023951514,0.002092542,-1.49E-05,2,2268,1,30,0.7,0.7,18,504.376,457.017,25.0002,28.1323,30.0004,28.1057,27.9835,19.2965,23.8901,68.9329,25,403.583,17.2036,87.6464,101.337
8,1652233287,62.5,20220511 09:41:26,9:41:26,0,1652233287,0.001779114,1.779113885,8.286601013,399.94,258.8970537,26.06058053,40.2579652,0.102272347,3.01851719,0.100385578,0.062907606,164.312542,27.65171467,26.8247,3.542474547,49.9858424,1.805890945,3.612804863,1.736583602,-78.45892235,54.4671698,3.893872581,144.2146621,8.477170275,1.774708569,8.286601013,410.6356178,407.2616121,0.000356936,66.83704872,1.779113885,17.24171876,17.94044835,8.47E-08,86.59541668,0,0,1,0,53087.69194,-,-,0,0,#DIV/0!,0,-,-,0,0,#DIV/0!,0.5,837.507885,8.286601013,#DIV/0!,0.009894356,#DIV/0!,#DIV/0!,-,0,#DIV/0!,#DIV/0!,#DIV/0!,#DIV/0!,#DIV/0!,#DIV/0!,#DIV/0!,#DIV/0!,993.485,837.507885,0.84300003,0.165390058,2,0.5,0: Broadleaf,2,TRUE,1652233287,399.94,403.614,17.9405,17.2435,395.32,17.7255,500.106,100.56,0.100012,27.1594,26.8247,999.9,0,0,9988.75,0,3.44716,993.485,0.900003,0.0999972,0,1.6097,0,5111.33,9593.96,40.75,43.562,42.25,42.437,40.812,894.14,99.35,0,1652233287,0,1.691276923,0.099336758,-171.3158972,5137.133462,15,1652233242,9:40:42,1652233241,1652233242,1,-0.285,-0.028,4.62,0.189,403,17,0.4,0.09,-3.565959024,-0.143000697,0.04486013,1,1.724045455,-0.515191981,0.201642733,1,0.702732537,-0.041716244,0.00424019,1,3,3,3月3日,100,100,4.62,0.215,4.445291379,0.000676004,-7.65E-07,4.25E-10,0.065174227,-0.023951514,0.002092542,-1.49E-05,2,2268,1,30,0.8,0.7,18,504.427,457.021,25.0002,28.1335,30.0002,28.1063,27.9841,19.2984,23.8901,68.9329,25,403.737,17.2036,87.646,101.337
9,1652233289,64.5,20220511 09:41:28,9:41:28,0,1652233289,0.00177697,1.776969721,8.43016799,399.966,256.5553759,25.82486077,40.26057232,0.102177447,3.020577706,0.100295403,0.062850834,163.902069,27.64929094,26.8223,3.541974584,49.98754551,1.805920693,3.612741283,1.736053891,-78.36436471,54.84632576,3.918250927,144.302281,8.402284247,1.772537448,8.43016799,410.6959234,407.2638909,0.00023435,66.83704872,1.776969721,17.24242047,17.94036044,1.74E-07,86.59541668,0,0,1,0,53151.21559,-,-,0,0,#DIV/0!,0,-,-,0,0,#DIV/0!,0.5,835.4133,8.43016799,#DIV/0!,0.010091015,#DIV/0!,#DIV/0!,-,0,#DIV/0!,#DIV/0!,#DIV/0!,#DIV/0!,#DIV/0!,#DIV/0!,#DIV/0!,#DIV/0!,991,835.4133,0.843000303,0.165390584,2,0.5,0: Broadleaf,2,TRUE,1652233289,399.966,403.61,17.9408,17.2446,395.347,17.7258,500.068,100.56,0.0999869,27.1591,26.8223,999.9,0,0,10001.2,0,3.44716,991,0.899992,0.100008,0,1.4988,0,5097.39,9569.92,40.75,43.562,42.25,42.375,40.812,891.89,99.11,0,1652233289,0,1.671532,-0.174692298,-230.782308,5130.7544,15,1652233242,9:40:42,1652233241,1652233242,1,-0.285,-0.028,4.62,0.189,403,17,0.4,0.09,-3.569836829,-0.426553171,0.051302827,1,1.711928571,-0.408321722,0.19127032,1,0.701449659,-0.03680007,0.003781104,1,3,3,3月3日,100,100,4.619,0.215,4.445291379,0.000676004,-7.65E-07,4.25E-10,0.065174227,-0.023951514,0.002092542,-1.49E-05,2,2268,1,30,0.8,0.8,18,504.483,456.98,25.0002,28.1348,30.0001,28.1075,27.9853,19.2966,23.8901,68.9329,25,403.535,17.2036,87.6457,101.337
10,1652233291,66.5,20220511 09:41:30,9:41:30,0,1652233291,0.001776821,1.776820919,8.438104636,399.99,256.5390851,25.82376381,40.26383458,0.102239176,3.020610606,0.1003549,0.062888215,163.5817748,27.64608853,26.8174,3.540954017,49.99465259,1.806029121,3.612444587,1.734924896,-78.35780252,55.41688821,3.958844409,144.5997049,8.287347768,1.77254687,8.438104636,410.706353,407.2723152,0.000192526,66.83704872,1.776820919,17.24340443,17.94108352,-8.02E-08,86.59541668,0,0,1,0,53152.52061,-,-,0,0,#DIV/0!,0,-,-,0,0,#DIV/0!,0.5,833.779686,8.438104636,#DIV/0!,0.010120305,#DIV/0!,#DIV/0!,-,0,#DIV/0!,#DIV/0!,#DIV/0!,#DIV/0!,#DIV/0!,#DIV/0!,#DIV/0!,#DIV/0!,989.062,833.779686,0.843000425,0.16539082,2,0.5,0: Broadleaf,2,TRUE,1652233291,399.99,403.587,17.9415,17.2455,395.37,17.7264,500.214,100.562,0.100103,27.1577,26.8174,999.9,0,0,10001.2,0,3.44716,989.062,0.899982,0.100018,0,2.0089,0,5085.97,9551.19,40.75,43.562,42.25,42.375,40.812,890.14,98.92,0,1652233291,0,1.689644,-0.101015376,-267.4353846,5121.5152,15,1652233242,9:40:42,1652233241,1652233242,1,-0.285,-0.028,4.62,0.189,403,17,0.4,0.09,-3.58147,-0.484657631,0.054116773,1,1.690360606,-0.386000338,0.185008334,1,0.700192439,-0.030363721,0.003093107,1,3,3,3月3日,100,100,4.62,0.2151,4.445291379,0.000676004,-7.65E-07,4.25E-10,0.065174227,-0.023951514,0.002092542,-1.49E-05,2,2268,1,30,0.8,0.8,18,504.538,456.939,25.0003,28.1354,30.0002,28.1084,27.9865,19.2968,23.8901,68.9329,25,403.504,17.2036,87.6462,101.337
11,1652233293,68.5,20220511 09:41:32,9:41:32,0,1652233293,0.001779708,1.779708168,8.276839002,399.997,259.5825973,26.13014417,40.26456081,0.102632975,3.018136034,0.100732775,0.063125779,163.4364712,27.6425994,26.8006,3.53745688,50.00616325,1.806201215,3.611957203,1.731255665,-78.4851302,57.73083844,4.127134573,146.809314,8.234400098,1.772461348,8.276839002,410.6786125,407.3079455,0.000576242,66.83704872,1.779708168,17.2441002,17.94294725,-1.77E-07,86.59541668,0,0,1,0,53076.70698,-,-,0,0,#DIV/0!,0,-,-,0,0,#DIV/0!,0.5,833.042514,8.276839002,#DIV/0!,0.009935674,#DIV/0!,#DIV/0!,-,0,#DIV/0!,#DIV/0!,#DIV/0!,#DIV/0!,#DIV/0!,#DIV/0!,#DIV/0!,#DIV/0!,988.188,833.042514,0.84300003,0.165390059,2,0.5,0: Broadleaf,2,TRUE,1652233293,399.997,403.573,17.9432,17.2472,395.378,17.7281,500.189,100.562,0.100157,27.1554,26.8006,999.9,0,0,9986.25,0,3.44716,988.188,0.900003,0.0999965,0,1.718,0,5081.44,9542.8,40.75,43.562,42.25,42.375,40.812,889.37,98.82,0,1652233293,0,1.678538462,-0.033511108,-274.2899141,5115.098462,15,1652233242,9:40:42,1652233241,1652233242,1,-0.285,-0.028,4.62,0.189,403,17,0.4,0.09,-3.592257805,-0.365513937,0.047067418,1,1.691366667,0.000103707,0.171715831,1,0.699167146,-0.025443972,0.002563798,1,3,3,3月3日,100,100,4.619,0.2151,4.445291379,0.000676004,-7.65E-07,4.25E-10,0.065174227,-0.023951514,0.002092542,-1.49E-05,2,2268,1,30,0.9,0.8,18,504.638,456.982,25.0003,28.1365,30.0003,28.1093,27.9877,19.2969,23.8901,68.9329,25,403.519,17.2036,87.6464,101.337
12,1652233295,70.5,20220511 09:41:34,9:41:34,0,1652233295,0.001776239,1.776238551,8.209251425,400.008,260.5656638,26.228774,40.26516493,0.102554436,3.021222578,0.100659014,0.063079262,163.1172768,27.64148263,26.7901,3.535272701,50.00326489,1.806128314,3.612020772,1.729144387,-78.33212009,59.54898344,4.252546435,148.5866866,8.172175021,1.767271976,8.209251425,410.6605611,407.3181515,0.000311536,66.83704872,1.776238551,17.24510927,17.94272747,4.91E-07,86.59541668,0,0,1,0,53171.71458,-,-,0,0,#DIV/0!,0,-,-,0,0,#DIV/0!,0.5,831.414771,8.209251425,#DIV/0!,0.009873834,#DIV/0!,#DIV/0!,-,0,#DIV/0!,#DIV/0!,#DIV/0!,#DIV/0!,#DIV/0!,#DIV/0!,#DIV/0!,#DIV/0!,986.257,831.414771,0.843000122,0.165390235,2,0.5,0: Broadleaf,2,TRUE,1652233295,400.008,403.559,17.9427,17.2486,395.388,17.7276,500.09,100.561,0.0998991,27.1557,26.7901,999.9,0,0,10005,0,3.44716,986.257,0.899995,0.100005,0,1.8392,0,5070.44,9524.13,40.75,43.562,42.25,42.375,40.812,887.63,98.63,0,1652233295,0,1.666916,0.397330769,-283.8169235,5105.2888,15,1652233242,9:40:42,1652233241,1652233242,1,-0.285,-0.028,4.62,0.189,403,17,0.4,0.09,-3.595523171,-0.190301394,0.043214787,1,1.6817,-0.168866536,0.173681393,1,0.69831478,-0.022273693,0.002236299,1,3,3,3月3日,100,100,4.62,0.2151,4.445291379,0.000676004,-7.65E-07,4.25E-10,0.065174227,-0.023951514,0.002092542,-1.49E-05,2,2268,1,30,0.9,0.9,18,504.539,457.025,25.0001,28.1374,30.0003,28.1105,27.9887,19.2958,23.8901,68.9329,25,403.501,17.2036,87.6469,101.337
13,1652233297,72.5,20220511 09:41:36,9:41:36,0,1652233297,0.001769332,1.769332139,8.168534535,400.007,260.5398705,26.22644149,40.26546939,0.102025736,3.022379525,0.100150318,0.062759576,162.8398267,27.64346379,26.7994,3.5372072,49.99483633,1.806035759,3.612444587,1.731171442,-78.02754734,58.3823067,4.167870523,147.3624565,8.16217878,1.765044987,8.168534535,410.6347988,407.3116848,-8.25E-05,66.83704872,1.769332139,17.2471072,17.94188681,5.25E-07,86.59541668,0,0,1,0,53207.05254,-,-,0,0,#DIV/0!,0,-,-,0,0,#DIV/0!,0.5,830.004042,8.168534535,#DIV/0!,0.00984156,#DIV/0!,#DIV/0!,-,0,#DIV/0!,#DIV/0!,#DIV/0!,#DIV/0!,#DIV/0!,#DIV/0!,#DIV/0!,#DIV/0!,984.584,830.004042,0.842999726,0.165389471,2,0.5,0: Broadleaf,2,TRUE,1652233297,400.007,403.553,17.9416,17.2485,395.388,17.7266,500.181,100.562,0.0999119,27.1577,26.7994,999.9,0,0,10011.9,0,3.46494,984.584,0.900012,0.0999884,0,1.5128,0,5060.63,9508.02,40.75,43.562,42.25,42.375,40.812,886.14,98.45,0,1652233297,0,1.713256,0.184269232,-283.4269231,5094.3852,15,1652233242,9:40:42,1652233241,1652233242,1,-0.285,-0.028,4.62,0.189,403,17,0.4,0.09,-3.594437317,-0.038727178,0.044064025,1,1.701287879,0.187509254,0.202278594,1,0.697513634,-0.021292516,0.002131039,1,3,3,3月3日,100,100,4.619,0.215,4.445291379,0.000676004,-7.65E-07,4.25E-10,0.065174227,-0.023951514,0.002092542,-1.49E-05,2,2268,1,30,0.9,0.9,18,504.467,457.047,25.0002,28.1383,30.0002,28.1111,27.9895,19.2962,23.8901,68.9329,25,403.495,17.2036,87.6477,101.337
14,1652233299,74.5,20220511 09:41:38,9:41:38,0,1652233299,0.001768661,1.768661381,8.212941858,399.993,259.5600703,26.12784721,40.26411297,0.101824317,3.018445756,0.099953836,0.062636341,162.6561942,27.6454704,26.8134,3.540121092,49.99345055,1.806229387,3.612932027,1.733891706,-77.99796689,56.40237314,4.032100573,145.092701,8.254756896,1.768111501,8.212941858,410.6360732,407.2956667,-0.000313813,66.83704872,1.768661381,17.24837593,17.94299451,-3.24E-07,86.59541668,0,0,1,0,53085.42923,-,-,0,0,#DIV/0!,0,-,-,0,0,#DIV/0!,0.5,829.067529,8.212941858,#DIV/0!,0.00990624,#DIV/0!,#DIV/0!,-,0,#DIV/0!,#DIV/0!,#DIV/0!,#DIV/0!,#DIV/0!,#DIV/0!,#DIV/0!,#DIV/0!,983.473,829.067529,0.842999786,0.165389588,2,0.5,0: Broadleaf,2,TRUE,1652233299,399.993,403.577,17.9435,17.2491,395.373,17.7283,500.111,100.562,0.100044,27.16,26.8134,999.9,0,0,9988.12,0,3.4923,983.473,0.900007,0.0999933,0,1.8872,0,5053.78,9497.28,40.75,43.562,42.25,42.375,40.812,885.13,98.34,0,1652233299,0,1.719219231,0.667182905,-285.8136748,5087.356538,15,1652233242,9:40:42,1652233241,1652233242,1,-0.285,-0.028,4.62,0.189,403,17,0.4,0.09,-3.592308293,0.056702509,0.045517178,1,1.686872727,0.316588176,0.202878603,1,0.69680822,-0.020651937,0.002076406,1,3,3,3月3日,100,100,4.62,0.2152,4.445291379,0.000676004,-7.65E-07,4.25E-10,0.065174227,-0.023951514,0.002092542,-1.49E-05,2,2268,1,30,1,0.9,18,504.523,456.956,25.0002,28.1395,30.0003,28.1123,27.9907,19.295,23.8901,68.9329,25,403.496,17.2036,87.6481,101.337
15,1652233301,76.5,20220511 09:41:40,9:41:40,0,1652233301,0.001771031,1.771030925,8.24948324,399.968,259.0371046,26.07518362,40.2615643,0.101889992,3.019377902,0.100017689,0.062676409,162.2482765,27.64209305,26.8195,3.541391372,49.99624084,1.806298409,3.612868445,1.735092963,-78.10246378,55.37799463,3.957762205,143.4815695,8.319696049,1.766153795,8.24948324,410.6515654,407.2947939,-9.93E-05,66.83704872,1.771030925,17.24852871,17.94414505,-9.95E-08,86.59541668,0,0,1,0,53114.18815,-,-,0,0,#DIV/0!,0,-,-,0,0,#DIV/0!,0.5,826.984113,8.24948324,#DIV/0!,0.009975383,#DIV/0!,#DIV/0!,-,0,#DIV/0!,#DIV/0!,#DIV/0!,#DIV/0!,#DIV/0!,#DIV/0!,#DIV/0!,#DIV/0!,981.001,826.984113,0.843000275,0.165390531,2,0.5,0: Broadleaf,2,TRUE,1652233301,399.968,403.578,17.9442,17.2505,395.349,17.729,500.061,100.562,0.0999637,27.1597,26.8195,999.9,0,0,9993.75,0,3.50188,981.001,0.899995,0.100005,0,2.072,0,5040.13,9473.38,40.75,43.562,42.25,42.375,40.812,882.9,98.11,0,1652233301,0,1.741416,1.004130768,-286.0884619,5076.9168,15,1652233242,9:40:42,1652233241,1652233242,1,-0.285,-0.028,4.62,0.189,403,17,0.4,0.09,-3.593512195,0.099119373,0.045211525,1,1.704265714,0.58105362,0.206271664,1,0.696200171,-0.018334181,0.001867849,1,3,3,3月3日,100,100,4.619,0.2152,4.445291379,0.000676004,-7.65E-07,4.25E-10,0.065174227,-0.023951514,0.002092542,-1.49E-05,2,2268,1,30,1,1,18,504.579,456.932,25.0002,28.1407,30.0003,28.1135,27.9919,19.298,23.8901,68.9329,25,403.661,17.2036,87.6482,101.337
16,1652233303,78.5,20220511 09:41:42,9:41:42,0,1652233303,0.001769762,1.769761626,8.346552557,399.952,257.4150224,25.91192591,40.25999142,0.101826702,3.019377902,0.099956701,0.06263809,161.8842035,27.63862733,26.8183,3.541141449,49.99932336,1.806229638,3.612508163,1.734911811,-78.04648772,55.29660428,3.951888079,143.0862082,8.381168042,1.763668524,8.346552557,410.662232,407.2682727,-0.000325706,66.83704872,1.769761626,17.24884004,17.94372857,5.38E-07,86.59541668,0,0,1,0,53114.48897,-,-,0,0,#DIV/0!,0,-,-,0,0,#DIV/0!,0.5,825.127887,8.346552557,#DIV/0!,0.010115465,#DIV/0!,#DIV/0!,-,0,#DIV/0!,#DIV/0!,#DIV/0!,#DIV/0!,#DIV/0!,#DIV/0!,#DIV/0!,#DIV/0!,978.799,825.127887,0.843000337,0.165390651,2,0.5,0: Broadleaf,2,TRUE,1652233303,399.952,403.585,17.9435,17.251,395.332,17.7284,500.223,100.562,0.100058,27.158,26.8183,999.9,0,0,9993.75,0,3.50188,978.799,0.899985,0.100015,0,1.9063,0,5027.14,9452.09,40.75,43.562,42.25,42.437,40.812,880.9,97.89,0,1652233303,0,1.775544,1.204553845,-289.6707692,5065.3924,15,1652233242,9:40:42,1652233241,1652233242,1,-0.285,-0.028,4.62,0.189,403,17,0.4,0.09,-3.599539756,0.150482509,0.043091359,1,1.757775758,0.757919463,0.211148235,1,0.695612488,-0.017047254,0.001740571,1,3,3,3月3日,100,100,4.62,0.2151,4.445291379,0.000676004,-7.65E-07,4.25E-10,0.065174227,-0.023951514,0.002092542,-1.49E-05,2,2268,1,30,1,1,18,504.558,456.975,25.0002,28.1419,30.0002,28.1147,27.993,19.2976,23.8901,68.9329,25,403.627,17.2036,87.648,101.336
17,1652233305,80.5,20220511 09:41:44,9:41:44,0,1652233305,0.001765628,1.765627804,8.340343282,399.976,257.3918802,25.90984862,40.26279929,0.101705391,3.018359523,0.099839182,0.062564308,161.7870035,27.64006642,26.8093,3.539267521,49.99997142,1.806337819,3.612677703,1.732929702,-77.86418614,56.87266661,4.065729407,144.8612134,8.326731031,1.764102619,8.340343282,410.6730631,407.2788667,6.89E-05,66.83704872,1.765627804,17.25043588,17.94383407,1.69E-07,86.59541668,0,0,1,0,53083.00781,-,-,0,0,#DIV/0!,0,-,-,0,0,#DIV/0!,0.5,824.638287,8.340343282,#DIV/0!,0.010113941,#DIV/0!,#DIV/0!,-,0,#DIV/0!,#DIV/0!,#DIV/0!,#DIV/0!,#DIV/0!,#DIV/0!,#DIV/0!,#DIV/0!,978.219,824.638287,0.842999663,0.165389349,2,0.5,0: Broadleaf,2,TRUE,1652233305,399.976,403.588,17.9444,17.2516,395.357,17.7292,500.129,100.563,0.100038,27.1588,26.8093,999.9,0,0,9987.5,0,3.50188,978.219,0.900007,0.0999926,0,1.8644,0,5023.93,9446.54,40.75,43.562,42.25,42.375,40.812,880.4,97.81,0,1652233305,0,1.796603846,0.609835894,-290.327521,5058.379231,15,1652233242,9:40:42,1652233241,1652233242,1,-0.285,-0.028,4.62,0.189,403,17,0.4,0.09,-3.604410488,0.167339164,0.042628358,1,1.754375758,0.860430119,0.205291674,1,0.695057537,-0.016024453,0.00164208,1,3,3,3月3日,100,100,4.619,0.2152,4.445291379,0.000676004,-7.65E-07,4.25E-10,0.065174227,-0.023951514,0.002092542,-1.49E-05,2,2268,1,30,1.1,1,18,504.597,456.946,25.0002,28.1425,30.0001,28.1156,27.9936,19.2979,23.8901,68.9329,25,403.587,17.2036,87.6476,101.336
18,1652233307,82.5,20220511 09:41:46,9:41:46,0,1652233307,0.001768616,1.768615539,8.222414757,400.014,259.6907328,26.14120799,40.26654728,0.102016658,3.021057054,0.100140766,0.062753647,161.4695954,27.63539227,26.799,3.537123977,50.00876349,1.806475284,3.612317438,1.730648693,-77.99594528,58.32418672,4.165523222,145.9633601,8.173146782,1.763617732,8.222414757,410.6728631,407.3231152,0.00064321,66.83704872,1.768615539,17.25117361,17.94583846,-2.70E-07,86.59541668,0,0,1,0,53166.40789,-,-,0,0,#DIV/0!,0,-,-,0,0,#DIV/0!,0.5,823.017528,8.222414757,#DIV/0!,0.009990571,#DIV/0!,#DIV/0!,-,0,#DIV/0!,#DIV/0!,#DIV/0!,#DIV/0!,#DIV/0!,#DIV/0!,#DIV/0!,#DIV/0!,976.296,823.017528,0.843,0.16539,2,0.5,0: Broadleaf,2,TRUE,1652233307,400.014,403.565,17.9458,17.2531,395.395,17.7305,500.063,100.563,0.099845,27.1571,26.799,999.9,0,0,10003.8,0,3.50188,976.296,0.899999,0.100001,0,2.0118,0,5013.16,9427.95,40.75,43.562,42.25,42.375,40.812,878.67,97.63,0,1652233307,0,1.804972,0.895730768,-296.7484619,5048.0412,15,1652233242,9:40:42,1652233241,1652233242,1,-0.285,-0.028,4.62,0.189,403,17,0.4,0.09,-3.602952439,0.137537561,0.041603443,1,1.75954,0.751070841,0.203316432,1,0.694589171,-0.014029714,0.001467817,1,3,3,3月3日,100,100,4.619,0.2153,4.445291379,0.000676004,-7.65E-07,4.25E-10,0.065174227,-0.023951514,0.002092542,-1.49E-05,2,2268,1,30,1.1,1.1,18,504.573,456.905,25.0002,28.1437,30.0002,28.1165,27.9948,19.297,23.8901,68.9329,25,403.573,17.2036,87.6476,101.336
19,1652233309,84.5,20220511 09:41:48,9:41:48,0,1652233309,0.001771328,1.771327608,8.21389966,400.016,259.9101977,26.16331611,40.26677349,0.102090131,3.020842069,0.100211431,0.062798059,161.1504839,27.63181045,26.8064,3.538663884,50.01536578,1.806597196,3.612084341,1.732066689,-78.1155475,56.93572931,4.066776795,144.0374425,8.235221359,1.764340092,8.21389966,410.6593889,407.3166242,0.000152939,66.83704872,1.771327608,17.25111706,17.94665934,2.49E-07,86.59541668,0,0,1,0,53159.9766,-,-,0,0,#DIV/0!,0,-,-,0,0,#DIV/0!,0.5,821.387556,8.21389966,#DIV/0!,0.010000029,#DIV/0!,#DIV/0!,-,0,#DIV/0!,#DIV/0!,#DIV/0!,#DIV/0!,#DIV/0!,#DIV/0!,#DIV/0!,#DIV/0!,974.362,821.387556,0.8430004,0.165390772,2,0.5,0: Broadleaf,2,TRUE,1652233309,400.016,403.591,17.947,17.2542,395.397,17.7317,500.195,100.563,0.0999072,27.156,26.8064,999.9,0,0,10002.5,0,3.50188,974.362,0.89999,0.10001,0,1.7487,0,5002.42,9409.25,40.75,43.562,42.25,42.375,40.812,876.92,97.45,0,1652233309,0,1.805052,-0.686776919,-290.8807693,5036.6956,15,1652233242,9:40:42,1652233241,1652233242,1,-0.285,-0.028,4.62,0.189,403,17,0.4,0.09,-3.593192683,0.081704111,0.037538618,1,1.776333333,0.520344714,0.204444976,1,0.694156537,-0.012544934,0.001336473,1,3,3,3月3日,100,100,4.619,0.2153,4.445291379,0.000676004,-7.65E-07,4.25E-10,0.065174227,-0.023951514,0.002092542,-1.49E-05,2,2268,1,30,1.1,1.1,18,504.599,456.947,25.0002,28.1446,30.0002,28.1177,27.9958,19.2965,23.8901,68.9329,25,403.594,17.2036,87.6474,101.335
20,1652233311,86.5,20220511 09:41:50,9:41:50,0,1652233311,0.001768292,1.768292004,8.284465501,399.985,258.4803731,26.01937199,40.26363154,0.101860578,3.022908127,0.099991488,0.062659753,160.9620878,27.63409378,26.8107,3.539558964,50.00878155,1.806666699,3.612698896,1.732892265,-77.98167739,56.74651019,4.050636893,143.7775575,8.226025869,1.764243236,8.284465501,410.6690033,407.2990364,-0.000252899,66.83704872,1.768292004,17.25266114,17.94714835,4.75E-07,86.59541668,0,0,1,0,53223.1648,-,-,0,0,#DIV/0!,0,-,-,0,0,#DIV/0!,0.5,820.434186,8.284465501,#DIV/0!,0.01009766,#DIV/0!,#DIV/0!,-,0,#DIV/0!,#DIV/0!,#DIV/0!,#DIV/0!,#DIV/0!,#DIV/0!,#DIV/0!,#DIV/0!,973.232,820.434186,0.842999599,0.165389227,2,0.5,0: Broadleaf,2,TRUE,1652233311,399.985,403.557,17.9477,17.2548,395.366,17.7324,500.095,100.563,0.0998537,27.1589,26.8107,999.9,0,0,10015,0,3.50188,973.232,0.900009,0.0999906,0,1.9205,0,4996.13,9398.39,40.75,43.562,42.25,42.437,40.812,875.92,97.31,0,1652233311,0,1.805073077,-0.945254696,-288.8717945,5029.604615,15,1652233242,9:40:42,1652233241,1652233242,1,-0.285,-0.028,4.62,0.189,403,17,0.4,0.09,-3.584823415,-0.019431429,0.030202374,1,1.782772727,0.058775387,0.205765661,1,0.693793634,-0.010605575,0.001171566,1,3,3,3月3日,100,100,4.619,0.2153,4.445291379,0.000676004,-7.65E-07,4.25E-10,0.065174227,-0.023951514,0.002092542,-1.49E-05,2,2268,1,30,1.2,1.1,18,504.701,456.936,25.0002,28.1455,30.0002,28.1189,27.9966,19.2994,23.8901,68.9329,25,403.629,17.2036,87.647,101.335
21,1652233313,88.5,20220511 09:41:52,9:41:52,0,1652233313,0.001765874,1.76587354,8.27564131,399.959,258.4308247,26.01469966,40.26150237,0.101731533,3.020643506,0.099865758,0.062580881,160.594517,27.6343306,26.8099,3.539392423,50.00472358,1.806668468,3.612995611,1.732723955,-77.87502311,57.06226601,4.076241906,143.8580018,8.245003833,1.760402497,8.27564131,410.6534153,407.2870727,-0.000267423,66.83704872,1.76587354,17.25419661,17.94774286,3.36E-07,86.59541668,0,0,1,0,53153.1173,-,-,0,0,#DIV/0!,0,-,-,0,0,#DIV/0!,0.5,818.557215,8.27564131,#DIV/0!,0.010110034,#DIV/0!,#DIV/0!,-,0,#DIV/0!,#DIV/0!,#DIV/0!,#DIV/0!,#DIV/0!,#DIV/0!,#DIV/0!,#DIV/0!,971.005,818.557215,0.843,0.16539,2,0.5,0: Broadleaf,2,TRUE,1652233313,399.959,403.538,17.9475,17.2561,395.34,17.7323,500.089,100.564,0.100074,27.1603,26.8099,999.9,0,0,10001.2,0,3.50188,971.005,0.899999,0.100001,0,1.6449,0,4983.57,9376.85,40.75,43.562,42.25,42.437,40.812,873.9,97.1,0,1652233313,0,1.789612,-1.175053842,-284.2492312,5019.3136,15,1652233242,9:40:42,1652233241,1652233242,1,-0.285,-0.028,4.62,0.189,403,17,0.4,0.09,-3.580364634,-0.06557122,0.027485651,1,1.7707,-0.047222701,0.208103432,1,0.693460561,-0.008245631,0.000958317,1,3,3,3月3日,100,100,4.619,0.2152,4.445291379,0.000676004,-7.65E-07,4.25E-10,0.065174227,-0.023951514,0.002092542,-1.49E-05,2,2268,1,30,1.2,1.2,18,504.696,456.878,25.0001,28.1467,30.0002,28.1201,27.9978,19.3009,23.8901,68.9329,25,403.718,17.2036,87.6472,101.335
22,1652233315,90.5,20220511 09:41:54,9:41:54,0,1652233315,0.001767062,1.767062294,8.241432677,399.986,259.0871745,26.08055417,40.26388631,0.101805668,3.017324074,0.099935185,0.062624684,160.2337684,27.63184728,26.8101,3.539434057,50.00913371,1.806764212,3.612868445,1.732669846,-77.92744714,56.86942342,4.066927277,143.2426719,8.315549027,1.760228241,8.241432677,410.6306467,407.2784727,-0.000106322,66.83704872,1.767062294,17.25450641,17.94828901,1.15E-07,86.59541668,0,0,1,0,53050.97515,-,-,0,0,#DIV/0!,0,-,-,0,0,#DIV/0!,0.5,816.716343,8.241432677,#DIV/0!,0.010090936,#DIV/0!,#DIV/0!,-,0,#DIV/0!,#DIV/0!,#DIV/0!,#DIV/0!,#DIV/0!,#DIV/0!,#DIV/0!,#DIV/0!,968.821,816.716343,0.843000248,0.165390478,2,0.5,0: Broadleaf,2,TRUE,1652233315,399.986,403.592,17.9486,17.2575,395.367,17.7333,500.256,100.563,0.100239,27.1597,26.8101,999.9,0,0,9981.25,0,3.50188,968.821,0.899988,0.100012,0,1.8988,0,4971.06,9355.74,40.75,43.562,42.25,42.437,40.812,871.93,96.89,0,1652233315,0,1.772272,-0.92938461,-280.5823077,5007.9008,15,1652233242,9:40:42,1652233241,1652233242,1,-0.285,-0.028,4.62,0.189,403,17,0.4,0.09,-3.580914146,-0.066298746,0.02693044,1,1.776963636,-0.707056114,0.208333977,1,0.69303261,-0.00787892,0.000902541,1,3,3,3月3日,100,100,4.619,0.2153,4.445291379,0.000676004,-7.65E-07,4.25E-10,0.065174227,-0.023951514,0.002092542,-1.49E-05,2,2268,1,30,1.2,1.2,18,504.67,456.938,25.0001,28.1473,30.0002,28.1207,27.999,19.2982,23.8901,68.9329,25,403.529,17.2036,87.6471,101.335
23,1652233317,92.5,20220511 09:41:56,9:41:56,0,1652233317,0.001767824,1.767823596,8.232455531,399.996,259.3297398,26.10516296,40.26518814,0.101874484,3.02168524,0.100004146,0.062667773,160.0943033,27.62852056,26.8088,3.539163439,50.0186677,1.806928454,3.612508163,1.732234986,-77.96102058,56.88645905,4.062213102,143.0819549,8.320956874,1.761725006,8.232455531,410.6615508,407.3100727,0.000340417,66.83704872,1.767823596,17.255923,17.95011868,-1.27E-07,86.59541668,0,0,1,0,53185.63485,-,-,0,0,#DIV/0!,0,-,-,0,0,#DIV/0!,0.5,816.004158,8.232455531,#DIV/0!,0.010088742,#DIV/0!,#DIV/0!,-,0,#DIV/0!,#DIV/0!,#DIV/0!,#DIV/0!,#DIV/0!,#DIV/0!,#DIV/0!,#DIV/0!,967.976,816.004158,0.843000403,0.165390778,2,0.5,0: Broadleaf,2,TRUE,1652233317,399.996,403.605,17.9501,17.2583,395.376,17.7347,500.174,100.564,0.099977,27.158,26.8088,999.9,0,0,10007.5,0,3.50188,967.976,0.899986,0.100014,0,1.7947,0,4966.27,9347.57,40.75,43.562,42.25,42.437,40.812,871.16,96.81,0,1652233317,0,1.737957692,-0.548482051,-280.3329911,5000.928462,15,1652233242,9:40:42,1652233241,1652233242,1,-0.285,-0.028,4.62,0.189,403,17,0.4,0.09,-3.586916341,-0.022561254,0.02405535,1,1.772733333,-0.375233677,0.185629949,1,0.692751878,-0.008371275,0.000951457,1,3,3,3月3日,100,100,4.62,0.2154,4.445291379,0.000676004,-7.65E-07,4.25E-10,0.065174227,-0.023951514,0.002092542,-1.49E-05,2,2268,1,30,1.3,1.2,18,504.649,456.88,25.0003,28.1485,30.0003,28.1219,28.0002,19.2995,23.8901,68.9329,25,403.686,17.2036,87.6469,101.335
24,1652233319,94.5,20220511 09:41:58,9:41:58,0,1652233319,0.001764614,1.764614049,8.248798407,400.003,258.9431795,26.06623738,40.26587287,0.101760307,3.022511564,0.099894618,0.062598912,159.8102209,27.62608461,26.8027,3.537893858,50.02220853,1.80689736,3.612190293,1.730996497,-77.81947957,57.65158386,4.115568133,143.7578934,8.314947581,1.759028017,8.248798407,410.6858704,407.3272909,0.000280509,66.83704872,1.764614049,17.2573981,17.95048791,5.38E-07,86.59541668,0,0,1,0,53211.38089,-,-,0,0,#DIV/0!,0,-,-,0,0,#DIV/0!,0.5,814.561215,8.248798407,#DIV/0!,0.010126677,#DIV/0!,#DIV/0!,-,0,#DIV/0!,#DIV/0!,#DIV/0!,#DIV/0!,#DIV/0!,#DIV/0!,#DIV/0!,#DIV/0!,966.265,814.561215,0.842999814,0.16538964,2,0.5,0: Broadleaf,2,TRUE,1652233319,400.003,403.61,17.9498,17.2589,395.383,17.7344,500.059,100.564,0.0999272,27.1565,26.8027,999.9,0,0,10012.5,0,3.50188,966.265,0.900003,0.0999973,0,2.0069,0,4956.76,9331.1,40.75,43.562,42.312,42.437,40.812,869.64,96.62,0,1652233319,0,1.734936,0.160707691,-283.6746158,4991.002,15,1652233242,9:40:42,1652233241,1652233242,1,-0.285,-0.028,4.62,0.189,403,17,0.4,0.09,-3.591922927,0.029361742,0.020884315,1,1.767082857,-0.537066928,0.190995704,1,0.692570659,-0.007841268,0.000913477,1,3,3,3月3日,100,100,4.62,0.2154,4.445291379,0.000676004,-7.65E-07,4.25E-10,0.065174227,-0.023951514,0.002092542,-1.49E-05,2,2268,1,30,1.3,1.3,18,504.641,456.801,25.0003,28.1494,30.0004,28.1228,28.0007,19.2971,23.8901,68.9329,25,403.576,17.2036,87.6469,101.335
25,1652233321,96.5,20220511 09:42:00,9:42:00,0,1652233321,0.001763491,1.763490513,8.315724926,400.037,257.920713,25.96309698,40.26896213,0.101756657,3.019601242,0.099889338,0.062595753,159.4786387,27.62439038,26.7986,3.537040755,50.02827807,1.807063598,3.612084341,1.729977157,-77.76993164,58.18212605,4.157349431,144.0481825,8.159280811,1.760273648,8.315724926,410.6946467,407.3115152,-4.84E-05,66.83704872,1.763490513,17.2582645,17.95072527,4.29E-07,86.59541668,0,0,1,0,53121.74398,-,-,0,0,#DIV/0!,0,-,-,0,0,#DIV/0!,0.5,812.874042,8.315724926,#DIV/0!,0.010230029,#DIV/0!,#DIV/0!,-,0,#DIV/0!,#DIV/0!,#DIV/0!,#DIV/0!,#DIV/0!,#DIV/0!,#DIV/0!,#DIV/0!,964.264,812.874042,0.842999471,0.165388979,2,0.5,0: Broadleaf,2,TRUE,1652233321,400.037,403.581,17.9516,17.2604,395.418,17.7361,500.195,100.563,0.100094,27.156,26.7986,999.9,0,0,9995,0,3.50188,964.264,0.900019,0.0999815,0,1.8223,0,4946.07,9311.8,40.75,43.562,42.312,42.437,40.812,867.86,96.41,0,1652233321,0,1.707004,-0.006661543,-282.6784616,4980.0128,15,1652233242,9:40:42,1652233241,1652233242,1,-0.285,-0.028,4.62,0.189,403,17,0.4,0.09,-3.593373902,0.036098467,0.020754458,1,1.751024242,-0.709893349,0.202962751,1,0.692288878,-0.006708899,0.000810447,1,3,3,3月3日,100,100,4.619,0.2155,4.445291379,0.000676004,-7.65E-07,4.25E-10,0.065174227,-0.023951514,0.002092542,-1.49E-05,2,2268,1,30,1.3,1.3,18,504.54,456.895,25.0002,28.1503,30.0003,28.1237,28.002,19.2966,23.8901,68.9329,25,403.474,17.2036,87.647,101.335
26,1652233323,98.5,20220511 09:42:02,9:42:02,0,1652233323,0.001767458,1.767458479,8.121495094,400.038,261.3118855,26.3044399,40.26902759,0.102021412,3.020627056,0.100145085,0.062756384,159.2953369,27.62358828,26.7967,3.536645476,50.02802697,1.807202947,3.612381012,1.72944253,-77.94491891,58.73929014,4.195725239,144.2854334,8.101012681,1.760945108,8.121495094,410.6685165,407.3616424,0.00043212,66.83704872,1.767458479,17.25867306,17.95273187,-1.30E-07,86.59541668,0,0,1,0,53153.10229,-,-,0,0,#DIV/0!,0,-,-,0,0,#DIV/0!,0.5,811.939215,8.121495094,#DIV/0!,0.01000259,#DIV/0!,#DIV/0!,-,0,#DIV/0!,#DIV/0!,#DIV/0!,#DIV/0!,#DIV/0!,#DIV/0!,#DIV/0!,#DIV/0!,963.155,811.939215,0.842999533,0.165389098,2,0.5,0: Broadleaf,2,TRUE,1652233323,400.038,403.559,17.953,17.2615,395.418,17.7375,500.168,100.563,0.100006,27.1574,26.7967,999.9,0,0,10001.2,0,3.50188,963.155,0.900014,0.0999865,0,1.7681,0,4939.25,9301.09,40.75,43.562,42.312,42.437,40.812,866.85,96.3,0,1652233323,0,1.69115,0.222211961,-284.8126493,4972.960385,15,1652233242,9:40:42,1652233241,1652233242,1,-0.285,-0.028,4.62,0.189,403,17,0.4,0.09,-3.587774146,0.109286969,0.026011406,1,1.721084848,-0.212814389,0.18045243,1,0.692083195,-0.005986871,0.000754738,1,3,3,3月3日,100,100,4.62,0.2155,4.445291379,0.000676004,-7.65E-07,4.25E-10,0.065174227,-0.023951514,0.002092542,-1.49E-05,2,2268,1,30,1.4,1.3,18,504.488,456.888,25.0001,28.1515,30.0001,28.1249,28.0032,19.2967,23.8901,68.9329,25,403.597,17.2036,87.647,101.335
27,1652233325,100.5,20220511 09:42:04,9:42:04,0,1652233325,0.001763562,1.763562151,8.162332579,400.012,260.4221496,26.21487797,40.26641276,0.101838212,3.021057054,0.099968811,0.062645607,158.9354153,27.62414808,26.7927,3.535813436,50.0210906,1.80713259,3.612741283,1.728680846,-77.77309084,59.67601791,4.261979664,145.1003221,8.203920419,1.757143264,8.162332579,410.6531888,407.3325879,-0.000187822,66.83704872,1.763562151,17.25977266,17.95238901,6.50E-07,86.59541668,0,0,1,0,53166.05363,-,-,0,0,#DIV/0!,0,-,-,0,0,#DIV/0!,0.5,810.102558,8.162332579,#DIV/0!,0.010075678,#DIV/0!,#DIV/0!,-,0,#DIV/0!,#DIV/0!,#DIV/0!,#DIV/0!,#DIV/0!,#DIV/0!,#DIV/0!,#DIV/0!,960.976,810.102558,0.842999781,0.165389578,2,0.5,0: Broadleaf,2,TRUE,1652233325,400.012,403.574,17.9523,17.2622,395.393,17.7368,500.101,100.563,0.100012,27.1591,26.7927,999.9,0,0,10003.8,0,3.50188,960.976,0.900003,0.099997,0,2.3069,0,4927.12,9280.02,40.75,43.562,42.25,42.437,40.812,864.88,96.09,0,1652233325,0,1.719912,0.464107684,-282.1323082,4962.9352,15,1652233242,9:40:42,1652233241,1652233242,1,-0.285,-0.028,4.62,0.189,403,17,0.4,0.09,-3.578615854,0.116378467,0.027253095,1,1.712431429,-0.27832955,0.173833289,1,0.691920659,-0.006645429,0.000805851,1,3,3,3月3日,100,100,4.619,0.2155,4.445291379,0.000676004,-7.65E-07,4.25E-10,0.065174227,-0.023951514,0.002092542,-1.49E-05,2,2268,1,30,1.4,1.4,18,504.622,456.83,25.0001,28.1521,30.0002,28.1261,28.0043,19.2966,23.8901,68.9329,25,403.514,17.2036,87.647,101.335
28,1652233327,102.5,20220511 09:42:06,9:42:06,0,1652233327,0.00175743,1.757429815,8.299914479,399.986,257.68157,25.93903029,40.26383792,0.101410392,3.019601242,0.099555634,0.062386089,158.482892,27.62161403,26.798,3.536915926,50.02529602,1.807104294,3.612381012,1.729811632,-77.50265482,58.50771154,4.180630577,143.6685792,8.269313198,1.755258177,8.299914479,410.6693243,407.2950788,-0.000478166,66.83704872,1.757429815,17.26135911,17.95140879,4.92E-07,86.59541668,0,0,1,0,53121.49621,-,-,0,0,#DIV/0!,0,-,-,0,0,#DIV/0!,0.5,807.792315,8.299914479,#DIV/0!,0.010274812,#DIV/0!,#DIV/0!,-,0,#DIV/0!,#DIV/0!,#DIV/0!,#DIV/0!,#DIV/0!,#DIV/0!,#DIV/0!,#DIV/0!,958.235,807.792315,0.843000219,0.165390423,2,0.5,0: Broadleaf,2,TRUE,1652233327,399.986,403.573,17.952,17.2628,395.366,17.7366,500.217,100.563,0.100118,27.1574,26.798,999.9,0,0,9995,0,3.50188,958.235,0.899988,0.100012,0,1.6152,0,4911.95,9253.51,40.75,43.562,42.312,42.437,40.812,862.4,95.83,0,1652233327,0,1.723412,0.292007686,-281.3884617,4951.5744,15,1652233242,9:40:42,1652233241,1652233242,1,-0.285,-0.028,4.62,0.189,403,17,0.4,0.09,-3.574072439,0.060465784,0.024680123,1,1.729633333,0.401594355,0.209436749,1,0.691589024,-0.008166334,0.000977157,1,3,3,3月3日,100,100,4.62,0.2154,4.445291379,0.000676004,-7.65E-07,4.25E-10,0.065174227,-0.023951514,0.002092542,-1.49E-05,2,2268,1,30,1.4,1.4,18,504.601,456.872,25.0001,28.1533,30.0002,28.1272,28.0053,19.2977,23.8901,68.9329,25,403.602,17.2036,87.6474,101.335
29,1652233329,104.5,20220511 09:42:08,9:42:08,0,1652233329,0.001757394,1.757394302,8.2158701,399.988,259.0386146,26.07555705,40.26391945,0.101429015,3.021453881,0.099574698,0.062397966,158.428098,27.61644487,26.7963,3.536562265,50.0392061,1.80711905,3.611406317,1.729443214,-77.5010887,58.0712196,4.146766393,143.1449953,8.25032014,1.754667039,8.2158701,410.6613826,407.3176303,8.99E-05,66.83704872,1.757394302,17.26214978,17.95232308,-3.32E-07,86.59541668,0,0,1,0,53179.40189,-,-,0,0,#DIV/0!,0,-,-,0,0,#DIV/0!,0.5,807.5178,8.2158701,#DIV/0!,0.010174228,#DIV/0!,#DIV/0!,-,0,#DIV/0!,#DIV/0!,#DIV/0!,#DIV/0!,#DIV/0!,#DIV/0!,#DIV/0!,#DIV/0!,957.91,807.5178,0.842999655,0.165389335,2,0.5,0: Broadleaf,2,TRUE,1652233329,399.988,403.568,17.9522,17.2631,395.369,17.7368,500.121,100.563,0.0998185,27.1528,26.7963,999.9,0,0,10006.2,0,3.50188,957.91,0.900014,0.0999857,0,1.7681,0,4909.51,9250.44,40.75,43.562,42.25,42.437,40.812,862.13,95.78,0,1652233329,0,1.746992308,0.560943585,-285.1377775,4944.408462,15,1652233242,9:40:42,1652233241,1652233242,1,-0.285,-0.028,4.62,0.189,403,17,0.4,0.09,-3.575118293,0.085502509,0.025120273,1,1.719684848,0.353751508,0.208193638,1,0.691208463,-0.009722551,0.001138119,1,3,3,3月3日,100,100,4.619,0.2154,4.445291379,0.000676004,-7.65E-07,4.25E-10,0.065174227,-0.023951514,0.002092542,-1.49E-05,2,2268,1,30,1.5,1.4,18,504.575,456.911,25.0002,28.1542,30.0002,28.1278,28.0061,19.2979,23.8901,68.9329,25,403.644,17.2036,87.6477,101.335
30,1652233331,106.5,20220511 09:42:10,9:42:10,0,1652233331,0.001757619,1.757618908,8.252868991,399.992,258.713403,26.04281503,40.2643139,0.101618834,3.02166879,0.099757769,0.062512976,158.1135018,27.61395528,26.7826,3.533713294,50.04318726,1.807199212,3.6112792,1.726514082,-77.51099385,60.2093952,4.298836771,145.1107399,8.126984326,1.752560087,8.252868991,410.6479453,407.2897515,-0.000141162,66.83704872,1.757618908,17.26280654,17.95319451,-1.45E-07,86.59541668,0,0,1,0,53186.1337,-,-,0,0,#DIV/0!,0,-,-,0,0,#DIV/0!,0.5,805.906071,8.252868991,#DIV/0!,0.010240485,#DIV/0!,#DIV/0!,-,0,#DIV/0!,#DIV/0!,#DIV/0!,#DIV/0!,#DIV/0!,#DIV/0!,#DIV/0!,#DIV/0!,955.997,805.906071,0.843000628,0.165391211,2,0.5,0: Broadleaf,2,TRUE,1652233331,399.992,403.523,17.953,17.2646,395.372,17.7375,500.028,100.563,0.099798,27.1522,26.7826,999.9,0,0,10007.5,0,3.50188,955.997,0.899981,0.100019,0,1.9357,0,4899.01,9231.88,40.75,43.562,42.25,42.437,40.875,860.38,95.62,0,1652233331,0,1.757636,1.009246153,-285.9623082,4934.5392,15,1652233242,9:40:42,1652233241,1652233242,1,-0.285,-0.028,4.62,0.189,403,17,0.4,0.09,-3.574860732,0.091999443,0.025211052,1,1.745445714,0.397441879,0.203119564,1,0.690910341,-0.010009443,0.001160932,1,3,3,3月3日,100,100,4.62,0.2155,4.445291379,0.000676004,-7.65E-07,4.25E-10,0.065174227,-0.023951514,0.002092542,-1.49E-05,2,2268,1,30,1.5,1.5,18,504.554,456.938,25.0001,28.1551,30.0002,28.129,28.0073,19.2995,23.8901,68.9329,25,403.524,17.2036,87.6479,101.334
31,1652233333,108.5,20220511 09:42:12,9:42:12,0,1652233333,0.001759692,1.75969207,8.199971027,399.99,259.7148701,26.1436855,40.26420497,0.10175331,3.021057054,0.099886995,0.062594201,157.8953026,27.61516753,26.7824,3.533671718,50.03896948,1.807354354,3.611893636,1.726317364,-77.60242027,60.70210664,4.334951587,145.3299405,8.199551501,1.752833842,8.199971027,410.6248217,407.2889818,-0.000109387,66.83704872,1.75969207,17.26290444,17.9538967,1.77E-07,86.59541668,0,0,1,0,53166.76215,-,-,0,0,#DIV/0!,0,-,-,0,0,#DIV/0!,0.5,804.798672,8.199971027,#DIV/0!,0.010188848,#DIV/0!,#DIV/0!,-,0,#DIV/0!,#DIV/0!,#DIV/0!,#DIV/0!,#DIV/0!,#DIV/0!,#DIV/0!,#DIV/0!,954.684,804.798672,0.843000063,0.165390121,2,0.5,0: Broadleaf,2,TRUE,1652233333,399.99,403.549,17.9545,17.2662,395.371,17.7389,500.178,100.563,0.100029,27.1551,26.7824,999.9,0,0,10003.8,0,3.50188,954.684,0.899999,0.100001,0,1.8725,0,4891.84,9219.25,40.75,43.562,42.25,42.437,40.812,859.21,95.47,0,1652233333,0,1.764672,0.554899995,-280.6830771,4923.5656,15,1652233242,9:40:42,1652233241,1652233242,1,-0.285,-0.028,4.62,0.189,403,17,0.4,0.09,-3.571677073,0.136416585,0.027164036,1,1.744460606,0.36118347,0.201721012,1,0.690508439,-0.010061728,0.001175607,1,3,3,3月3日,100,100,4.619,0.2156,4.445291379,0.000676004,-7.65E-07,4.25E-10,0.065174227,-0.023951514,0.002092542,-1.49E-05,2,2268,1,30,1.5,1.5,18,504.5,456.993,25.0002,28.1563,30.0004,28.1299,28.0079,19.2977,23.8901,68.9329,25,403.529,17.2036,87.648,101.334
32,1652233335,110.5,20220511 09:42:14,9:42:14,0,1652233335,0.001760732,1.760731774,8.142343543,399.992,260.5106361,26.22378451,40.2643983,0.101671431,3.021453881,0.099808328,0.062544754,157.6230293,27.61188898,26.7947,3.536229435,50.04864388,1.807555321,3.611597,1.728674114,-77.64827123,58.47845116,4.175831506,142.6290408,8.270290448,1.755498291,8.142343543,410.6300538,407.3157818,0.000190056,66.83704872,1.760731774,17.26407264,17.95552747,1.55E-07,86.59541668,0,0,1,0,53179.24243,-,-,0,0,#DIV/0!,0,-,-,0,0,#DIV/0!,0.5,803.409558,8.142343543,#DIV/0!,0.010134736,#DIV/0!,#DIV/0!,-,0,#DIV/0!,#DIV/0!,#DIV/0!,#DIV/0!,#DIV/0!,#DIV/0!,#DIV/0!,#DIV/0!,953.036,803.409558,0.84300022,0.165390425,2,0.5,0: Broadleaf,2,TRUE,1652233335,399.992,403.58,17.9565,17.2671,395.373,17.7409,500.138,100.563,0.100009,27.1537,26.7947,999.9,0,0,10006.2,0,3.50188,953.036,0.899992,0.100008,0,1.695,0,4882.5,9203.31,40.75,43.562,42.25,42.437,40.875,857.72,95.31,0,1652233335,0,1.755434615,0.263176068,-282.3747006,4916.536154,15,1652233242,9:40:42,1652233241,1652233242,1,-0.285,-0.028,4.62,0.189,403,17,0.4,0.09,-3.570485366,0.133825714,0.027148325,1,1.758615152,0.172529925,0.199250747,1,0.690171927,-0.012135679,0.001334712,1,3,3,3月3日,100,100,4.619,0.2156,4.445291379,0.000676004,-7.65E-07,4.25E-10,0.065174227,-0.023951514,0.002092542,-1.49E-05,2,2268,1,30,1.6,1.5,18,504.569,456.935,25.0002,28.1569,30.0003,28.1308,28.0091,19.2999,23.8901,68.9329,25,403.612,17.2036,87.648,101.335
33,1652233337,112.5,20220511 09:42:16,9:42:16,0,1652233337,0.001760365,1.760365239,8.25055131,399.995,258.651996,26.03697116,40.26513788,0.101556111,3.018996943,0.099695707,0.062474128,157.2521255,27.60960323,26.8029,3.537935477,50.05345814,1.807665563,3.611469877,1.730269914,-77.63210704,56.99860915,4.073626027,140.6922536,8.224361795,1.757240229,8.25055131,410.667216,407.3095758,5.18E-05,66.83704872,1.760365239,17.26604522,17.95737033,3.09E-07,86.59541668,0,0,1,0,53103.66565,-,-,0,0,#DIV/0!,0,-,-,0,0,#DIV/0!,0.5,801.523287,8.25055131,#DIV/0!,0.010293589,#DIV/0!,#DIV/0!,-,0,#DIV/0!,#DIV/0!,#DIV/0!,#DIV/0!,#DIV/0!,#DIV/0!,#DIV/0!,#DIV/0!,950.799,801.523287,0.842999716,0.165389452,2,0.5,0: Broadleaf,2,TRUE,1652233337,399.995,403.565,17.9574,17.2673,395.376,17.7418,500.126,100.564,0.100103,27.1531,26.8029,999.9,0,0,9991.25,0,3.50188,950.799,0.900006,0.0999942,0,1.8753,0,4870.02,9181.75,40.75,43.562,42.312,42.437,40.812,855.72,95.07,0,1652233337,0,1.788788,0.222700003,-281.6161544,4906.5488,15,1652233242,9:40:42,1652233241,1652233242,1,-0.285,-0.028,4.62,0.189,403,17,0.4,0.09,-3.569123659,0.041105436,0.026086806,1,1.756845714,0.389997652,0.207066833,1,0.689980976,-0.011906613,0.001331486,1,3,3,3月3日,100,100,4.619,0.2156,4.445291379,0.000676004,-7.65E-07,4.25E-10,0.065174227,-0.023951514,0.002092542,-1.49E-05,2,2268,1,30,1.6,1.6,18,504.61,456.86,25.0001,28.1581,30.0003,28.132,28.0103,19.299,23.8901,68.9329,25,403.548,17.2036,87.6476,101.334
34,1652233339,114.5,20220511 09:42:18,9:42:18,0,1652233339,0.001759454,1.759454125,8.285597031,400.005,258.0202032,25.97284466,40.26532651,0.101487762,3.018550089,0.099629567,0.062432597,156.8923942,27.60923346,26.8039,3.53814358,50.04916672,1.807659039,3.611766504,1.730484541,-77.59192689,57.05526698,4.078327887,140.4340622,8.275897856,1.757291768,8.285597031,410.6716823,407.3010485,-7.50E-05,66.83704872,1.759454125,17.26707991,17.95792418,6.63E-07,86.59541668,0,0,1,0,53089.61445,-,-,0,0,#DIV/0!,0,-,-,0,0,#DIV/0!,0.5,799.685214,8.285597031,#DIV/0!,0.010361073,#DIV/0!,#DIV/0!,-,0,#DIV/0!,#DIV/0!,#DIV/0!,#DIV/0!,#DIV/0!,#DIV/0!,#DIV/0!,#DIV/0!,948.618,799.685214,0.843000253,0.165390488,2,0.5,0: Broadleaf,2,TRUE,1652233339,400.005,403.595,17.9577,17.2677,395.386,17.7421,500.213,100.562,0.100058,27.1545,26.8039,999.9,0,0,9988.75,0,3.49777,948.618,0.899995,0.100005,0,1.8089,0,4857.43,9160.66,40.75,43.562,42.312,42.437,40.812,853.75,94.87,0,1652233339,0,1.796268,-0.614907695,-279.4930771,4895.126,15,1652233242,9:40:42,1652233241,1652233242,1,-0.285,-0.028,4.62,0.189,403,17,0.4,0.09,-3.566978293,-0.035359652,0.024161652,1,1.755663636,0.122729485,0.207017153,1,0.689804976,-0.007999589,0.001168617,1,3,3,3月3日,100,100,4.619,0.2156,4.445291379,0.000676004,-7.65E-07,4.25E-10,0.065174227,-0.023951514,0.002092542,-1.49E-05,2,2268,1,30,1.6,1.6,18,504.573,456.87,25.0001,28.159,30.0003,28.1332,28.0115,19.2966,24.165,68.9329,25,403.46,17.2036,87.6472,101.333
35,1652233341,116.5,20220511 09:42:20,9:42:20,0,1652233341,0.001758647,1.758646578,8.226928818,400.012,259.0762089,26.07884013,40.26556141,0.101575241,3.019154536,0.099714239,0.062485763,156.7515811,27.60884528,26.7933,3.535938231,50.04993162,1.80771848,3.611830069,1.728219751,-77.5563141,58.84087036,4.204904825,142.2410422,8.353505505,1.769535351,8.226928818,410.6763608,407.3274061,0.000161715,66.83704872,1.758646578,17.26704632,17.95776703,4.51E-07,86.59541668,0,0,1,0,53108.154,-,-,0,0,#DIV/0!,0,-,-,0,0,#DIV/0!,0.5,798.968544,8.226928818,#DIV/0!,0.010296937,#DIV/0!,#DIV/0!,-,0,#DIV/0!,#DIV/0!,#DIV/0!,#DIV/0!,#DIV/0!,#DIV/0!,#DIV/0!,#DIV/0!,947.768,798.968544,0.843000127,0.165390244,2,0.5,0: Broadleaf,2,TRUE,1652233341,400.012,403.636,17.9585,17.2635,395.393,17.7429,500.074,100.561,0.0998837,27.1548,26.7933,999.9,0,0,9992.5,0,3.4882,947.768,0.899992,0.100008,0,1.575,0,4852.97,9152.44,40.75,43.625,42.312,42.437,40.812,852.98,94.78,0,1652233341,0,1.771934615,-0.29674188,-280.4068374,4888.085385,15,1652233242,9:40:42,1652233241,1652233242,1,-0.285,-0.028,4.62,0.189,403,17,0.4,0.09,-3.567272195,-0.147165575,0.024716421,1,1.775918182,0.130813771,0.192863883,1,0.689704561,-0.004494021,0.001078429,1,3,3,3月3日,100,100,4.619,0.2156,4.445291379,0.000676004,-7.65E-07,4.25E-10,0.065174227,-0.023951514,0.002092542,-1.49E-05,2,2268,1,30,1.7,1.6,18,504.583,456.879,25.0001,28.1599,30.0001,28.1344,28.0126,19.2966,24.165,68.9329,25,403.554,17.2036,87.647,101.333
36,1652233343,118.5,20220511 09:42:22,9:42:22,0,1652233343,0.001757539,1.757538753,8.31216474,400.015,257.6437485,25.93517905,40.26668882,0.101503574,3.021255479,0.099646437,0.06244305,156.473304,27.60753605,26.7933,3.535938231,50.04561759,1.807594477,3.611893636,1.728343755,-77.50745902,58.9306806,4.208400689,142.1049263,8.255636376,1.803546926,8.31216474,410.7199872,407.3367939,0.000140496,66.83704872,1.757538753,17.26755213,17.95778132,2.26E-07,86.59541668,0,0,1,0,53172.87838,-,-,0,0,#DIV/0!,0,-,-,0,0,#DIV/0!,0.5,797.5536,8.31216474,#DIV/0!,0.010422077,#DIV/0!,#DIV/0!,-,0,#DIV/0!,#DIV/0!,#DIV/0!,#DIV/0!,#DIV/0!,#DIV/0!,#DIV/0!,#DIV/0!,946.09,797.5536,0.842999715,0.165389449,2,0.5,0: Broadleaf,2,TRUE,1652233343,400.015,403.605,17.9569,17.2486,395.396,17.7413,500.116,100.563,0.0999472,27.1551,26.7933,999.9,0,0,10005,0,3.4923,946.09,0.90001,0.0999904,0,1.3491,0,4844.1,9136.29,40.75,43.562,42.312,42.437,40.812,851.49,94.6,0,1652233343,0,1.752792,-0.882438465,-282.681539,4878.504,15,1652233242,9:40:42,1652233241,1652233242,1,-0.285,-0.028,4.62,0.189,403,17,0.4,0.09,-3.572760244,-0.197420279,0.027017124,1,1.766122857,-0.102420352,0.191284444,1,0.690230317,0.009851101,0.002548294,1,3,3,3月3日,100,100,4.619,0.2156,4.445291379,0.000676004,-7.65E-07,4.25E-10,0.065174227,-0.023951514,0.002092542,-1.49E-05,2,2268,1,30,1.7,1.7,18,504.665,456.755,25.0001,28.1611,30.0002,28.135,28.0139,19.2971,24.165,68.9329,25,403.534,17.2036,87.6468,101.333
37,1652233345,120.5,20220511 09:42:24,9:42:24,0,1652233345,0.001755294,1.755294432,8.242339563,400.025,258.4191385,26.01375472,40.26850446,0.101245175,3.022941028,0.0993984,0.06228712,156.1562846,27.60575206,26.8017,3.537685767,50.03607677,1.807218066,3.611830069,1.730467701,-77.40848444,57.54569452,4.107369945,140.4008646,8.14005144,1.827818037,8.242339563,410.6951477,407.3412788,9.70E-05,66.83704872,1.755294432,17.26584893,17.95506813,3.62E-07,86.59541668,0,0,1,0,53224.95033,-,-,0,0,#DIV/0!,0,-,-,0,0,#DIV/0!,0.5,795.934557,8.242339563,#DIV/0!,0.010355549,#DIV/0!,#DIV/0!,-,0,#DIV/0!,#DIV/0!,#DIV/0!,#DIV/0!,#DIV/0!,#DIV/0!,#DIV/0!,#DIV/0!,944.169,795.934557,0.843000095,0.165390184,2,0.5,0: Broadleaf,2,TRUE,1652233345,400.025,403.572,17.9528,17.2351,395.406,17.7374,500.21,100.565,0.0999696,27.1548,26.8017,999.9,0,0,10015,0,3.50188,944.169,0.900001,0.0999993,0,1.9567,0,4833.07,9117.71,40.75,43.562,42.312,42.437,40.812,849.75,94.42,0,1652233345,0,1.71564,-0.64115385,-280.9484617,4867.3456,15,1652233242,9:40:42,1652233241,1652233242,1,-0.285,-0.028,4.62,0.189,403,17,0.4,0.09,-3.577590244,-0.107084948,0.023537356,1,1.758766667,-0.842112144,0.213506763,1,0.692075902,0.043055875,0.006596115,1,3,3,3月3日,100,100,4.619,0.2154,4.445291379,0.000676004,-7.65E-07,4.25E-10,0.065174227,-0.023951514,0.002092542,-1.49E-05,2,2268,1,30,1.7,1.7,18,504.66,456.595,25.0001,28.1617,30.0002,28.1362,28.0149,19.2954,24.165,68.9329,25,403.563,17.2036,87.6475,101.333
38,1652233347,122.5,20220511 09:42:26,9:42:26,0,1652233347,0.00177288,1.772880335,8.083162654,400.042,262.4773174,26.42227034,40.27021449,0.102470178,3.020874968,0.100577624,0.063028142,155.9750172,27.5985578,26.784,3.534004338,50.02633673,1.806654285,3.611406317,1.727350053,-78.18402277,60.06328848,4.289574822,142.1438577,8.111214918,1.82557222,8.083162654,410.6469936,407.356697,0.000169192,66.83704872,1.772880335,17.25220084,17.9485044,8.47E-08,86.59541668,0,0,1,0,53161.60061,-,-,0,0,#DIV/0!,0,-,-,0,0,#DIV/0!,0.5,795.010629,8.083162654,#DIV/0!,0.010167364,#DIV/0!,#DIV/0!,-,0,#DIV/0!,#DIV/0!,#DIV/0!,#DIV/0!,#DIV/0!,#DIV/0!,#DIV/0!,#DIV/0!,943.073,795.010629,0.843000095,0.165390184,2,0.5,0: Broadleaf,2,TRUE,1652233347,400.042,403.578,17.9472,17.2302,395.422,17.7319,500.086,100.565,0.0999664,27.1528,26.784,999.9,0,0,10002.5,0,3.50188,943.073,0.899996,0.100004,0,1.6338,0,4827.22,9107.11,40.75,43.562,42.312,42.437,40.812,848.76,94.31,0,1652233347,0,1.720242308,-0.165001706,-284.279316,4860.381923,15,1652233242,9:40:42,1652233241,1652233242,1,-0.285,-0.028,4.62,0.189,403,17,0.4,0.09,-3.576177561,-0.031062439,0.024896166,1,1.728351515,-0.419780381,0.1921281,1,0.694783829,0.078853735,0.009999996,1,3,3,3月3日,100,100,4.62,0.2153,4.445291379,0.000676004,-7.65E-07,4.25E-10,0.065174227,-0.023951514,0.002092542,-1.49E-05,2,2268,1,30,1.8,1.7,18,504.606,456.635,25,28.1629,30.0003,28.1371,28.0157,19.2956,24.165,68.9329,25,403.546,17.2036,87.6477,101.332
39,1652233349,124.5,20220511 09:42:28,9:42:28,0,1652233349,0.001797303,1.797302764,8.158373145,400.028,263.2923117,26.50432582,40.26882662,0.104116805,3.021089954,0.1021637,0.06402474,155.5672649,27.58832117,26.7655,3.530160092,50.01769314,1.806161988,3.611046162,1.723998103,-79.2610519,62.80382942,4.48452559,143.594568,8.071952642,1.817128234,8.158373145,410.6617277,407.3420303,-6.48E-05,66.83704872,1.797302764,17.23700501,17.94292527,-1.06E-06,86.59541668,0,0,1,0,53168.52808,-,-,0,0,#DIV/0!,0,-,-,0,0,#DIV/0!,0.5,792.928056,8.158373145,#DIV/0!,0.01028892,#DIV/0!,#DIV/0!,-,0,#DIV/0!,#DIV/0!,#DIV/0!,#DIV/0!,#DIV/0!,#DIV/0!,#DIV/0!,#DIV/0!,940.602,792.928056,0.843000606,0.16539117,2,0.5,0: Broadleaf,2,TRUE,1652233349,400.028,403.547,17.9423,17.2286,395.409,17.7272,500.077,100.565,0.10002,27.1511,26.7655,999.9,0,0,10003.8,0,3.50188,940.602,0.899983,0.100017,0,2.0986,0,4813.32,9083.22,40.75,43.625,42.312,42.437,40.812,846.53,94.08,0,1652233349,0,1.741984,0.2224,-281.5761544,4850.27,15,1652233242,9:40:42,1652233241,1652233242,1,-0.285,-0.028,4.62,0.189,403,17,0.4,0.09,-3.57144,0.012887038,0.027088201,1,1.750148571,-0.396302935,0.190618249,1,0.697481146,0.101808836,0.011675357,0,2,3,2月3日,100,100,4.619,0.2151,4.445291379,0.000676004,-7.65E-07,4.25E-10,0.065174227,-0.023951514,0.002092542,-1.49E-05,2,2268,1,30,1.8,1.8,18,504.659,456.661,25.0001,28.1638,30.0003,28.138,28.0168,19.2962,24.165,68.9329,25,403.562,17.2036,87.6473,101.332
40,1652233351,126.5,20220511 09:42:30,9:42:30,0,1652233351,0.001804215,1.804215163,8.225360972,399.975,262.6474573,26.43914196,40.26308084,0.104487136,3.020858519,0.102520106,0.064248712,155.2432822,27.58614874,26.7664,3.530347024,50.00220427,1.805750983,3.611342758,1.724596042,-79.56588868,62.88044849,4.490392238,143.0482343,8.190334737,1.808141618,8.225360972,410.6396501,407.2953697,-0.000410564,66.83704872,1.804215163,17.23082147,17.93929231,-1.90E-06,86.59541668,0,0,1,0,53161.12511,-,-,0,0,#DIV/0!,0,-,-,0,0,#DIV/0!,0.5,791.280414,8.225360972,#DIV/0!,0.010395001,#DIV/0!,#DIV/0!,-,0,#DIV/0!,#DIV/0!,#DIV/0!,#DIV/0!,#DIV/0!,#DIV/0!,#DIV/0!,#DIV/0!,938.648,791.280414,0.84300016,0.165390308,2,0.5,0: Broadleaf,2,TRUE,1652233351,399.975,403.539,17.9384,17.2284,395.356,17.7234,500.199,100.564,0.0999936,27.1525,26.7664,999.9,0,0,10002.5,0,3.50188,938.648,0.899999,0.100001,0,1.6115,0,4802.92,9064.39,40.75,43.625,42.312,42.437,40.812,844.78,93.87,0,1652233351,0,1.733464,0.487976918,-279.0453847,4838.9504,15,1652233242,9:40:42,1652233241,1652233242,1,-0.285,-0.028,4.62,0.189,403,17,0.4,0.09,-3.568135122,0.086762927,0.029249278,1,1.745224242,0.126563086,0.197258752,1,0.69984261,0.110671484,0.012195805,0,2,3,2月3日,100,100,4.619,0.215,4.445291379,0.000676004,-7.65E-07,4.25E-10,0.065174227,-0.023951514,0.002092542,-1.49E-05,2,2268,1,30,1.8,1.8,18,504.684,456.683,25.0001,28.1647,30.0003,28.1392,28.0174,19.2981,24.165,68.9329,25,403.64,17.2036,87.6478,101.332
41,1652233353,128.5,20220511 09:42:32,9:42:32,0,1652233353,0.001799067,1.799066825,8.286222632,399.965,261.2467441,26.29783857,40.26161184,0.104111645,3.021883672,0.102159234,0.064021888,155.1016422,27.58710049,26.7699,3.531074068,49.98927829,1.805347727,3.611469877,1.725726341,-79.33884697,62.4293317,4.456756215,142.6488831,8.256368948,1.796989928,8.286222632,410.6174954,407.2483394,-0.000457293,66.83704872,1.799066825,17.22864572,17.93517143,-1.51E-06,86.59541668,0,0,1,0,53192.59945,-,-,0,0,#DIV/0!,0,-,-,0,0,#DIV/0!,0.5,790.559529,8.286222632,#DIV/0!,0.010481466,#DIV/0!,#DIV/0!,-,0,#DIV/0!,#DIV/0!,#DIV/0!,#DIV/0!,#DIV/0!,#DIV/0!,#DIV/0!,#DIV/0!,937.793,790.559529,0.843000032,0.165390062,2,0.5,0: Broadleaf,2,TRUE,1652233353,399.965,403.554,17.9346,17.2289,395.346,17.7197,500.145,100.563,0.0998376,27.1531,26.7699,999.9,0,0,10008.8,0,3.50188,937.793,0.899996,0.100004,0,1.8157,0,4797.77,9056.12,40.75,43.562,42.312,42.437,40.812,844.01,93.78,0,1652233353,0,1.717546154,-0.094577778,-280.6468373,4832.047692,15,1652233242,9:40:42,1652233241,1652233242,1,-0.285,-0.028,4.62,0.189,403,17,0.4,0.09,-3.571556341,0.114068153,0.028387928,1,1.732954545,-0.197241898,0.207441929,1,0.701822146,0.104579059,0.011907244,0,2,3,2月3日,100,100,4.619,0.2149,4.445291379,0.000676004,-7.65E-07,4.25E-10,0.065174227,-0.023951514,0.002092542,-1.49E-05,2,2268,1,30,1.9,1.8,18,504.679,456.709,25.0002,28.1659,30.0003,28.1404,28.0186,19.2964,24.165,68.9329,25,403.506,17.2036,87.6482,101.332
42,1652233355,130.5,20220511 09:42:34,9:42:34,0,1652233355,0.001791597,1.791597255,8.217456941,399.98,261.6625012,26.34030461,40.2640615,0.10357456,3.016735403,0.101638808,0.063695161,154.8268878,27.58690555,26.777,3.532549329,49.98755298,1.805158333,3.611215643,1.727390996,-79.00943897,60.97307581,4.360352747,141.1508774,8.270665891,1.790462222,8.217456941,410.6234175,407.2790364,8.34E-05,66.83704872,1.791597255,17.22850057,17.93215604,-1.37E-06,86.59541668,0,0,1,0,53034.28112,-,-,0,0,#DIV/0!,0,-,-,0,0,#DIV/0!,0.5,789.163071,8.217456941,#DIV/0!,0.010412876,#DIV/0!,#DIV/0!,-,0,#DIV/0!,#DIV/0!,#DIV/0!,#DIV/0!,#DIV/0!,#DIV/0!,#DIV/0!,#DIV/0!,936.137,789.163071,0.842999551,0.165389134,2,0.5,0: Broadleaf,2,TRUE,1652233355,399.98,403.574,17.9323,17.2291,395.361,17.7175,500.101,100.565,0.100187,27.1519,26.777,999.9,0,0,9977.5,0,3.50188,936.137,0.900014,0.0999862,0,2.0695,0,4788.15,9040.18,40.75,43.625,42.25,42.437,40.812,842.54,93.6,0,1652233355,0,1.695752,0.239853849,-280.1161544,4822.4828,15,1652233242,9:40:42,1652233241,1652233242,1,-0.285,-0.028,4.62,0.189,403,17,0.4,0.09,-3.573353415,0.103737282,0.028557615,1,1.707648571,-0.324288845,0.210701058,1,0.703477707,0.084164028,0.011052879,1,3,3,3月3日,100,100,4.619,0.2148,4.445291379,0.000676004,-7.65E-07,4.25E-10,0.065174227,-0.023951514,0.002092542,-1.49E-05,2,2268,1,30,1.9,1.9,18,504.642,456.668,25.0001,28.1665,30.0002,28.1416,28.0198,19.2967,24.165,68.9329,25,403.526,17.2036,87.6484,101.331
43,1652233357,132.5,20220511 09:42:36,9:42:36,0,1652233357,0.001789544,1.789543553,8.210552129,399.976,261.5519992,26.32867402,40.26288368,0.103402405,3.015666065,0.101472348,0.063590625,154.5533494,27.58549949,26.7803,3.533235196,49.98554807,1.805032983,3.611109717,1.728202213,-78.91887068,60.33365653,4.316216453,140.2843517,8.253924785,1.785908516,8.210552129,410.6393485,407.2978909,0.000160996,66.83704872,1.789543553,17.2287638,17.9315011,-1.43E-06,86.59541668,0,0,1,0,53001.43105,-,-,0,0,#DIV/0!,0,-,-,0,0,#DIV/0!,0.5,787.767243,8.210552129,#DIV/0!,0.010422561,#DIV/0!,#DIV/0!,-,0,#DIV/0!,#DIV/0!,#DIV/0!,#DIV/0!,#DIV/0!,#DIV/0!,#DIV/0!,#DIV/0!,934.481,787.767243,0.842999743,0.165389504,2,0.5,0: Broadleaf,2,TRUE,1652233357,399.976,403.562,17.9314,17.2301,395.357,17.7167,500.181,100.563,0.100249,27.1514,26.7803,999.9,0,0,9971.25,0,3.50188,934.481,0.900006,0.099994,0,1.7027,0,4779.07,9024.17,40.687,43.625,42.312,42.437,40.812,841.04,93.44,0,1652233357,0,1.700292,0.197884614,-274.3307694,4811.3912,15,1652233242,9:40:42,1652233241,1652233242,1,-0.285,-0.028,4.62,0.189,403,17,0.4,0.09,-3.573318537,0.070973937,0.02814825,1,1.70420303,-0.123195217,0.213927305,1,0.704826659,0.055305533,0.009980751,1,3,3,3月3日,100,100,4.619,0.2147,4.445291379,0.000676004,-7.65E-07,4.25E-10,0.065174227,-0.023951514,0.002092542,-1.49E-05,2,2268,1,30,1.9,1.9,18,504.632,456.644,25.0001,28.1677,30.0002,28.1422,28.021,19.2988,24.165,68.9329,25,403.619,17.2036,87.6479,101.331
44,1652233359,134.5,20220511 09:42:38,9:42:38,0,1652233359,0.001789912,1.789911693,8.2309304,399.997,261.3269517,26.30588994,40.26479853,0.10345323,3.024361143,0.101526736,0.06362431,154.3249128,27.58123467,26.7774,3.532632458,49.98972879,1.805003926,3.610749587,1.727628532,-78.93510564,60.70327597,4.330073905,140.4231571,8.13985236,1.783081973,8.2309304,410.6398284,407.2907576,2.57E-05,66.83704872,1.789911693,17.22861794,17.93150549,-8.33E-07,86.59541668,0,0,1,0,53269.62968,-,-,0,0,#DIV/0!,0,-,-,0,0,#DIV/0!,0.5,786.600771,8.2309304,#DIV/0!,0.010463924,#DIV/0!,#DIV/0!,-,0,#DIV/0!,#DIV/0!,#DIV/0!,#DIV/0!,#DIV/0!,#DIV/0!,#DIV/0!,#DIV/0!,933.097,786.600771,0.843,0.16539,2,0.5,0: Broadleaf,2,TRUE,1652233359,399.997,403.537,17.9312,17.231,395.378,17.7165,500.174,100.563,0.0997513,27.1497,26.7774,999.9,0,0,10023.8,0,3.50188,933.097,0.9,0.1,0,1.4913,0,4772.11,9010.78,40.75,43.562,42.312,42.437,40.812,839.79,93.31,0,1652233359,0,1.723584615,-0.497941877,-276.8625639,4804.449615,15,1652233242,9:40:42,1652233241,1652233242,1,-0.285,-0.028,4.62,0.189,403,17,0.4,0.09,-3.57286,0.060100767,0.028201344,1,1.713160606,-0.130978338,0.208264559,1,0.705913732,0.021005854,0.008827212,1,3,3,3月3日,100,100,4.619,0.2147,4.445291379,0.000676004,-7.65E-07,4.25E-10,0.065174227,-0.023951514,0.002092542,-1.49E-05,2,2268,1,30,2,1.9,18,504.719,456.585,25.0002,28.1689,30.0002,28.1434,28.022,19.2986,24.165,68.9329,25,403.504,17.2036,87.6475,101.331
45,1652233361,136.5,20220511 09:42:40,9:42:40,0,1652233361,0.001781676,1.781675518,8.151473856,399.99,262.0330211,26.37753714,40.26496751,0.103021272,3.02170169,0.101109025,0.063361992,153.9546706,27.58154886,26.7725,3.531614242,49.98356483,1.804781361,3.610749587,1.726832881,-78.57189035,61.44813623,4.386956414,141.2178728,8.288761793,1.775623871,8.151473856,410.617696,407.3001152,6.93E-05,66.83704872,1.781675518,17.23011382,17.92989011,-4.97E-08,86.59541668,0,0,1,0,53187.63447,-,-,0,0,#DIV/0!,0,-,-,0,0,#DIV/0!,0.5,784.717872,8.151473856,#DIV/0!,0.010387776,#DIV/0!,#DIV/0!,-,0,#DIV/0!,#DIV/0!,#DIV/0!,#DIV/0!,#DIV/0!,#DIV/0!,#DIV/0!,#DIV/0!,930.864,784.717872,0.842999484,0.165389005,2,0.5,0: Broadleaf,2,TRUE,1652233361,399.99,403.589,17.9286,17.2312,395.37,17.714,500.083,100.565,0.0999354,27.1497,26.7725,999.9,0,0,10007.5,0,3.48409,930.864,0.900014,0.0999861,0,1.8277,0,4759.37,8989.25,40.75,43.625,42.312,42.437,40.812,837.79,93.07,0,1652233361,0,1.734268,-0.383515389,-276.6123083,4794.6608,15,1652233242,9:40:42,1652233241,1652233242,1,-0.285,-0.028,4.62,0.189,403,17,0.4,0.09,-3.569144146,0.048549408,0.027927722,1,1.707485714,0.080010176,0.205017336,1,0.706865146,-0.017856063,0.007508493,1,3,3,3月3日,100,100,4.62,0.2146,4.445291379,0.000676004,-7.65E-07,4.25E-10,0.065174227,-0.023951514,0.002092542,-1.49E-05,2,2268,1,30,2,2,18,504.758,456.574,25.0001,28.1701,30.0002,28.1443,28.0228,19.2989,24.165,68.9329,25,403.699,17.2036,87.6474,101.332
46,1652233363,138.5,20220511 09:42:42,9:42:42,0,1652233363,0.001773113,1.773113116,8.242386656,399.993,259.9983564,26.1727881,40.26537774,0.10251817,3.01735697,0.100621697,0.063056029,153.6430184,27.58270738,26.7719,3.53148958,49.97865208,1.804625148,3.610791954,1.726864432,-78.1942884,61.48992112,4.396251883,141.334903,8.350367492,1.769308982,8.242386656,410.6549518,407.3011455,3.38E-05,66.83704872,1.773113116,17.23107382,17.92736813,-1.02E-07,86.59541668,0,0,1,0,53053.7624,-,-,0,0,#DIV/0!,0,-,-,0,0,#DIV/0!,0.5,783.119028,8.242386656,#DIV/0!,0.010525075,#DIV/0!,#DIV/0!,-,0,#DIV/0!,#DIV/0!,#DIV/0!,#DIV/0!,#DIV/0!,#DIV/0!,#DIV/0!,#DIV/0!,928.966,783.119028,0.843000743,0.165391434,2,0.5,0: Broadleaf,2,TRUE,1652233363,399.993,403.615,17.927,17.2322,395.373,17.7125,500.17,100.565,0.100206,27.1499,26.7719,999.9,0,0,9981.25,0,3.45674,928.966,0.899979,0.100021,0,2.0428,0,4748.77,8970.84,40.75,43.562,42.312,42.437,40.812,836.05,92.92,0,1652233363,0,1.719452,0.103338456,-272.9923078,4783.5256,15,1652233242,9:40:42,1652233241,1652233242,1,-0.285,-0.028,4.62,0.189,403,17,0.4,0.09,-3.567771463,-0.101622857,0.026176321,1,1.697942424,0.015512888,0.2189413,1,0.707172756,-0.057081951,0.006978363,1,3,3,3月3日,100,100,4.62,0.2145,4.445291379,0.000676004,-7.65E-07,4.25E-10,0.065174227,-0.023951514,0.002092542,-1.49E-05,2,2268,1,30,2,2,18,504.734,456.701,25.0001,28.171,30.0003,28.1452,28.024,19.2982,24.165,68.9329,25,403.564,17.2036,87.6471,101.331
47,1652233365,140.5,20220511 09:42:44,9:42:44,0,1652233365,0.001772334,1.772334416,8.346061747,400.023,258.266238,25.9978977,40.26758245,0.102411171,3.01690972,0.10051834,0.062991112,153.4562183,27.57939328,26.7765,3.532445419,49.98552857,1.804608745,3.610262404,1.727836674,-78.15994776,60.32600851,4.313722018,139.9360011,8.205465266,1.769075914,8.346061747,410.6996645,407.3037333,3.04E-05,66.83704872,1.772334416,17.2308967,17.92688242,-8.47E-07,86.59541668,0,0,1,0,53040.39762,-,-,0,0,#DIV/0!,0,-,-,0,0,#DIV/0!,0.5,782.174058,8.346061747,#DIV/0!,0.010670338,#DIV/0!,#DIV/0!,-,0,#DIV/0!,#DIV/0!,#DIV/0!,#DIV/0!,#DIV/0!,#DIV/0!,#DIV/0!,#DIV/0!,927.846,782.174058,0.842999871,0.16538975,2,0.5,0: Broadleaf,2,TRUE,1652233365,400.023,403.587,17.9272,17.2325,395.404,17.7126,500.176,100.563,0.100168,27.1474,26.7765,999.9,0,0,9978.75,0,3.44716,927.846,0.9,0.0999997,0,1.97,0,4742.01,8960.08,40.75,43.625,42.312,42.437,40.812,835.06,92.78,0,1652233365,0,1.6993,0.615664951,-275.5900852,4776.845769,15,1652233242,9:40:42,1652233241,1652233242,1,-0.285,-0.028,4.62,0.189,403,17,0.4,0.09,-3.570427317,-0.224600279,0.029489968,1,1.724945455,-0.191055108,0.213703478,1,0.706028146,-0.077542516,0.007765282,1,3,3,3月3日,100,100,4.619,0.2146,4.445291379,0.000676004,-7.65E-07,4.25E-10,0.065174227,-0.023951514,0.002092542,-1.49E-05,2,2268,1,30,2.1,2,18,504.729,456.605,25.0001,28.1719,30.0003,28.1464,28.0246,19.2967,24.165,68.9329,25,403.475,17.2036,87.6474,101.331
48,1652233367,142.5,20220511 09:42:46,9:42:46,0,1652233367,0.001768628,1.76862838,8.231981238,400.026,259.8237476,26.1549037,40.26822646,0.102222415,3.017340522,0.10033675,0.062876991,153.227451,27.57746138,26.7742,3.531967471,49.98979451,1.80460394,3.609944706,1.727363531,-77.99651155,60.46475949,4.322944212,140.0186431,8.133961028,1.766264423,8.231981238,410.6734178,407.3225091,0.000105898,66.83704872,1.76862838,17.23224676,17.92697912,-5.40E-07,86.59541668,0,0,1,0,53053.94187,-,-,0,0,#DIV/0!,0,-,-,0,0,#DIV/0!,0.5,781.0059,8.231981238,#DIV/0!,0.010540229,#DIV/0!,#DIV/0!,-,0,#DIV/0!,#DIV/0!,#DIV/0!,#DIV/0!,#DIV/0!,#DIV/0!,#DIV/0!,#DIV/0!,926.46,781.0059,0.84300013,0.16539025,2,0.5,0: Broadleaf,2,TRUE,1652233367,400.026,403.562,17.927,17.2332,395.407,17.7125,500.029,100.564,0.100023,27.1459,26.7742,999.9,0,0,9981.25,0,3.44716,926.46,0.899994,0.100006,0,1.9606,0,4734.03,8946.68,40.75,43.625,42.312,42.437,40.812,833.81,92.65,0,1652233367,0,1.727824,0.695976915,-272.4992313,4767.4512,15,1652233242,9:40:42,1652233241,1652233242,1,-0.285,-0.028,4.62,0.189,403,17,0.4,0.09,-3.572492195,-0.155772334,0.028953251,1,1.733325714,-0.106238748,0.206809904,1,0.703813171,-0.074554516,0.007494008,1,3,3,3月3日,100,100,4.619,0.2145,4.445291379,0.000676004,-7.65E-07,4.25E-10,0.065174227,-0.023951514,0.002092542,-1.49E-05,2,2268,1,30,2.1,2.1,18,504.61,456.53,25.0001,28.1731,30.0003,28.147,28.0258,19.2973,24.165,68.9329,25,403.519,17.2036,87.6473,101.331
49,1652233369,144.5,20220511 09:42:48,9:42:48,0,1652233369,0.001770705,1.770705489,8.112971912,400.012,261.7566298,26.34936604,40.26665004,0.102286752,3.02622511,0.100404169,0.062918862,152.9490664,27.57506198,26.7786,3.532881856,49.98889942,1.804666915,3.610135322,1.728214941,-78.08811206,60.07177408,4.282351987,139.2150804,8.140261878,1.764871196,8.112971912,410.6293293,407.3283152,5.71E-05,66.83704872,1.770705489,17.23236579,17.92765824,-2.16E-07,86.59541668,0,0,1,0,53327.71939,-,-,0,0,#DIV/0!,0,-,-,0,0,#DIV/0!,0.5,779.590143,8.112971912,#DIV/0!,0.010406714,#DIV/0!,#DIV/0!,-,0,#DIV/0!,#DIV/0!,#DIV/0!,#DIV/0!,#DIV/0!,#DIV/0!,#DIV/0!,#DIV/0!,924.781,779.590143,0.84299974,0.165389499,2,0.5,0: Broadleaf,2,TRUE,1652233369,400.012,403.549,17.9277,17.2347,395.393,17.7131,500.211,100.564,0.0996052,27.1468,26.7786,999.9,0,0,10035,0,3.44716,924.781,0.900012,0.0999884,0,2.0145,0,4725.21,8930.51,40.75,43.625,42.312,42.437,40.812,832.31,92.47,0,1652233369,0,1.751752,0.048446145,-268.8830771,4756.4748,15,1652233242,9:40:42,1652233241,1652233242,1,-0.285,-0.028,4.62,0.189,403,17,0.4,0.09,-3.57157439,-0.024472474,0.030171515,1,1.723769697,0.113493958,0.207960653,1,0.701544756,-0.064824941,0.006583038,1,3,3,3月3日,100,100,4.619,0.2146,4.445291379,0.000676004,-7.65E-07,4.25E-10,0.065174227,-0.023951514,0.002092542,-1.49E-05,2,2268,1,30,2.1,2.1,18,504.651,456.573,25.0001,28.1734,30.0003,28.1482,28.0269,19.2988,24.165,68.9329,25,403.577,17.2036,87.6475,101.332
50,1652233371,146.5,20220511 09:42:50,9:42:50,0,1652233371,0.001769003,1.769002571,8.192239846,400.006,260.2559674,26.1980901,40.26571738,0.102090068,3.025582046,0.100214256,0.062799573,152.6295412,27.57454812,26.7859,3.534399359,49.98475114,1.804601852,3.610304765,1.729797507,-78.0130134,58.99876034,4.206924045,137.8222122,8.143556731,1.761719148,8.192239846,410.6329869,407.3006485,-0.000148649,66.83704872,1.769002571,17.23304065,17.9277,5.53E-08,86.59541668,0,0,1,0,53307.69465,-,-,0,0,#DIV/0!,0,-,-,0,0,#DIV/0!,0.5,777.960714,8.192239846,#DIV/0!,0.010530403,#DIV/0!,#DIV/0!,-,0,#DIV/0!,#DIV/0!,#DIV/0!,#DIV/0!,#DIV/0!,#DIV/0!,#DIV/0!,#DIV/0!,922.848,777.960714,0.842999837,0.165389686,2,0.5,0: Broadleaf,2,TRUE,1652233371,400.006,403.544,17.9272,17.2354,395.387,17.7126,500.184,100.563,0.0997835,27.1476,26.7859,999.9,0,0,10031.2,0,3.44716,922.848,0.900002,0.0999976,0,1.9362,0,4714.29,8911.82,40.75,43.625,42.312,42.437,40.812,830.57,92.28,0,1652233371,0,1.786492308,0.771227352,-277.970598,4749.400769,15,1652233242,9:40:42,1652233241,1652233242,1,-0.285,-0.028,4.62,0.189,403,17,0.4,0.09,-3.573413659,0.077096237,0.028442924,1,1.717172727,0.583206768,0.204892871,1,0.699467439,-0.053997429,0.005495429,1,3,3,3月3日,100,100,4.619,0.2146,4.445291379,0.000676004,-7.65E-07,4.25E-10,0.065174227,-0.023951514,0.002092542,-1.49E-05,2,2268,1,30,2.2,2.1,18,504.738,456.65,25.0002,28.1743,30.0003,28.1494,28.0281,19.2982,24.165,68.9329,25,403.53,17.2036,87.6481,101.332
51,1652233373,148.5,20220511 09:42:52,9:42:52,0,1652233373,0.001761398,1.761398118,8.158074738,400.005,260.3617473,26.20856207,40.26534611,0.101739702,3.019998501,0.09987324,0.062585617,152.3128526,27.57369225,26.7778,3.532715589,49.98605455,1.80446893,3.609944706,1.728246659,-77.67765702,59.93189199,4.281152541,138.8482401,8.195332038,1.757132954,8.158074738,410.6321086,407.3118121,1.76E-05,66.83704872,1.761398118,17.23428416,17.92615714,3.24E-07,86.59541668,0,0,1,0,53135.74872,-,-,0,0,#DIV/0!,0,-,-,0,0,#DIV/0!,0.5,776.343357,8.158074738,#DIV/0!,0.010508333,#DIV/0!,#DIV/0!,-,0,#DIV/0!,#DIV/0!,#DIV/0!,#DIV/0!,#DIV/0!,#DIV/0!,#DIV/0!,#DIV/0!,920.929,776.343357,0.843000228,0.16539044,2,0.5,0: Broadleaf,2,TRUE,1652233373,400.005,403.564,17.926,17.2358,395.386,17.7114,500.039,100.562,0.100107,27.1459,26.7778,999.9,0,0,9997.5,0,3.44716,920.929,0.899992,0.100008,0,1.8695,0,4704.03,8893.26,40.75,43.625,42.312,42.437,40.875,828.83,92.1,0,1652233373,0,1.774316,0.529500005,-278.7769236,4739.6808,15,1652233242,9:40:42,1652233241,1652233242,1,-0.285,-0.028,4.62,0.189,403,17,0.4,0.09,-3.571767073,0.143365505,0.029111823,1,1.733014286,0.704303718,0.233326064,1,0.697604829,-0.046131679,0.004649612,1,3,3,3月3日,100,100,4.619,0.2146,4.445291379,0.000676004,-7.65E-07,4.25E-10,0.065174227,-0.023951514,0.002092542,-1.49E-05,2,2268,1,30,2.2,2.2,18,504.593,456.743,25.0001,28.1755,30.0002,28.1506,28.0291,19.2979,24.165,68.5618,25,403.567,17.2036,87.6486,101.331
52,1652233375,150.5,20220511 09:42:54,9:42:54,0,1652233375,0.001760233,1.760233084,8.260535294,399.969,258.7732079,26.0486597,40.26172747,0.101780402,3.019998501,0.099912461,0.06261026,151.9904659,27.57013946,26.7694,3.530970196,49.9935999,1.80452956,3.609521147,1.726440636,-77.62627899,60.97390261,4.355360683,139.6934503,8.205283648,1.758198566,8.260535294,410.6339027,407.2742121,-0.000213721,66.83704872,1.760233084,17.2351518,17.92635275,-2.68E-07,86.59541668,0,0,1,0,53136.10279,-,-,0,0,#DIV/0!,0,-,-,0,0,#DIV/0!,0.5,774.704115,8.260535294,#DIV/0!,0.010662826,#DIV/0!,#DIV/0!,-,0,#DIV/0!,#DIV/0!,#DIV/0!,#DIV/0!,#DIV/0!,#DIV/0!,#DIV/0!,#DIV/0!,918.985,774.704115,0.842999739,0.165389496,2,0.5,0: Broadleaf,2,TRUE,1652233375,399.969,403.531,17.9266,17.2362,395.35,17.712,500.197,100.562,0.10012,27.1439,26.7694,999.9,0,0,9997.5,0,3.44716,918.985,0.900008,0.0999915,0,1.9148,0,4692.99,8874.53,40.75,43.625,42.312,42.437,40.875,827.09,91.89,0,1652233375,0,1.75584,-0.119884611,-278.3400001,4728.584,15,1652233242,9:40:42,1652233241,1652233242,1,-0.285,-0.028,4.62,0.189,403,17,0.4,0.09,-3.567724634,0.144765993,0.029111779,1,1.758293939,-0.000555987,0.220541377,1,0.696097683,-0.040935889,0.004129806,1,3,3,3月3日,100,100,4.619,0.2146,4.445291379,0.000676004,-7.65E-07,4.25E-10,0.065174227,-0.023951514,0.002092542,-1.49E-05,2,2268,1,30,2.2,2.2,18,504.586,456.664,25,28.1767,30.0002,28.1515,28.0299,19.3002,24.165,68.5618,25,403.558,17.2036,87.6486,101.331
53,1652233377,152.5,20220511 09:42:56,9:42:56,0,1652233377,0.001760538,1.76053768,8.210458625,399.965,259.5926865,26.13145259,40.26179079,0.101810249,3.014836465,0.099938086,0.062626643,151.7587795,27.56941324,26.7691,3.530907875,49.99529402,1.80459071,3.609521147,1.726317165,-77.63971169,60.91844163,4.358843087,139.3963525,8.187357976,1.771413471,8.210458625,410.6038909,407.2641091,-0.0001342,66.83704872,1.76053768,17.23560844,17.92693956,-2.57E-07,86.59541668,0,0,1,0,52977.24367,-,-,0,0,#DIV/0!,0,-,-,0,0,#DIV/0!,0.5,773.520813,8.210458625,#DIV/0!,0.010614399,#DIV/0!,#DIV/0!,-,0,#DIV/0!,#DIV/0!,#DIV/0!,#DIV/0!,#DIV/0!,#DIV/0!,#DIV/0!,#DIV/0!,917.581,773.520813,0.843000033,0.165390063,2,0.5,0: Broadleaf,2,TRUE,1652233377,399.965,403.522,17.927,17.2314,395.345,17.7124,500.189,100.563,0.100285,27.1439,26.7691,999.9,0,0,9966.25,0,3.44716,917.581,0.900003,0.0999968,0,1.7744,0,4685.42,8860.96,40.75,43.625,42.312,42.437,40.875,825.83,91.76,0,1652233377,0,1.747326923,-0.131196575,-283.2984613,4721.621538,15,1652233242,9:40:42,1652233241,1652233242,1,-0.285,-0.028,4.62,0.189,403,17,0.4,0.09,-3.56433,0.133741045,0.028712165,1,1.746772727,-0.133191111,0.215826756,1,0.694896512,-0.034884105,0.003593081,1,3,3,3月3日,100,100,4.62,0.2146,4.445291379,0.000676004,-7.65E-07,4.25E-10,0.065174227,-0.023951514,0.002092542,-1.49E-05,2,2268,1,30,2.3,2.2,18,504.655,456.523,25.0001,28.1779,30.0002,28.1524,28.0311,19.3005,24.165,68.5618,25,403.609,17.2036,87.649,101.331
54,1652233379,154.5,20220511 09:42:58,9:42:58,0,1652233379,0.00175797,1.757969946,8.083635353,399.996,261.2983522,26.30309746,40.26483015,0.101556128,3.016495268,0.099694211,0.062473324,151.5710449,27.56846751,26.7766,3.532466201,49.99272652,1.804466275,3.609457617,1.727999926,-77.52647463,59.68348249,4.268284379,137.9963372,8.365723288,1.795456496,8.083635353,410.5925809,407.3019091,0.000198123,66.83704872,1.757969946,17.23609971,17.92657473,1.26E-07,86.59541668,0,0,1,0,53028.3165,-,-,0,0,#DIV/0!,0,-,-,0,0,#DIV/0!,0.5,772.570815,8.083635353,#DIV/0!,0.010463294,#DIV/0!,#DIV/0!,-,0,#DIV/0!,#DIV/0!,#DIV/0!,#DIV/0!,#DIV/0!,#DIV/0!,#DIV/0!,#DIV/0!,916.455,772.570815,0.842999182,0.165388421,2,0.5,0: Broadleaf,2,TRUE,1652233379,399.996,403.629,17.9258,17.2206,395.377,17.7113,500.077,100.563,0.100082,27.1436,26.7766,999.9,0,0,9976.25,0,3.44716,916.455,0.900024,0.0999762,0,1.688,0,4679.48,8850.13,40.75,43.625,42.312,42.437,40.812,824.83,91.62,0,1652233379,0,1.761116,-0.453461535,-280.3553851,4712.032,15,1652233242,9:40:42,1652233241,1652233242,1,-0.285,-0.028,4.62,0.189,403,17,0.4,0.09,-3.562860488,0.111689268,0.028758204,1,1.750842857,0.013890411,0.209459464,1,0.694434537,-0.020143986,0.003093324,1,3,3,3月3日,100,100,4.619,0.2145,4.445291379,0.000676004,-7.65E-07,4.25E-10,0.065174227,-0.023951514,0.002092542,-1.49E-05,2,2268,1,30,2.3,2.3,18,504.727,456.544,25.0001,28.1785,30.0002,28.1536,28.0317,19.2975,24.165,68.5618,25,403.538,17.2036,87.6495,101.331
55,1652233381,156.5,20220511 09:43:00,9:43:00,0,1652233381,0.001756778,1.756777724,8.342295922,400.001,257.0703691,25.87717453,40.26483382,0.101438902,3.021966389,0.099584536,0.062404119,151.2587313,27.56656171,26.7783,3.532819505,49.98202328,1.8041117,3.609521147,1.728707805,-77.47389765,59.56364412,4.252044609,137.6005223,8.401804616,1.808986325,8.342295922,410.6812153,407.2869636,-5.30E-06,66.83704872,1.756777724,17.23341279,17.92330659,4.29E-07,86.59541668,0,0,1,0,53196.75873,-,-,0,0,#DIV/0!,0,-,-,0,0,#DIV/0!,0.5,770.968599,8.342295922,#DIV/0!,0.010820539,#DIV/0!,#DIV/0!,-,0,#DIV/0!,#DIV/0!,#DIV/0!,#DIV/0!,#DIV/0!,#DIV/0!,#DIV/0!,#DIV/0!,914.553,770.968599,0.843000459,0.165390886,2,0.5,0: Broadleaf,2,TRUE,1652233381,400.001,403.65,17.9225,17.2121,395.382,17.708,500.159,100.562,0.0998329,27.1439,26.7783,999.9,0,0,10009.4,0,3.44716,914.553,0.899989,0.100011,0,1.9153,0,4668.35,8831.68,40.75,43.625,42.312,42.437,40.812,823.09,91.47,0,1652233381,0,1.761636,-0.259184604,-277.0038463,4700.6692,15,1652233242,9:40:42,1652233241,1652233242,1,-0.285,-0.028,4.62,0.189,403,17,0.4,0.09,-3.571320244,0.015278049,0.036125116,1,1.753115152,-0.071170709,0.209839766,1,0.69498961,0.008627854,0.004393816,1,3,3,3月3日,100,100,4.619,0.2145,4.445291379,0.000676004,-7.65E-07,4.25E-10,0.065174227,-0.023951514,0.002092542,-1.49E-05,2,2268,1,30,2.3,2.3,18,504.685,456.671,25.0001,28.1797,30.0003,28.1542,28.0329,19.2974,24.165,68.5618,25,403.531,17.2036,87.6491,101.331
56,1652233383,158.5,20220511 09:43:02,9:43:02,0,1652233383,0.001770089,1.770089117,8.409923009,399.981,257.1446404,25.88492419,40.2632458,0.102340473,3.021156269,0.100452833,0.062949717,150.9785024,27.56139839,26.767,3.530471651,49.970881,1.803677771,3.609457617,1.726793881,-78.06093007,61.33931882,4.37972415,138.6366153,8.320178174,1.805290317,8.409923009,410.7152966,407.2932727,1.11E-06,66.83704872,1.770089117,17.2232215,17.9183967,-3.08E-08,86.59541668,0,0,1,0,53171.85749,-,-,0,0,#DIV/0!,0,-,-,0,0,#DIV/0!,0.5,769.545828,8.409923009,#DIV/0!,0.010928424,#DIV/0!,#DIV/0!,-,0,#DIV/0!,#DIV/0!,#DIV/0!,#DIV/0!,#DIV/0!,#DIV/0!,#DIV/0!,#DIV/0!,912.866,769.545828,0.84299977,0.165389556,2,0.5,0: Broadleaf,2,TRUE,1652233383,399.981,403.597,17.918,17.209,395.362,17.7037,500.125,100.563,0.099896,27.1436,26.767,999.9,0,0,10004.4,0,3.44716,912.866,0.900007,0.0999934,0,1.6479,0,4658.97,8815.43,40.75,43.625,42.312,42.437,40.812,821.59,91.28,0,1652233383,0,1.753976923,-0.378516225,-282.2748715,4693.545385,15,1652233242,9:40:42,1652233241,1652233242,1,-0.285,-0.028,4.62,0.189,403,17,0.4,0.09,-3.576357805,-0.130950105,0.041646683,1,1.766275758,-0.256754005,0.195505937,1,0.696147951,0.03724777,0.006205248,1,3,3,3月3日,100,100,4.619,0.2143,4.445291379,0.000676004,-7.65E-07,4.25E-10,0.065174227,-0.023951514,0.002092542,-1.49E-05,2,2268,1,30,2.4,2.3,18,504.571,456.58,25.0002,28.1806,30.0002,28.1554,28.0341,19.2991,24.165,68.5618,25,403.626,17.2036,87.6485,101.331
57,1652233385,160.5,20220511 09:43:04,9:43:04,0,1652233385,0.001787808,1.787807549,8.269322327,400.012,260.9052302,26.26344083,40.26631235,0.103565603,3.026208658,0.10163612,0.063692937,150.6188041,27.55361961,26.7507,3.527087324,49.96169614,1.803282767,3.60933056,1.723804557,-78.84231291,64.00333747,4.561924162,140.3417528,8.168883016,1.798088267,8.269322327,410.6770804,407.3110727,0.00011251,66.83704872,1.787807549,17.21319487,17.91546374,-1.17E-06,86.59541668,0,0,1,0,53327.86426,-,-,0,0,#DIV/0!,0,-,-,0,0,#DIV/0!,0.5,767.710044,8.269322327,#DIV/0!,0.010771413,#DIV/0!,#DIV/0!,-,0,#DIV/0!,#DIV/0!,#DIV/0!,#DIV/0!,#DIV/0!,#DIV/0!,#DIV/0!,#DIV/0!,910.688,767.710044,0.843000066,0.165390127,2,0.5,0: Broadleaf,2,TRUE,1652233385,400.012,403.567,17.9141,17.2078,395.393,17.7,500.036,100.563,0.099761,27.143,26.7507,999.9,0,0,10035,0,3.44716,910.688,0.899995,0.100005,0,1.6719,0,4646.79,8794.38,40.75,43.625,42.312,42.437,40.812,819.61,91.07,0,1652233385,0,1.744028,-0.329869213,-280.0561544,4683.6516,15,1652233242,9:40:42,1652233241,1652233242,1,-0.285,-0.028,4.62,0.189,403,17,0.4,0.09,-3.574272195,-0.254814355,0.04010169,1,1.75124,-0.104719374,0.199514809,1,0.697459854,0.055334341,0.00723334,1,3,3,3月3日,100,100,4.619,0.2141,4.445291379,0.000676004,-7.65E-07,4.25E-10,0.065174227,-0.023951514,0.002092542,-1.49E-05,2,2268,1,30,2.4,2.4,18,504.594,456.489,25.0001,28.1809,30.0003,28.1563,28.0353,19.2981,24.165,68.5618,25,403.559,17.2037,87.6477,101.331
58,1652233387,162.5,20220511 09:43:06,9:43:06,0,1652233387,0.001789854,1.789854102,8.128290603,400.045,263.273683,26.50163526,40.26929907,0.103693371,3.025565594,0.101758769,0.063770041,150.2988656,27.55135397,26.749,3.52673452,49.95514466,1.803046302,3.60933056,1.723688218,-78.9325659,64.26703117,4.581653953,140.2149848,7.998875357,1.792006195,8.128290603,410.6415621,407.3335394,0.000188466,66.83704872,1.789854102,17.20937714,17.91224066,-1.27E-06,86.59541668,0,0,1,0,53307.98154,-,-,0,0,#DIV/0!,0,-,-,0,0,#DIV/0!,0.5,766.075857,8.128290603,#DIV/0!,0.010610295,#DIV/0!,#DIV/0!,-,0,#DIV/0!,#DIV/0!,#DIV/0!,#DIV/0!,#DIV/0!,#DIV/0!,#DIV/0!,#DIV/0!,908.749,766.075857,0.843000495,0.165390956,2,0.5,0: Broadleaf,2,TRUE,1652233387,400.045,403.53,17.9119,17.2082,395.426,17.6979,500.187,100.562,0.0999232,27.143,26.749,999.9,0,0,10031.2,0,3.44716,908.749,0.899986,0.100014,0,1.6362,0,4636.33,8775.62,40.75,43.625,42.312,42.437,40.812,817.86,90.89,0,1652233387,0,1.738828,0.540123086,-280.9176924,4672.4936,15,1652233242,9:40:42,1652233241,1652233242,1,-0.285,-0.028,4.62,0.189,403,17,0.4,0.09,-3.57096439,-0.224712334,0.040169206,1,1.753039394,-0.21093628,0.194121469,1,0.698596488,0.063639094,0.007610485,1,3,3,3月3日,100,100,4.619,0.214,4.445291379,0.000676004,-7.65E-07,4.25E-10,0.065174227,-0.023951514,0.002092542,-1.49E-05,2,2268,1,30,2.4,2.4,18,504.679,456.464,25.0001,28.1821,30.0003,28.1572,28.0363,19.2993,24.165,68.5618,25,403.59,17.2036,87.6475,101.331
59,1652233389,164.5,20220511 09:43:08,9:43:08,0,1652233389,0.001785801,1.785801009,8.074432182,400.023,263.6052281,26.53558488,40.26795807,0.103303989,3.020445009,0.101380554,0.063532676,150.1099733,27.5499424,26.7597,3.52895562,49.952328,1.802733094,3.608907064,1.726222527,-78.75382448,62.0902176,4.434163993,137.8805304,8.172493425,1.783352271,8.074432182,410.6099771,407.3249455,-8.23E-06,66.83704872,1.785801009,17.20793056,17.9091989,-1.05E-06,86.59541668,0,0,1,0,53150.41796,-,-,0,0,#DIV/0!,0,-,-,0,0,#DIV/0!,0.5,765.119958,8.074432182,#DIV/0!,0.010553158,#DIV/0!,#DIV/0!,-,0,#DIV/0!,#DIV/0!,#DIV/0!,#DIV/0!,#DIV/0!,#DIV/0!,#DIV/0!,#DIV/0!,907.616,765.119958,0.842999636,0.165389298,2,0.5,0: Broadleaf,2,TRUE,1652233389,400.023,403.576,17.9084,17.2081,395.403,17.6945,500.19,100.564,0.100107,27.141,26.7597,999.9,0,0,10000,0,3.44716,907.616,0.900007,0.0999925,0,1.6664,0,4630.03,8764.74,40.75,43.625,42.312,42.437,40.812,816.86,90.75,0,1652233389,0,1.734030769,0.380150436,-282.9456408,4665.53,15,1652233242,9:40:42,1652233241,1652233242,1,-0.285,-0.028,4.62,0.189,403,17,0.4,0.09,-3.568063902,-0.055743136,0.043797776,1,1.759921212,-0.130275204,0.198896673,1,0.699499146,0.061447066,0.007545718,1,3,3,3月3日,100,100,4.62,0.2139,4.445291379,0.000676004,-7.65E-07,4.25E-10,0.065174227,-0.023951514,0.002092542,-1.49E-05,2,2268,1,30,2.5,2.4,18,504.658,456.369,25.0002,28.1833,30.0002,28.1584,28.0371,19.2968,24.165,68.5618,25,403.55,17.2085,87.6483,101.33
60,1652233391,166.5,20220511 09:43:10,9:43:10,0,1652233391,0.001777865,1.777865454,8.214552387,400.011,260.9234871,26.26562591,40.26674411,0.102894443,3.0194108,0.100985436,0.063284464,149.8808752,27.54906645,26.7537,3.527709993,49.94865533,1.802420766,3.608547126,1.725289227,-78.40386653,62.76892239,4.483996364,138.7299274,8.279569956,1.775483347,8.214552387,410.6379705,407.2964424,-0.000181362,66.83704872,1.777865454,17.20795766,17.9061989,-9.08E-07,86.59541668,0,0,1,0,53118.85466,-,-,0,0,#DIV/0!,0,-,-,0,0,#DIV/0!,0.5,763.950114,8.214552387,#DIV/0!,0.010752734,#DIV/0!,#DIV/0!,-,0,#DIV/0!,#DIV/0!,#DIV/0!,#DIV/0!,#DIV/0!,#DIV/0!,#DIV/0!,#DIV/0!,906.228,763.950114,0.842999901,0.165389808,2,0.5,0: Broadleaf,2,TRUE,1652233391,400.011,403.606,17.9053,17.208,395.392,17.6915,500.127,100.564,0.100092,27.1393,26.7537,999.9,0,0,9993.75,0,3.44716,906.228,0.900001,0.0999992,0,1.8227,0,4622.54,8751.32,40.75,43.625,42.312,42.437,40.812,815.61,90.62,0,1652233391,0,1.746568,-0.319253838,-276.8400005,4655.874,15,1652233242,9:40:42,1652233241,1652233242,1,-0.285,-0.028,4.62,0.189,403,17,0.4,0.09,-3.570482927,0.0015623,0.042752233,1,1.743225714,-0.281267319,0.195003476,1,0.700128683,0.050396739,0.007277055,1,3,3,3月3日,100,100,4.619,0.2138,4.445291379,0.000676004,-7.65E-07,4.25E-10,0.065174227,-0.023951514,0.002092542,-1.49E-05,2,2268,1,30,2.5,2.5,18,504.683,456.311,25.0001,28.1845,30.0001,28.1596,28.0383,19.2971,24.165,68.5618,25,403.534,17.2082,87.6485,101.33
61,1652233393,168.5,20220511 09:43:12,9:43:12,0,1652233393,0.001771489,1.771489347,8.279935028,400,259.4481609,26.11659308,40.2648344,0.102533936,3.018550089,0.10063762,0.063065968,149.6075022,27.54952021,26.7519,3.52733638,49.94510713,1.802324451,3.608610642,1.725011929,-78.12268021,63.09277527,4.50838267,139.0859799,8.28689026,1.77265715,8.279935028,410.6659387,407.2975091,-4.52E-05,66.83704872,1.771489347,17.20833633,17.90398571,-1.07E-06,86.59541668,0,0,1,0,53092.25001,-,-,0,0,#DIV/0!,0,-,-,0,0,#DIV/0!,0.5,762.555129,8.279935028,#DIV/0!,0.010858146,#DIV/0!,#DIV/0!,-,0,#DIV/0!,#DIV/0!,#DIV/0!,#DIV/0!,#DIV/0!,#DIV/0!,#DIV/0!,#DIV/0!,904.573,762.555129,0.843000099,0.165390192,2,0.5,0: Broadleaf,2,TRUE,1652233393,400,403.597,17.9047,17.2086,395.38,17.6909,500.192,100.562,0.100086,27.1396,26.7519,999.9,0,0,9988.75,0,3.45126,904.573,0.899993,0.100007,0,1.7789,0,4613.64,8735.32,40.687,43.625,42.312,42.437,40.812,814.11,90.46,0,1652233393,0,1.738744,-0.077384607,-272.363077,4644.838,15,1652233242,9:40:42,1652233241,1652233242,1,-0.285,-0.028,4.62,0.189,403,17,0.4,0.09,-3.574678049,0.009382578,0.042441529,1,1.730142424,0.136923773,0.157012545,1,0.700666585,0.030423617,0.006831605,1,3,3,3月3日,100,100,4.62,0.2138,4.445291379,0.000676004,-7.65E-07,4.25E-10,0.065174227,-0.023951514,0.002092542,-1.49E-05,2,2268,1,30,2.5,2.5,18,504.678,456.354,25,28.1854,30.0001,28.1608,28.0395,19.2957,24.165,68.5618,25,403.63,17.2075,87.6481,101.33
62,1652233395,170.5,20220511 09:43:14,9:43:14,0,1652233395,0.001772037,1.772037463,8.169576937,400.016,261.0849694,26.2810775,40.26601578,0.102457676,3.016772391,0.100563058,0.063019217,149.3330786,27.54713266,26.7599,3.528997148,49.94442249,1.802204578,3.608420097,1.726792569,-78.14685214,61.60812031,4.405045036,137.1993918,8.260390135,1.766519227,8.169576937,410.6559961,407.3307091,0.000182732,66.83704872,1.772037463,17.20795402,17.90392857,-1.06E-06,86.59541668,0,0,1,0,53037.66662,-,-,0,0,#DIV/0!,0,-,-,0,0,#DIV/0!,0.5,761.160357,8.169576937,#DIV/0!,0.010733056,#DIV/0!,#DIV/0!,-,0,#DIV/0!,#DIV/0!,#DIV/0!,#DIV/0!,#DIV/0!,#DIV/0!,#DIV/0!,#DIV/0!,902.919,761.160357,0.842999601,0.16538923,2,0.5,0: Broadleaf,2,TRUE,1652233395,400.016,403.602,17.9037,17.2099,395.397,17.69,500.113,100.561,0.100013,27.1387,26.7599,999.9,0,0,9978.12,0,3.47862,902.919,0.900011,0.099989,0,1.8998,0,4603.42,8719.39,40.75,43.625,42.312,42.437,40.812,812.64,90.28,0,1652233395,0,1.752461538,0.182557276,-276.579145,4637.762308,15,1652233242,9:40:42,1652233241,1652233242,1,-0.285,-0.028,4.62,0.189,403,17,0.4,0.09,-3.57775122,0.045907944,0.04176478,1,1.731475758,-0.102546901,0.151386581,1,0.701142537,0.002868711,0.006251723,1,3,3,3月3日,100,100,4.619,0.2137,4.445291379,0.000676004,-7.65E-07,4.25E-10,0.065174227,-0.023951514,0.002092542,-1.49E-05,2,2268,1,30,2.6,2.5,18,504.652,456.414,25.0001,28.1863,30.0002,28.1614,28.0406,19.2967,24.165,68.5618,25,403.688,17.2105,87.6484,101.331
63,1652233397,172.5,20220511 09:43:16,9:43:16,0,1652233397,0.00177017,1.770170156,8.261613217,400.031,259.4985162,26.1216298,40.26790536,0.102329378,3.017203217,0.10043972,0.062941697,148.9629194,27.5437276,26.7612,3.529267087,49.94820133,1.802161174,3.608060202,1.727105913,-78.06450387,61.12892822,4.370149427,136.3974932,7.964340203,1.761316666,8.261613217,410.6703014,407.3084667,-2.46E-05,66.83704872,1.770170156,17.20832498,17.90360549,-4.95E-07,86.59541668,0,0,1,0,53051.24655,-,-,0,0,#DIV/0!,0,-,-,0,0,#DIV/0!,0.5,759.269928,8.261613217,#DIV/0!,0.010880996,#DIV/0!,#DIV/0!,-,0,#DIV/0!,#DIV/0!,#DIV/0!,#DIV/0!,#DIV/0!,#DIV/0!,#DIV/0!,#DIV/0!,900.676,759.269928,0.843000067,0.165390129,2,0.5,0: Broadleaf,2,TRUE,1652233397,400.031,403.498,17.9031,17.2113,395.412,17.6894,500.082,100.562,0.0999621,27.137,26.7612,999.9,0,0,9980.62,0,3.50188,900.676,0.899999,0.100001,0,1.6537,0,4592.19,8697.7,40.75,43.625,42.312,42.437,40.812,810.61,90.07,0,1652233397,0,1.75964,0.493476938,-277.301539,4627.9752,15,1652233242,9:40:42,1652233241,1652233242,1,-0.285,-0.028,4.62,0.189,403,17,0.4,0.09,-3.578613415,0.125098955,0.041808916,1,1.760211429,0.279654012,0.162720386,1,0.70141039,-0.028452376,0.005847262,1,3,3,3月3日,100,100,4.619,0.2137,4.445291379,0.000676004,-7.65E-07,4.25E-10,0.065174227,-0.023951514,0.002092542,-1.49E-05,2,2268,1,30,2.6,2.6,18,504.693,456.352,25.0001,28.1875,30.0002,28.1626,28.0412,19.2972,24.165,68.5618,25,403.508,17.2117,87.6487,101.33
64,1652233399,174.5,20220511 09:43:18,9:43:18,0,1652233399,0.001764341,1.764341294,8.101949247,400.005,261.6369457,26.33688182,40.26527823,0.102046988,3.020825619,0.10016985,0.062771934,148.688554,27.54407299,26.7559,3.528166679,49.94387772,1.802100333,3.608250731,1.726066346,-77.80745108,62.21204279,4.442151065,137.5352968,7.952339005,1.758643641,8.101949247,410.5859782,407.2904182,-0.000133282,66.83704872,1.764341294,17.20983642,17.90267473,-1.47E-07,86.59541668,0,0,1,0,53162.65379,-,-,0,0,#DIV/0!,0,-,-,0,0,#DIV/0!,0.5,757.869885,8.101949247,#DIV/0!,0.010690422,#DIV/0!,#DIV/0!,-,0,#DIV/0!,#DIV/0!,#DIV/0!,#DIV/0!,#DIV/0!,#DIV/0!,#DIV/0!,#DIV/0!,899.015,757.869885,0.843000267,0.165390515,2,0.5,0: Broadleaf,2,TRUE,1652233399,400.005,403.466,17.9025,17.2119,395.385,17.6888,500.191,100.562,0.0999373,27.1379,26.7559,999.9,0,0,10002.5,0,3.50188,899.015,0.899991,0.100009,0,1.9239,0,4582.69,8681.64,40.687,43.625,42.312,42.437,40.812,809.11,89.91,0,1652233399,0,1.768696,0.398846159,-276.8638462,4616.7864,15,1652233242,9:40:42,1652233241,1652233242,1,-0.285,-0.028,4.62,0.189,403,17,0.4,0.09,-3.570733902,0.343391707,0.052722823,1,1.74939697,0.060254542,0.168310209,1,0.701147,-0.056293296,0.006173341,1,3,3,3月3日,100,100,4.62,0.2137,4.445291379,0.000676004,-7.65E-07,4.25E-10,0.065174227,-0.023951514,0.002092542,-1.49E-05,2,2268,1,30,2.6,2.6,18,504.592,456.378,25.0001,28.1881,30.0003,28.1635,28.0424,19.2985,24.165,68.5618,25,403.638,17.2131,87.649,101.33
65,1652233401,176.5,20220511 09:43:20,9:43:20,0,1652233401,0.001761253,1.761252505,7.959970288,399.983,263.6726107,26.5418395,40.26312994,0.101901255,3.019998501,0.100028919,0.062683431,148.4586869,27.54383996,26.7529,3.527543939,49.94225797,1.802063034,3.608293071,1.725480904,-77.67123546,62.71601411,4.47930011,137.9827656,8.142634656,1.756193024,7.959970288,410.5255962,407.2871576,-6.83E-05,66.83704872,1.761252505,17.21097356,17.90266154,-1.99E-07,86.59541668,0,0,1,0,53137.12961,-,-,0,0,#DIV/0!,0,-,-,0,0,#DIV/0!,0.5,756.695856,7.959970288,#DIV/0!,0.010519379,#DIV/0!,#DIV/0!,-,0,#DIV/0!,#DIV/0!,#DIV/0!,#DIV/0!,#DIV/0!,#DIV/0!,#DIV/0!,#DIV/0!,897.622,756.695856,0.843000568,0.165391097,2,0.5,0: Broadleaf,2,TRUE,1652233401,399.983,403.52,17.9021,17.2124,395.364,17.6884,500.146,100.562,0.100103,27.1381,26.7529,999.9,0,0,9997.5,0,3.51966,897.622,0.899985,0.100015,0,1.7179,0,4574.82,8668.17,40.75,43.625,42.312,42.437,40.812,807.85,89.78,0,1652233401,0,1.768557692,0.316605127,-279.4123074,4610.078077,15,1652233242,9:40:42,1652233241,1652233242,1,-0.285,-0.028,4.62,0.189,403,17,0.4,0.09,-3.55620122,0.397017282,0.056550667,1,1.770409091,0.373182188,0.179784692,1,0.699891,-0.06760407,0.006747715,1,3,3,3月3日,100,100,4.619,0.2137,4.445291379,0.000676004,-7.65E-07,4.25E-10,0.065174227,-0.023951514,0.002092542,-1.49E-05,2,2268,1,30,2.7,2.6,18,504.568,456.387,25,28.1893,30.0003,28.1644,28.0435,19.2986,24.165,68.5618,25,403.617,17.2169,87.6492,101.33
66,1652233403,178.5,20220511 09:43:22,9:43:22,0,1652233403,0.001756224,1.756223897,8.133759205,399.995,260.6133156,26.23407974,40.26463769,0.101626372,3.022709893,0.099765663,0.062517879,148.2245523,27.54322948,26.7508,3.527108078,49.94098404,1.801995921,3.608250731,1.725112156,-77.44947386,63.08194597,4.501342513,138.3583669,8.262238663,1.754170645,8.133759205,410.5772981,407.2677636,-8.06E-05,66.83704872,1.756223897,17.21172939,17.90153626,-8.06E-08,86.59541668,0,0,1,0,53220.77392,-,-,0,0,#DIV/0!,0,-,-,0,0,#DIV/0!,0.5,755.507499,8.133759205,#DIV/0!,0.010765954,#DIV/0!,#DIV/0!,-,0,#DIV/0!,#DIV/0!,#DIV/0!,#DIV/0!,#DIV/0!,#DIV/0!,#DIV/0!,#DIV/0!,896.213,755.507499,0.842999933,0.165389871,2,0.5,0: Broadleaf,2,TRUE,1652233403,399.995,403.58,17.9013,17.2123,395.376,17.6877,500.078,100.563,0.0998525,27.1379,26.7508,999.9,0,0,10013.8,0,3.54702,896.213,0.900005,0.0999949,0,1.6442,0,4567.44,8654.62,40.687,43.625,42.312,42.437,40.875,806.6,89.62,0,1652233403,0,1.763232,0.388869235,-275.5846158,4600.558,15,1652233242,9:40:42,1652233241,1652233242,1,-0.285,-0.028,4.62,0.189,403,17,0.4,0.09,-3.546923902,0.221056725,0.048784937,1,1.763094286,0.274893933,0.176842574,1,0.697952659,-0.06500653,0.00651639,1,3,3,3月3日,100,100,4.619,0.2136,4.445291379,0.000676004,-7.65E-07,4.25E-10,0.065174227,-0.023951514,0.002092542,-1.49E-05,2,2268,1,30,2.7,2.7,18,504.671,456.359,25,28.1902,30.0002,28.1655,28.0442,19.297,24.165,68.5618,25,403.567,17.2165,87.649,101.33
67,1652233405,180.5,20220511 09:43:24,9:43:24,0,1652233405,0.00175358,1.753580196,8.26468048,399.988,258.3388787,26.00487744,40.26354442,0.101466797,3.022263857,0.0996116,0.062421107,148.0006308,27.54466998,26.7511,3.527170341,49.935479,1.802008727,3.608674159,1.725161613,-77.33288663,63.34962919,4.521162763,138.5385361,8.416864634,1.75350337,8.26468048,410.6426067,407.279897,2.49E-05,66.83704872,1.753580196,17.2123251,17.90095714,-2.04E-07,86.59541668,0,0,1,0,53206.64082,-,-,0,0,#DIV/0!,0,-,-,0,0,#DIV/0!,0.5,754.364571,8.26468048,#DIV/0!,0.010955817,#DIV/0!,#DIV/0!,-,0,#DIV/0!,#DIV/0!,#DIV/0!,#DIV/0!,#DIV/0!,#DIV/0!,#DIV/0!,#DIV/0!,894.857,754.364571,0.843000134,0.165390259,2,0.5,0: Broadleaf,2,TRUE,1652233405,399.988,403.634,17.9016,17.213,395.369,17.6879,500.178,100.562,0.0998809,27.1399,26.7511,999.9,0,0,10011.2,0,3.55659,894.857,0.899998,0.100002,0,1.7893,0,4559.81,8641.5,40.687,43.625,42.312,42.437,40.812,805.37,89.49,0,1652233405,0,1.767624,-0.487530766,-269.2315385,4589.5952,15,1652233242,9:40:42,1652233241,1652233242,1,-0.285,-0.028,4.62,0.189,403,17,0.4,0.09,-3.545642927,0.016450453,0.047426108,1,1.760342424,0.007840869,0.167237943,1,0.695954073,-0.058327589,0.005888122,1,3,3,3月3日,100,100,4.619,0.2137,4.445291379,0.000676004,-7.65E-07,4.25E-10,0.065174227,-0.023951514,0.002092542,-1.49E-05,2,2268,1,30,2.7,2.7,18,504.63,456.469,25,28.1905,30.0003,28.1661,28.0454,19.2963,24.165,68.5618,25,403.547,17.2197,87.6487,101.33
68,1652233407,182.5,20220511 09:43:26,9:43:26,0,1652233407,0.001758422,1.758422091,8.370101235,399.996,257.0518511,25.87540973,40.26448495,0.101758634,3.017826255,0.099890167,0.062596371,147.6742252,27.54212854,26.7512,3.527191095,49.93759934,1.802085243,3.608674159,1.725105852,-77.54641423,63.24034298,4.520002172,137.8881561,8.346680176,1.752646062,8.370101235,410.6940185,407.2882242,2.59E-05,66.83704872,1.758422091,17.21229903,17.90287033,-4.79E-07,86.59541668,0,0,1,0,53069.91117,-,-,0,0,#DIV/0!,0,-,-,0,0,#DIV/0!,0.5,752.704314,8.370101235,#DIV/0!,0.011120039,#DIV/0!,#DIV/0!,-,0,#DIV/0!,#DIV/0!,#DIV/0!,#DIV/0!,#DIV/0!,#DIV/0!,#DIV/0!,#DIV/0!,892.888,752.704314,0.842999698,0.165389416,2,0.5,0: Broadleaf,2,TRUE,1652233407,399.996,403.614,17.9023,17.214,395.377,17.6886,500.151,100.562,0.100219,27.1399,26.7512,999.9,0,0,9984.38,0,3.55659,892.888,0.900015,0.0999846,0,1.4657,0,4548.94,8622.53,40.687,43.625,42.312,42.437,40.812,803.61,89.28,0,1652233407,0,1.742107692,-1.025579482,-272.4413672,4582.614231,15,1652233242,9:40:42,1652233241,1652233242,1,-0.285,-0.028,4.62,0.189,403,17,0.4,0.09,-3.552885122,-0.146853031,0.054395308,1,1.751272727,-0.208593227,0.171899051,1,0.694193756,-0.048569937,0.004968267,1,3,3,3月3日,100,100,4.619,0.2137,4.445291379,0.000676004,-7.65E-07,4.25E-10,0.065174227,-0.023951514,0.002092542,-1.49E-05,2,2268,1,30,2.8,2.7,18,504.593,456.39,25,28.1917,30.0004,28.1673,28.046,19.296,24.165,68.5618,25,403.501,17.2194,87.6487,101.329
69,1652233409,184.5,20220511 09:43:28,9:43:28,0,1652233409,0.001752197,1.752197417,8.393044999,399.986,256.4936485,25.81967276,40.26418466,0.10159746,3.019720301,0.099735994,0.062499401,147.3162886,27.53881556,26.7343,3.523685092,49.94190902,1.801965861,3.60812371,1.721719231,-77.27190607,65.60806182,4.685833043,140.3382774,8.109503431,1.748575623,8.393044999,410.6915484,407.2763152,-4.49E-05,66.83704872,1.752197417,17.21290405,17.90112308,4.73E-07,86.59541668,0,0,1,0,53128.74311,-,-,0,0,#DIV/0!,0,-,-,0,0,#DIV/0!,0.5,750.872472,8.393044999,#DIV/0!,0.011177724,#DIV/0!,#DIV/0!,-,0,#DIV/0!,#DIV/0!,#DIV/0!,#DIV/0!,#DIV/0!,#DIV/0!,#DIV/0!,#DIV/0!,890.714,750.872472,0.84300064,0.165391235,2,0.5,0: Broadleaf,2,TRUE,1652233409,399.986,403.509,17.9008,17.214,395.367,17.6871,500.08,100.564,0.0999849,27.1373,26.7343,999.9,0,0,9995.62,0,3.55659,890.714,0.899977,0.100023,0,2.191,0,4537.21,8601.45,40.687,43.625,42.312,42.437,40.812,801.62,89.09,0,1652233409,0,1.774068,-0.614069231,-269.6038466,4573.0064,15,1652233242,9:40:42,1652233241,1652233242,1,-0.285,-0.028,4.62,0.189,403,17,0.4,0.09,-3.563591463,-0.154739791,0.054976089,1,1.736494286,-0.136445401,0.176673728,1,0.692651561,-0.039218948,0.004027756,1,3,3,3月3日,100,100,4.619,0.2137,4.445291379,0.000676004,-7.65E-07,4.25E-10,0.065174227,-0.023951514,0.002092542,-1.49E-05,2,2268,1,30,2.8,2.8,18,504.665,456.265,25,28.1929,30.0003,28.1685,28.0472,19.3011,24.165,68.5618,25,403.648,17.2188,87.649,101.329
70,1652233411,186.5,20220511 09:43:30,9:43:30,0,1652233411,0.001745806,1.745805909,8.192251438,399.983,259.3862779,26.11081846,40.26382423,0.101368491,3.021900123,0.099516633,0.06236146,147.0380114,27.53796598,26.7218,3.521093852,49.94052568,1.801852515,3.607996694,1.719241337,-76.99004058,67.59413029,4.823882918,142.4659841,8.070636765,1.743826874,8.192251438,410.6059443,407.2729818,-2.68E-05,66.83704872,1.745805909,17.21374565,17.89932198,1.57E-07,86.59541668,0,0,1,0,53196.03497,-,-,0,0,#DIV/0!,0,-,-,0,0,#DIV/0!,0.5,749.457528,8.192251438,#DIV/0!,0.010930908,#DIV/0!,#DIV/0!,-,0,#DIV/0!,#DIV/0!,#DIV/0!,#DIV/0!,#DIV/0!,#DIV/0!,#DIV/0!,#DIV/0!,889.036,749.457528,0.843000202,0.165390391,2,0.5,0: Broadleaf,2,TRUE,1652233411,399.983,403.489,17.8997,17.2149,395.364,17.6861,500.179,100.564,0.0998388,27.1367,26.7218,999.9,0,0,10008.8,0,3.55659,889.036,0.899996,0.100004,0,2.017,0,4527.76,8585.29,40.687,43.625,42.312,42.437,40.812,800.13,88.91,0,1652233411,0,1.728464,-0.019038461,-270.5207693,4562.09,15,1652233242,9:40:42,1652233241,1652233242,1,-0.285,-0.028,4.62,0.189,403,17,0.4,0.09,-3.561078537,-0.066369826,0.055935092,1,1.75729697,-0.308192005,0.191911533,1,0.691228927,-0.034416815,0.00349864,1,3,3,3月3日,100,100,4.619,0.2136,4.445291379,0.000676004,-7.65E-07,4.25E-10,0.065174227,-0.023951514,0.002092542,-1.49E-05,2,2268,1,30,2.8,2.8,18,504.659,456.291,25.0001,28.1941,30.0002,28.1697,28.0484,19.2989,24.165,68.5618,25,403.556,17.2235,87.6489,101.329
71,1652233413,188.5,20220511 09:43:32,9:43:32,0,1652233413,0.00174869,1.748690231,8.001916549,400.026,262.552418,26.42933558,40.26785004,0.101467606,3.020428559,0.099611275,0.062421002,146.8053656,27.53668597,26.7281,3.522399629,49.94229804,1.801979897,3.60812371,1.720419732,-77.11723921,66.63304136,4.757775323,141.0789431,8.11988501,1.743403903,8.001916549,410.5525648,407.2960242,0.000102074,66.83704872,1.748690231,17.21399601,17.90077802,-8.10E-07,86.59541668,0,0,1,0,53150.54465,-,-,0,0,#DIV/0!,0,-,-,0,0,#DIV/0!,0.5,748.271457,8.001916549,#DIV/0!,0.010693868,#DIV/0!,#DIV/0!,-,0,#DIV/0!,#DIV/0!,#DIV/0!,#DIV/0!,#DIV/0!,#DIV/0!,#DIV/0!,#DIV/0!,887.629,748.271457,0.843000237,0.165390457,2,0.5,0: Broadleaf,2,TRUE,1652233413,400.026,403.552,17.9011,17.2164,395.407,17.6874,500.13,100.563,0.100082,27.1373,26.7281,999.9,0,0,10000,0,3.55659,887.629,0.89999,0.10001,0,1.5748,0,4520.34,8571.69,40.687,43.625,42.312,42.437,40.812,798.86,88.77,0,1652233413,0,1.732880769,-0.210970942,-273.4198287,4555.405769,15,1652233242,9:40:42,1652233241,1652233242,1,-0.285,-0.028,4.62,0.189,403,17,0.4,0.09,-3.552343902,-0.029767526,0.057589205,1,1.760248485,-0.138051937,0.2087049,1,0.689949927,-0.031947742,0.003224329,1,3,3,3月3日,100,100,4.619,0.2137,4.445291379,0.000676004,-7.65E-07,4.25E-10,0.065174227,-0.023951514,0.002092542,-1.49E-05,2,2268,1,30,2.9,2.8,18,504.683,456.251,25.0002,28.195,30.0001,28.1706,28.0496,19.2971,24.165,68.5618,25,403.424,17.2231,87.6488,101.329
72,1652233415,190.5,20220511 09:43:34,9:43:34,0,1652233415,0.001750634,1.7506335,8.046614616,400.028,261.8229125,26.35587717,40.26801448,0.101456346,3.020117535,0.099600236,0.062414083,146.5729924,27.53400154,26.7389,3.524639087,49.94935366,1.802139307,3.607933187,1.72249978,-77.20293736,64.72117917,4.621967935,138.7132021,8.18672496,1.744644976,8.046614616,410.5986151,407.3235697,0.000148149,66.83704872,1.7506335,17.21484287,17.9023967,-2.39E-07,86.59541668,0,0,1,0,53141.11985,-,-,0,0,#DIV/0!,0,-,-,0,0,#DIV/0!,0.5,747.092343,8.046614616,#DIV/0!,0.010770576,#DIV/0!,#DIV/0!,-,0,#DIV/0!,#DIV/0!,#DIV/0!,#DIV/0!,#DIV/0!,#DIV/0!,#DIV/0!,#DIV/0!,886.231,747.092343,0.84299956,0.165389151,2,0.5,0: Broadleaf,2,TRUE,1652233415,400.028,403.581,17.9027,17.2175,395.409,17.689,500.12,100.563,0.0999898,27.1364,26.7389,999.9,0,0,9998.12,0,3.55659,886.231,0.900009,0.0999905,0,1.6822,0,4512.66,8558.23,40.687,43.625,42.312,42.437,40.812,797.62,88.61,0,1652233415,0,1.716512,0.402615388,-272.1038466,4545.9924,15,1652233242,9:40:42,1652233241,1652233242,1,-0.285,-0.028,4.62,0.189,403,17,0.4,0.09,-3.546979512,-0.061472613,0.056722067,1,1.754417143,-0.252887671,0.209024675,1,0.68891361,-0.028229519,0.002855088,1,3,3,3月3日,100,100,4.619,0.2137,4.445291379,0.000676004,-7.65E-07,4.25E-10,0.065174227,-0.023951514,0.002092542,-1.49E-05,2,2268,1,30,2.9,2.9,18,504.643,456.259,25.0002,28.1959,30.0001,28.1715,28.0506,19.2972,24.165,68.5618,25,403.506,17.2221,87.6491,101.329
73,1652233417,192.5,20220511 09:43:36,9:43:36,0,1652233417,0.00175091,1.750910113,8.201079508,399.999,259.3577081,26.10748636,40.26473134,0.101461437,3.017617496,0.099603634,0.062416354,146.3004712,27.53187598,26.7401,3.524887993,49.95319989,1.802193483,3.607763841,1.722694509,-77.21513597,64.34223171,4.59872193,138.0262889,8.295769714,1.743850876,8.201079508,410.6504773,407.3138848,-1.59E-05,66.83704872,1.750910113,17.21581655,17.90338571,4.25E-07,86.59541668,0,0,1,0,53064.24523,-,-,0,0,#DIV/0!,0,-,-,0,0,#DIV/0!,0.5,745.699314,8.201079508,#DIV/0!,0.010997837,#DIV/0!,#DIV/0!,-,0,#DIV/0!,#DIV/0!,#DIV/0!,#DIV/0!,#DIV/0!,#DIV/0!,#DIV/0!,#DIV/0!,884.578,745.699314,0.843000068,0.165390131,2,0.5,0: Broadleaf,2,TRUE,1652233417,399.999,403.595,17.9034,17.2186,395.38,17.6896,500.184,100.562,0.10008,27.1356,26.7401,999.9,0,0,9983.12,0,3.55659,884.578,0.900001,0.0999987,0,1.4685,0,4503.84,8542.25,40.687,43.625,42.312,42.5,40.812,796.12,88.46,0,1652233417,0,1.69262,-0.054799997,-270.8253847,4535.0088,15,1652233242,9:40:42,1652233241,1652233242,1,-0.285,-0.028,4.62,0.189,403,17,0.4,0.09,-3.546156341,-0.131192613,0.056450033,1,1.721445455,-0.157560213,0.196285703,1,0.688068634,-0.024781526,0.002540961,1,3,3,3月3日,100,100,4.619,0.2138,4.445291379,0.000676004,-7.65E-07,4.25E-10,0.065174227,-0.023951514,0.002092542,-1.49E-05,2,2268,1,30,2.9,2.9,18,504.607,456.315,25.0002,28.1971,30.0002,28.1727,28.0514,19.2994,24.165,68.5618,25,403.627,17.2231,87.6492,101.329
74,1652233419,194.5,20220511 09:43:38,9:43:38,0,1652233419,0.001747097,1.74709702,8.325022722,399.993,257.2107903,25.89189401,40.26493735,0.101312498,3.018789977,0.099460797,0.062326547,146.0204078,27.529891,26.7345,3.523726565,49.95883825,1.802270003,3.607509835,1.721456562,-77.04697858,65.08332721,4.649725356,138.7064818,8.199882919,1.743115732,8.325022722,410.6748324,407.2878848,-0.000111469,66.83704872,1.74709702,17.21715459,17.90331538,4.56E-07,86.59541668,0,0,1,0,53100.60016,-,-,0,0,#DIV/0!,0,-,-,0,0,#DIV/0!,0.5,744.277386,8.325022722,#DIV/0!,0.011185376,#DIV/0!,#DIV/0!,-,0,#DIV/0!,#DIV/0!,#DIV/0!,#DIV/0!,#DIV/0!,#DIV/0!,#DIV/0!,#DIV/0!,882.892,744.277386,0.842999354,0.165388754,2,0.5,0: Broadleaf,2,TRUE,1652233419,399.993,403.551,17.9038,17.2192,395.373,17.69,500.119,100.564,0.100105,27.1344,26.7345,999.9,0,0,9990,0,3.55659,882.892,0.90002,0.0999801,0,1.5115,0,4494.31,8526.01,40.687,43.625,42.312,42.437,40.812,794.62,88.27,0,1652233419,0,1.696419231,0.029117949,-277.4529911,4528.059231,15,1652233242,9:40:42,1652233241,1652233242,1,-0.285,-0.028,4.62,0.189,403,17,0.4,0.09,-3.556388049,-0.092773171,0.053471958,1,1.729378788,-0.342304722,0.201975021,1,0.687274927,-0.022590272,0.002329711,1,3,3,3月3日,100,100,4.62,0.2138,4.445291379,0.000676004,-7.65E-07,4.25E-10,0.065174227,-0.023951514,0.002092542,-1.49E-05,2,2268,1,30,3,2.9,18,504.674,456.308,25.0002,28.1977,30.0003,28.1733,28.0526,19.2995,24.165,68.5618,25,403.588,17.222,87.6495,101.329
75,1652233421,196.5,20220511 09:43:40,9:43:40,0,1652233421,0.001744203,1.744202871,8.227369017,400.004,258.4826618,26.02011669,40.26634006,0.101089318,3.023766757,0.099248661,0.062192997,145.6587248,27.52594403,26.7386,3.524576863,49.9653468,1.802293292,3.607086525,1.722283572,-76.91934662,64.19621802,4.57884734,137.5144435,8.143608559,1.740897444,8.227369017,410.6342666,407.2867394,-2.73E-05,66.83704872,1.744202871,17.21871198,17.90370879,2.09E-07,86.59541668,0,0,1,0,53254.39968,-,-,0,0,#DIV/0!,0,-,-,0,0,#DIV/0!,0.5,742.431486,8.227369017,#DIV/0!,0.011081654,#DIV/0!,#DIV/0!,-,0,#DIV/0!,#DIV/0!,#DIV/0!,#DIV/0!,#DIV/0!,#DIV/0!,#DIV/0!,#DIV/0!,880.702,742.431486,0.842999659,0.165389343,2,0.5,0: Broadleaf,2,TRUE,1652233421,400.004,403.539,17.9039,17.2202,395.384,17.6902,500.14,100.565,0.0998435,27.1324,26.7386,999.9,0,0,10020,0,3.55659,880.702,0.900008,0.0999924,0,2.0535,0,4481.75,8504.83,40.687,43.625,42.312,42.437,40.812,792.64,88.06,0,1652233421,0,1.730752,0.182576918,-277.9746159,4518.2212,15,1652233242,9:40:42,1652233241,1652233242,1,-0.285,-0.028,4.62,0.189,403,17,0.4,0.09,-3.564629512,0.086709199,0.044843734,1,1.714562857,-0.078624658,0.192302987,1,0.686615878,-0.020315247,0.002132346,1,3,3,3月3日,100,100,4.62,0.2137,4.445291379,0.000676004,-7.65E-07,4.25E-10,0.065174227,-0.023951514,0.002092542,-1.49E-05,2,2268,1,30,3,3,18,504.606,456.334,25.0002,28.1989,30.0003,28.1745,28.0537,19.298,24.165,68.5618,25,403.531,17.2245,87.6491,101.329
76,1652233423,198.5,20220511 09:43:42,9:43:42,0,1652233423,0.001743705,1.743705196,8.190998716,399.981,258.9784277,26.06980297,40.2636851,0.101045458,3.021271929,0.099204893,0.062165633,145.3402748,27.52454848,26.7395,3.524763538,49.96352993,1.802227756,3.607086525,1.722535782,-76.89739914,63.99665693,4.568403285,137.0079359,8.30044556,1.737952203,8.190998716,410.5996567,407.2674727,-8.92E-05,66.83704872,1.743705196,17.21902476,17.90378242,1.86E-07,86.59541668,0,0,1,0,53177.42881,-,-,0,0,#DIV/0!,0,-,-,0,0,#DIV/0!,0.5,740.804886,8.190998716,#DIV/0!,0.011056891,#DIV/0!,#DIV/0!,-,0,#DIV/0!,#DIV/0!,#DIV/0!,#DIV/0!,#DIV/0!,#DIV/0!,#DIV/0!,#DIV/0!,878.772,740.804886,0.843000102,0.165390198,2,0.5,0: Broadleaf,2,TRUE,1652233423,399.981,403.578,17.9034,17.2209,395.361,17.6897,500.172,100.564,0.0999943,27.1324,26.7395,999.9,0,0,10005,0,3.55659,878.772,0.899998,0.100002,0,1.6247,0,4471.66,8486.17,40.687,43.625,42.312,42.437,40.812,790.89,87.88,0,1652233423,0,1.729308,-0.272023087,-278.3423078,4507.018,15,1652233242,9:40:42,1652233241,1652233242,1,-0.285,-0.028,4.62,0.189,403,17,0.4,0.09,-3.566351707,0.176160209,0.042566522,1,1.713130303,0.26051069,0.202119664,1,0.68599439,-0.01827508,0.001949684,1,3,3,3月3日,100,100,4.62,0.2137,4.445291379,0.000676004,-7.65E-07,4.25E-10,0.065174227,-0.023951514,0.002092542,-1.49E-05,2,2268,1,30,3,3,18,504.63,456.31,25.0002,28.1998,30.0003,28.1755,28.055,19.2989,24.165,68.5618,25,403.589,17.2238,87.6485,101.328
77,1652233425,200.5,20220511 09:43:44,9:43:44,0,1652233425,0.001740759,1.740759232,8.282405133,399.967,257.4727445,25.91828914,40.26236008,0.101006498,3.015682512,0.099163997,0.06214024,145.1541614,27.52580393,26.7293,3.522648396,49.96267051,1.802291926,3.607277009,1.72035647,-76.76748211,65.68291615,4.697249003,138.7668445,8.234287195,1.736880216,8.282405133,410.6366634,407.2664182,-3.94E-05,66.83704872,1.740759232,17.21999765,17.90372088,7.78E-08,86.59541668,0,0,1,0,53005.15446,-,-,0,0,#DIV/0!,0,-,-,0,0,#DIV/0!,0.5,739.855728,8.282405133,#DIV/0!,0.011194622,#DIV/0!,#DIV/0!,-,0,#DIV/0!,#DIV/0!,#DIV/0!,#DIV/0!,#DIV/0!,#DIV/0!,#DIV/0!,#DIV/0!,877.646,739.855728,0.843000171,0.16539033,2,0.5,0: Broadleaf,2,TRUE,1652233425,399.967,403.538,17.904,17.2218,395.347,17.6902,500.083,100.564,0.100205,27.1333,26.7293,999.9,0,0,9971.25,0,3.55659,877.646,0.899994,0.100006,0,1.8313,0,4465.44,8475.29,40.687,43.625,42.312,42.437,40.812,789.88,87.77,0,1652233425,0,1.706223077,0.155767518,-282.2690595,4500.208077,15,1652233242,9:40:42,1652233241,1652233242,1,-0.285,-0.028,4.62,0.189,403,17,0.4,0.09,-3.56717561,0.094625645,0.04306479,1,1.703966667,-0.087226522,0.210481661,1,0.685369805,-0.017761443,0.001900405,1,3,3,3月3日,100,100,4.62,0.2138,4.445291379,0.000676004,-7.65E-07,4.25E-10,0.065174227,-0.023951514,0.002092542,-1.49E-05,2,2268,1,30,3.1,3,18,504.714,456.281,25.0002,28.2007,30.0003,28.1763,28.0556,19.3021,24.165,68.5618,25,403.606,17.2237,87.6492,101.328
78,1652233427,202.5,20220511 09:43:46,9:43:46,0,1652233427,0.001738302,1.738301732,8.248543832,399.983,257.8598804,25.95697028,40.26352153,0.100874297,3.018359523,0.099038167,0.06206104,144.8837075,27.52364984,26.7276,3.52229598,49.96279805,1.802201356,3.607086525,1.720094624,-76.65910639,65.87140327,4.706489296,138.8024937,8.285648129,1.731620522,8.248543832,410.629637,407.2734788,2.59E-05,66.83704872,1.738301732,17.22084676,17.90347033,-1.39E-09,86.59541668,0,0,1,0,53087.67705,-,-,0,0,#DIV/0!,0,-,-,0,0,#DIV/0!,0.5,738.475887,8.248543832,#DIV/0!,0.011169686,#DIV/0!,#DIV/0!,-,0,#DIV/0!,#DIV/0!,#DIV/0!,#DIV/0!,#DIV/0!,#DIV/0!,#DIV/0!,#DIV/0!,876.009,738.475887,0.843000342,0.165390661,2,0.5,0: Broadleaf,2,TRUE,1652233427,399.983,403.573,17.9033,17.2233,395.363,17.6895,500.182,100.563,0.100082,27.1324,26.7276,999.9,0,0,9987.5,0,3.55659,876.009,0.899985,0.100015,0,1.5707,0,4456.62,8459.46,40.687,43.625,42.312,42.437,40.812,788.39,87.61,0,1652233427,0,1.704084,0.392084612,-277.0000005,4490.5988,15,1652233242,9:40:42,1652233241,1652233242,1,-0.285,-0.028,4.62,0.189,403,17,0.4,0.09,-3.56114439,-0.03928892,0.036800782,1,1.722631429,0.131349511,0.207702361,1,0.68469861,-0.017322209,0.001847222,1,3,3,3月3日,100,100,4.62,0.2138,4.445291379,0.000676004,-7.65E-07,4.25E-10,0.065174227,-0.023951514,0.002092542,-1.49E-05,2,2268,1,30,3.1,3.1,18,504.739,456.207,25.0003,28.202,30.0002,28.1775,28.0567,19.2983,24.165,68.5618,25,403.546,17.2256,87.6495,101.327
79,1652233429,204.5,20220511 09:43:48,9:43:48,0,1652233429,0.001736475,1.736474725,8.255811839,399.993,257.6232046,25.93309757,40.26445332,0.100770259,3.021255479,0.098939599,0.061998957,144.655271,27.52165284,26.7273,3.522233793,49.96616681,1.802238271,3.606917213,1.719995521,-76.57853537,65.85316243,4.70065008,138.6305481,8.409103696,1.730709885,8.255811839,410.6330946,407.2742242,1.86E-05,66.83704872,1.736474725,17.22147878,17.90334286,-2.07E-08,86.59541668,0,0,1,0,53177.04176,-,-,0,0,#DIV/0!,0,-,-,0,0,#DIV/0!,0.5,737.309415,8.255811839,#DIV/0!,0.011197215,#DIV/0!,#DIV/0!,-,0,#DIV/0!,#DIV/0!,#DIV/0!,#DIV/0!,#DIV/0!,#DIV/0!,#DIV/0!,#DIV/0!,874.625,737.309415,0.843000617,0.165391192,2,0.5,0: Broadleaf,2,TRUE,1652233429,399.993,403.632,17.9037,17.2241,395.374,17.6899,500.213,100.563,0.0998949,27.1316,26.7273,999.9,0,0,10005,0,3.55659,874.625,0.899979,0.100021,0,1.5674,0,4448.88,8446.09,40.687,43.625,42.312,42.437,40.812,787.14,87.48,0,1652233429,0,1.709752,0.369646146,-273.1053847,4479.438,15,1652233242,9:40:42,1652233241,1652233242,1,-0.285,-0.028,4.62,0.189,403,17,0.4,0.09,-3.558413415,-0.222737143,0.032635009,1,1.725354545,-0.155386208,0.195648261,1,0.683857366,-0.017374286,0.001856279,1,3,3,3月3日,100,100,4.619,0.2138,4.445291379,0.000676004,-7.65E-07,4.25E-10,0.065174227,-0.023951514,0.002092542,-1.49E-05,2,2268,1,30,3.1,3.1,18,504.749,456.149,25.0002,28.2026,30.0001,28.1787,28.0579,19.2991,24.165,68.5618,25,403.539,17.2266,87.6498,101.327
80,1652233431,206.5,20220511 09:43:50,9:43:50,0,1652233431,0.001738708,1.738707968,8.314650522,400.007,256.8951245,25.86004334,40.26623073,0.100918985,3.022412426,0.099083659,0.062089404,144.3773246,27.51985733,26.7273,3.522233793,49.97241376,1.802516474,3.607023032,1.719717318,-76.6770214,65.95985213,4.706475173,138.3666305,8.218989581,1.734904312,8.314650522,410.6878529,407.3032364,0.000119043,66.83704872,1.738707968,17.22282377,17.90582088,-3.77E-07,86.59541668,0,0,1,0,53212.64916,-,-,0,0,#DIV/0!,0,-,-,0,0,#DIV/0!,0.5,735.896157,8.314650522,#DIV/0!,0.011298674,#DIV/0!,#DIV/0!,-,0,#DIV/0!,#DIV/0!,#DIV/0!,#DIV/0!,#DIV/0!,#DIV/0!,#DIV/0!,#DIV/0!,872.949,735.896157,0.843000172,0.165390332,2,0.5,0: Broadleaf,2,TRUE,1652233431,400.007,403.572,17.9063,17.2248,395.388,17.6924,500.026,100.564,0.0998152,27.1321,26.7273,999.9,0,0,10011.9,0,3.55659,872.949,0.899997,0.100003,0,1.8435,0,4439.31,8429.94,40.687,43.625,42.312,42.437,40.812,785.65,87.3,0,1652233431,0,1.724007692,0.321018794,-275.5603416,4472.562308,15,1652233242,9:40:42,1652233241,1652233242,1,-0.285,-0.028,4.62,0.189,403,17,0.4,0.09,-3.566096341,-0.296303624,0.036587319,1,1.724306061,0.174274924,0.184869282,1,0.683218951,-0.018096753,0.001923697,1,3,3,3月3日,100,100,4.619,0.2139,4.445291379,0.000676004,-7.65E-07,4.25E-10,0.065174227,-0.023951514,0.002092542,-1.49E-05,2,2268,1,30,3.2,3.1,18,504.79,456.209,25.0001,28.2038,30.0001,28.1799,28.0591,19.2998,24.165,68.5618,25,403.558,17.226,87.6507,101.328
81,1652233433,208.5,20220511 09:43:52,9:43:52,0,1652233433,0.001738022,1.738021661,8.250202488,400.014,257.834754,25.95461853,40.26691753,0.100848211,3.025713943,0.099017394,0.062047594,144.1042244,27.51727321,26.7295,3.522689859,49.97445828,1.802505609,3.606853723,1.72018425,-76.64675527,65.54253617,4.671627847,137.6716332,8.109516746,1.732791488,8.250202488,410.6658197,407.3086182,5.42E-05,66.83704872,1.738021661,17.22399959,17.90655055,3.99E-07,86.59541668,0,0,1,0,53314.68518,-,-,0,0,#DIV/0!,0,-,-,0,0,#DIV/0!,0.5,734.502828,8.250202488,#DIV/0!,0.011232363,#DIV/0!,#DIV/0!,-,0,#DIV/0!,#DIV/0!,#DIV/0!,#DIV/0!,#DIV/0!,#DIV/0!,#DIV/0!,#DIV/0!,871.296,734.502828,0.843000344,0.165390665,2,0.5,0: Broadleaf,2,TRUE,1652233433,400.014,403.534,17.9062,17.2257,395.395,17.6923,500.151,100.564,0.0997706,27.1313,26.7295,999.9,0,0,10031.9,0,3.55659,871.296,0.899988,0.100012,0,1.5827,0,4430.74,8413.96,40.687,43.625,42.312,42.437,40.812,784.16,87.14,0,1652233433,0,1.728488,-0.001676924,-268.1415389,4463.102,15,1652233242,9:40:42,1652233241,1652233242,1,-0.285,-0.028,4.62,0.189,403,17,0.4,0.09,-3.571158537,-0.162653937,0.031502634,1,1.724222857,0.144356947,0.178931237,1,0.682849073,-0.018019735,0.001918914,1,3,3,3月3日,100,100,4.619,0.2139,4.445291379,0.000676004,-7.65E-07,4.25E-10,0.065174227,-0.023951514,0.002092542,-1.49E-05,2,2268,1,30,3.2,3.2,18,504.795,456.234,25,28.2047,30.0002,28.1805,28.0601,19.2994,24.165,68.5618,25,403.534,17.2268,87.6507,101.328
82,1652233435,210.5,20220511 09:43:54,9:43:54,0,1652233435,0.00173524,1.735240147,8.178585114,399.997,258.6406186,26.03579775,40.26529573,0.100606307,3.023948422,0.098783134,0.061900512,143.830686,27.51402047,26.7358,3.523996153,49.98191472,1.802499548,3.606303517,1.721496604,-76.5240905,64.05335047,4.56823422,135.9281802,8.136776057,1.730500961,8.178585114,410.6099893,407.2832485,-0.00010024,66.83704872,1.735240147,17.22489633,17.90625275,6.27E-07,86.59541668,0,0,1,0,53260.64058,-,-,0,0,#DIV/0!,0,-,-,0,0,#DIV/0!,0.5,733.107,8.178585114,#DIV/0!,0.011156059,#DIV/0!,#DIV/0!,-,0,#DIV/0!,#DIV/0!,#DIV/0!,#DIV/0!,#DIV/0!,#DIV/0!,#DIV/0!,#DIV/0!,869.64,733.107,0.843000552,0.165391065,2,0.5,0: Broadleaf,2,TRUE,1652233435,399.997,403.527,17.9061,17.2266,395.378,17.6922,500.225,100.564,0.0999943,27.1287,26.7358,999.9,0,0,10021.2,0,3.55659,869.64,0.899981,0.100019,0,1.7019,0,4421.73,8397.94,40.687,43.625,42.312,42.437,40.812,782.66,86.98,0,1652233435,0,1.715236,-0.43714615,-260.5353846,4452.4312,15,1652233242,9:40:42,1652233241,1652233242,1,-0.285,-0.028,4.62,0.189,403,17,0.4,0.09,-3.571130732,0.008196794,0.031354333,1,1.713012121,0.180131328,0.173610595,1,0.682411854,-0.017386892,0.001870617,1,3,3,3月3日,100,100,4.619,0.2139,4.445291379,0.000676004,-7.65E-07,4.25E-10,0.065174227,-0.023951514,0.002092542,-1.49E-05,2,2268,1,30,3.2,3.2,18,504.759,456.172,24.9999,28.2056,30.0003,28.1817,28.0609,19.2996,24.165,68.5618,25,403.517,17.2297,87.6502,101.328
83,1652233437,212.5,20220511 09:43:56,9:43:56,0,1652233437,0.001734405,1.734404622,8.083430832,400.001,260.0914038,26.18163716,40.26538706,0.10055467,3.018670864,0.098730228,0.061867554,143.508134,27.51071142,26.7364,3.524120584,49.98994907,1.80254601,3.605816856,1.721574574,-76.48724382,63.46960762,4.534477443,135.0249752,8.222647059,1.728772343,8.083430832,410.5937851,407.3041152,4.26E-05,66.83704872,1.734404622,17.22539539,17.90660769,-1.20E-08,86.59541668,0,0,1,0,53098.32583,-,-,0,0,#DIV/0!,0,-,-,0,0,#DIV/0!,0.5,731.466915,8.083430832,#DIV/0!,0.011050986,#DIV/0!,#DIV/0!,-,0,#DIV/0!,#DIV/0!,#DIV/0!,#DIV/0!,#DIV/0!,#DIV/0!,#DIV/0!,#DIV/0!,867.695,731.466915,0.843000035,0.165390067,2,0.5,0: Broadleaf,2,TRUE,1652233437,400.001,403.566,17.9067,17.2277,395.382,17.6928,500.093,100.563,0.100216,27.1264,26.7364,999.9,0,0,9989.38,0,3.55659,867.695,0.899998,0.100002,0,1.6932,0,4410.89,8379.2,40.687,43.625,42.312,42.437,40.812,780.92,86.77,0,1652233437,0,1.708365385,-0.284543577,-263.1805125,4445.872692,15,1652233242,9:40:42,1652233241,1652233242,1,-0.285,-0.028,4.62,0.189,403,17,0.4,0.09,-3.569117805,0.107781115,0.033249767,1,1.706366667,-0.292937849,0.182101134,1,0.681873268,-0.016487979,0.001796487,1,3,3,3月3日,100,100,4.619,0.2139,4.445291379,0.000676004,-7.65E-07,4.25E-10,0.065174227,-0.023951514,0.002092542,-1.49E-05,2,2268,1,30,3.3,3.2,18,504.751,456.199,25,28.2068,30.0003,28.1826,28.0621,19.2998,24.165,68.5618,25,403.579,17.2279,87.6504,101.328
84,1652233439,214.5,20220511 09:43:58,9:43:58,0,1652233439,0.001732574,1.732573853,8.250575388,399.971,257.3954463,25.91023642,40.26234077,0.100546882,3.016805288,0.098721613,0.061862242,143.3192666,27.509513,26.7288,3.522544741,49.99449642,1.802625359,3.605647597,1.719919383,-76.40650693,64.53634825,4.613346385,136.0624543,8.351342459,1.728729985,8.250575388,410.6371364,407.2804242,-6.30E-05,66.83704872,1.732573853,17.22617296,17.90658242,1.04E-07,86.59541668,0,0,1,0,53041.03651,-,-,0,0,#DIV/0!,0,-,-,0,0,#DIV/0!,0.5,730.508757,8.250575388,#DIV/0!,0.011294287,#DIV/0!,#DIV/0!,-,0,#DIV/0!,#DIV/0!,#DIV/0!,#DIV/0!,#DIV/0!,#DIV/0!,#DIV/0!,#DIV/0!,866.559,730.508757,0.842999446,0.165388931,2,0.5,0: Broadleaf,2,TRUE,1652233439,399.971,403.587,17.9075,17.2286,395.352,17.6936,500.154,100.563,0.10015,27.1256,26.7288,999.9,0,0,9978.12,0,3.55659,866.559,0.90002,0.0999801,0,1.5425,0,4404.66,8368.29,40.687,43.625,42.312,42.437,40.812,779.92,86.64,0,1652233439,0,1.720464,-0.570938448,-264.1192312,4436.528,15,1652233242,9:40:42,1652233241,1652233242,1,-0.285,-0.028,4.62,0.189,403,17,0.4,0.09,-3.56761,0.054866551,0.033003456,1,1.724488571,-0.197020744,0.183406798,1,0.681299,-0.016403624,0.001787712,1,3,3,3月3日,100,100,4.619,0.2139,4.445291379,0.000676004,-7.65E-07,4.25E-10,0.065174227,-0.023951514,0.002092542,-1.49E-05,2,2268,1,30,3.3,3.3,18,504.681,456.22,25,28.2074,30.0004,28.1835,28.0627,19.3026,24.165,68.5618,25,403.672,17.2256,87.6502,101.328
85,1652233441,216.5,20220511 09:44:00,9:44:00,0,1652233441,0.001732325,1.732325359,8.422553954,399.959,254.7088912,25.63994213,40.26135707,0.100589789,3.023948422,0.098767209,0.061890507,142.997211,27.50768541,26.7243,3.521611967,49.99466146,1.80271593,3.605816856,1.718896037,-76.39554832,65.55319986,4.674879731,136.8297423,8.32559602,1.729952695,8.422553954,410.6659491,407.2397818,-0.000179009,66.83704872,1.732325359,17.22758753,17.90791978,-2.60E-08,86.59541668,0,0,1,0,53261.04874,-,-,0,0,#DIV/0!,0,-,-,0,0,#DIV/0!,0.5,728.8659,8.422553954,#DIV/0!,0.011555698,#DIV/0!,#DIV/0!,-,0,#DIV/0!,#DIV/0!,#DIV/0!,#DIV/0!,#DIV/0!,#DIV/0!,#DIV/0!,#DIV/0!,864.61,728.8659,0.842999618,0.165389263,2,0.5,0: Broadleaf,2,TRUE,1652233441,399.959,403.565,17.9083,17.2289,395.34,17.6944,500.139,100.564,0.0997107,27.1264,26.7243,999.9,0,0,10021.2,0,3.55659,864.61,0.90001,0.0999898,0,1.651,0,4393.9,8349.44,40.687,43.625,42.312,42.437,40.812,778.16,86.45,0,1652233441,0,1.682508,-0.390253828,-269.0569231,4425.4224,15,1652233242,9:40:42,1652233241,1652233242,1,-0.285,-0.028,4.62,0.189,403,17,0.4,0.09,-3.572330244,-0.008809547,0.035394501,1,1.714836364,-0.189348601,0.182998233,1,0.680759732,-0.014780362,0.001651333,1,3,3,3月3日,100,100,4.619,0.2139,4.445291379,0.000676004,-7.65E-07,4.25E-10,0.065174227,-0.023951514,0.002092542,-1.49E-05,2,2268,1,30,3.3,3.3,18,504.784,456.129,24.9999,28.2086,30.0003,28.1847,28.0639,19.3009,24.165,68.5618,25,403.569,17.2258,87.6499,101.328
86,1652233443,218.5,20220511 09:44:02,9:44:02,0,1652233443,0.001729729,1.729729468,8.230651754,399.991,257.5149862,25.92248986,40.26469602,0.100376019,3.020445009,0.098559038,0.061759908,142.6777687,27.50632363,26.7287,3.522524011,49.99265926,1.802580271,3.605689911,1.71994374,-76.28106953,64.66306166,4.61683661,135.6765974,8.355689262,1.726119632,8.230651754,410.6346355,407.2844303,0.000119509,66.83704872,1.729729468,17.22862763,17.90804286,2.70E-07,86.59541668,0,0,1,0,53153.10978,-,-,0,0,#DIV/0!,0,-,-,0,0,#DIV/0!,0.5,727.234242,8.230651754,#DIV/0!,0.011317745,#DIV/0!,#DIV/0!,-,0,#DIV/0!,#DIV/0!,#DIV/0!,#DIV/0!,#DIV/0!,#DIV/0!,#DIV/0!,#DIV/0!,862.674,727.234242,0.84300007,0.165390134,2,0.5,0: Broadleaf,2,TRUE,1652233443,399.991,403.609,17.9069,17.2289,395.372,17.693,500.062,100.564,0.100005,27.1258,26.7287,999.9,0,0,10000,0,3.55659,862.674,0.9,0.0999996,0,1.4843,0,4383.37,8330.72,40.687,43.625,42.312,42.5,40.812,776.41,86.27,0,1652233443,0,1.673296154,-0.642683744,-277.5938458,4418.530769,15,1652233242,9:40:42,1652233241,1652233242,1,-0.285,-0.028,4.62,0.189,403,17,0.4,0.09,-3.578522683,0.00572885,0.034375041,1,1.68899697,-0.291193187,0.180559194,1,0.680318317,-0.011240404,0.001350272,1,3,3,3月3日,100,100,4.619,0.2139,4.445291379,0.000676004,-7.65E-07,4.25E-10,0.065174227,-0.023951514,0.002092542,-1.49E-05,2,2268,1,30,3.4,3.3,18,504.701,456.122,25,28.2094,30.0003,28.1859,28.0651,19.3004,24.165,68.5618,25,403.607,17.2298,87.6496,101.327
87,1652233445,220.5,20220511 09:44:04,9:44:04,0,1652233445,0.001727504,1.727504432,8.306627278,400.008,256.2056584,25.79101767,40.26692252,0.100288903,3.016113611,0.09847249,0.061705763,142.363503,27.50449346,26.7257,3.52190214,49.99736346,1.802633535,3.605457188,1.719268605,-76.18294547,64.87928209,4.638831637,135.6986713,8.386055521,1.724786301,8.306627278,410.6765845,407.2963879,0.000109762,66.83704872,1.727504432,17.22872932,17.90709451,3.23E-07,86.59541668,0,0,1,0,53019.95597,-,-,0,0,#DIV/0!,0,-,-,0,0,#DIV/0!,0.5,725.6295,8.306627278,#DIV/0!,0.011447477,#DIV/0!,#DIV/0!,-,0,#DIV/0!,#DIV/0!,#DIV/0!,#DIV/0!,#DIV/0!,#DIV/0!,#DIV/0!,#DIV/0!,860.77,725.6295,0.843000453,0.165390874,2,0.5,0: Broadleaf,2,TRUE,1652233445,400.008,403.637,17.9072,17.2299,395.389,17.6933,500.192,100.565,0.100293,27.1247,26.7257,999.9,0,0,9973.75,0,3.55659,860.77,0.899989,0.100011,0,1.6101,0,4373.12,8312.31,40.687,43.625,42.312,42.437,40.812,774.68,86.09,0,1652233445,0,1.664872,-0.172307679,-282.0307697,4409.0504,15,1652233242,9:40:42,1652233241,1652233242,1,-0.285,-0.028,4.62,0.189,403,17,0.4,0.09,-3.582807561,-0.087265923,0.03778635,1,1.690157143,-0.278707632,0.211067156,1,0.679871561,-0.009813847,0.001205162,1,3,3,3月3日,100,100,4.619,0.2139,4.445291379,0.000676004,-7.65E-07,4.25E-10,0.065174227,-0.023951514,0.002092542,-1.49E-05,2,2268,1,30,3.4,3.4,18,504.618,456.249,25,28.2103,30.0002,28.1871,28.0663,19.2995,24.165,68.5618,25,403.545,17.2283,87.6498,101.327
88,1652233447,222.5,20220511 09:44:06,9:44:06,0,1652233447,0.001730663,1.730662616,8.375551508,400.022,255.4972648,25.71934345,40.26776261,0.100569306,3.021271929,0.098745878,0.061877248,142.1331147,27.50147036,26.7184,3.520389323,50.00172487,1.802759049,3.60539372,1.717630274,-76.32222135,66.13042177,4.720035311,136.6613505,8.207992456,1.725518408,8.375551508,410.7196205,407.3114242,8.84E-05,66.83704872,1.730662616,17.22884753,17.90847033,-3.64E-07,86.59541668,0,0,1,0,53178.84629,-,-,0,0,#DIV/0!,0,-,-,0,0,#DIV/0!,0.5,724.455201,8.375551508,#DIV/0!,0.011561172,#DIV/0!,#DIV/0!,-,0,#DIV/0!,#DIV/0!,#DIV/0!,#DIV/0!,#DIV/0!,#DIV/0!,#DIV/0!,#DIV/0!,859.377,724.455201,0.843000454,0.165390876,2,0.5,0: Broadleaf,2,TRUE,1652233447,400.022,403.58,17.9087,17.2311,395.403,17.6948,500.182,100.564,0.09987,27.1244,26.7184,999.9,0,0,10005,0,3.55659,859.377,0.899983,0.100017,0,1.8255,0,4365.58,8298.84,40.687,43.625,42.312,42.5,40.812,773.42,85.95,0,1652233447,0,1.671416,0.379215395,-281.4815385,4398.0276,15,1652233242,9:40:42,1652233241,1652233242,1,-0.285,-0.028,4.62,0.189,403,17,0.4,0.09,-3.586765122,-0.139088571,0.039608025,1,1.683527273,-0.138763881,0.204530979,1,0.679428171,-0.00929285,0.001147302,1,3,3,3月3日,100,100,4.619,0.2139,4.445291379,0.000676004,-7.65E-07,4.25E-10,0.065174227,-0.023951514,0.002092542,-1.49E-05,2,2268,1,30,3.4,3.4,18,504.654,456.207,25,28.2116,30.0002,28.1877,28.0673,19.2996,24.165,68.5618,25,403.601,17.2304,87.6499,101.327
89,1652233449,224.5,20220511 09:44:08,9:44:08,0,1652233449,0.001728225,1.728224769,8.165088947,400.04,258.6565695,26.03766108,40.27002276,0.100405803,3.01818538,0.09858642,0.061777231,141.8508187,27.49962809,26.72,3.520720851,50.00412702,1.802718715,3.605139859,1.718002136,-76.2147123,65.60725659,4.687492692,135.9308556,8.114802358,1.720964545,8.165088947,410.6582372,407.3346182,0.000111756,66.83704872,1.728224769,17.22977825,17.90862857,1.66E-07,86.59541668,0,0,1,0,53083.98511,-,-,0,0,#DIV/0!,0,-,-,0,0,#DIV/0!,0.5,723.019242,8.165088947,#DIV/0!,0.011293045,#DIV/0!,#DIV/0!,-,0,#DIV/0!,#DIV/0!,#DIV/0!,#DIV/0!,#DIV/0!,#DIV/0!,#DIV/0!,#DIV/0!,857.674,723.019242,0.84300007,0.165390135,2,0.5,0: Broadleaf,2,TRUE,1652233449,400.04,403.561,17.9081,17.2321,395.42,17.6942,500.043,100.565,0.0999904,27.1232,26.72,999.9,0,0,9986.25,0,3.55659,857.674,0.900003,0.0999974,0,1.8119,0,4356.26,8282.45,40.687,43.625,42.312,42.437,40.812,771.91,85.77,0,1652233449,0,1.688334615,0.765227356,-277.8864955,4391.110769,15,1652233242,9:40:42,1652233241,1652233242,1,-0.285,-0.028,4.62,0.189,403,17,0.4,0.09,-3.582309512,-0.072498606,0.041719645,1,1.697284848,0.005852858,0.207700243,1,0.679144,-0.010633213,0.001229926,1,3,3,3月3日,100,100,4.62,0.2139,4.445291379,0.000676004,-7.65E-07,4.25E-10,0.065174227,-0.023951514,0.002092542,-1.49E-05,2,2268,1,30,3.5,3.4,18,504.648,456.095,25,28.2122,30.0002,28.1889,28.0681,19.2981,24.165,68.5618,25,403.525,17.2295,87.6497,101.327
90,1652233451,226.5,20220511 09:44:10,9:44:10,0,1652233451,0.001724356,1.72435627,8.127020648,400.035,259.0207266,26.07455068,40.26987731,0.100214524,3.020676405,0.098403464,0.061662156,141.6705436,27.49928295,26.717,3.520099258,50.0045714,1.802734735,3.605139859,1.717364523,-76.04411149,66.14995692,4.722299048,136.498688,8.138292854,1.717557916,8.127020648,410.6322004,407.3255333,-1.28E-05,66.83704872,1.72435627,17.23074361,17.90791099,3.62E-07,86.59541668,0,0,1,0,53160.7451,-,-,0,0,#DIV/0!,0,-,-,0,0,#DIV/0!,0.5,722.100372,8.127020648,#DIV/0!,0.011254697,#DIV/0!,#DIV/0!,-,0,#DIV/0!,#DIV/0!,#DIV/0!,#DIV/0!,#DIV/0!,#DIV/0!,#DIV/0!,#DIV/0!,856.584,722.100372,0.84300007,0.165390135,2,0.5,0: Broadleaf,2,TRUE,1652233451,400.035,403.564,17.9081,17.2336,395.416,17.6942,500.163,100.566,0.099885,27.1232,26.717,999.9,0,0,10001.2,0,3.55659,856.584,0.899997,0.100003,0,1.7709,0,4351.03,8271.9,40.687,43.625,42.312,42.437,40.812,770.92,85.66,0,1652233451,0,1.714316,0.257715389,-267.1115389,4381.358,15,1652233242,9:40:42,1652233241,1652233242,1,-0.285,-0.028,4.62,0.189,403,17,0.4,0.09,-3.571896341,-0.049912683,0.043303222,1,1.698785714,0.143264971,0.197720085,1,0.678782024,-0.013912787,0.001482891,1,3,3,3月3日,100,100,4.619,0.2139,4.445291379,0.000676004,-7.65E-07,4.25E-10,0.065174227,-0.023951514,0.002092542,-1.49E-05,2,2268,1,30,3.5,3.5,18,504.718,456.155,25,28.2134,30.0002,28.1898,28.0692,19.2988,24.165,68.5618,25,403.526,17.2296,87.6493,101.327
91,1652233453,228.5,20220511 09:44:12,9:44:12,0,1652233453,0.001723193,1.72319307,8.127446788,400.037,259.0650863,26.07874644,40.26966212,0.100244683,3.023353942,0.098434117,0.061681271,141.3463376,27.49770937,26.7092,3.518483566,50.00596617,1.802816754,3.605203323,1.715666812,-75.9928144,67.52885242,4.816285441,137.6986611,7.981556019,1.716076416,8.127446788,410.6412374,407.3343636,8.39E-06,66.83704872,1.72319307,17.23179374,17.90849011,-1.80E-07,86.59541668,0,0,1,0,53243.24051,-,-,0,0,#DIV/0!,0,-,-,0,0,#DIV/0!,0.5,720.451857,8.127446788,#DIV/0!,0.011281041,#DIV/0!,#DIV/0!,-,0,#DIV/0!,#DIV/0!,#DIV/0!,#DIV/0!,#DIV/0!,#DIV/0!,#DIV/0!,#DIV/0!,854.629,720.451857,0.842999544,0.165389119,2,0.5,0: Broadleaf,2,TRUE,1652233453,400.037,403.503,17.9091,17.2352,395.418,17.6952,500.176,100.565,0.0998438,27.1235,26.7092,999.9,0,0,10017.5,0,3.53881,854.629,0.900015,0.0999852,0,1.9906,0,4339.76,8253.06,40.687,43.625,42.312,42.437,40.812,769.18,85.45,0,1652233453,0,1.733036,1.33403077,-267.1207694,4370.4088,15,1652233242,9:40:42,1652233241,1652233242,1,-0.285,-0.028,4.62,0.189,403,17,0.4,0.09,-3.566620732,0.01705108,0.045427871,1,1.70360303,0.613117806,0.195477807,1,0.678138805,-0.016365993,0.001757608,1,3,3,3月3日,100,100,4.619,0.2139,4.445291379,0.000676004,-7.65E-07,4.25E-10,0.065174227,-0.023951514,0.002092542,-1.49E-05,2,2268,1,30,3.5,3.5,18,504.74,456.16,25.0001,28.2143,30.0002,28.1907,28.0698,19.3008,24.165,68.5618,25,403.539,17.2275,87.6492,101.327
92,1652233455,230.5,20220511 09:44:14,9:44:14,0,1652233455,0.001722423,1.722422909,8.037032524,400.028,260.6252911,26.23584675,40.26882142,0.100333868,3.02170169,0.098519138,0.061734774,141.0300873,27.49608321,26.6989,3.516351016,50.00914712,1.802910275,3.605161014,1.713440741,-75.95885028,69.13729855,4.933440139,139.1419757,8.022787788,1.714142177,8.037032524,410.599928,407.3291091,-1.10E-06,66.83704872,1.722422909,17.23303889,17.90959231,-7.78E-08,86.59541668,0,0,1,0,53192.31306,-,-,0,0,#DIV/0!,0,-,-,0,0,#DIV/0!,0.5,718.836999,8.037032524,#DIV/0!,0.011180605,#DIV/0!,#DIV/0!,-,0,#DIV/0!,#DIV/0!,#DIV/0!,#DIV/0!,#DIV/0!,#DIV/0!,#DIV/0!,#DIV/0!,852.713,718.836999,0.84299993,0.165389864,2,0.5,0: Broadleaf,2,TRUE,1652233455,400.028,403.511,17.91,17.2367,395.409,17.696,500.057,100.565,0.100007,27.1233,26.6989,999.9,0,0,10007.5,0,3.51145,852.713,0.900005,0.0999951,0,1.6745,0,4329.24,8234.54,40.687,43.625,42.312,42.437,40.812,767.45,85.27,0,1652233455,0,1.727330769,0.803569223,-271.5856407,4363.559231,15,1652233242,9:40:42,1652233241,1652233242,1,-0.285,-0.028,4.62,0.189,403,17,0.4,0.09,-3.562533902,0.224617422,0.050597754,1,1.726642424,0.836566486,0.201515628,1,0.677421195,-0.019217331,0.002073936,1,3,3,3月3日,100,100,4.619,0.214,4.445291379,0.000676004,-7.65E-07,4.25E-10,0.065174227,-0.023951514,0.002092542,-1.49E-05,2,2268,1,30,3.6,3.5,18,504.735,456.153,25.0001,28.2152,30.0003,28.1919,28.071,19.3001,24.165,68.5618,25,403.643,17.2288,87.6494,101.327
93,1652233457,232.5,20220511 09:44:16,9:44:16,0,1652233457,0.001720553,1.720553323,8.06640076,400.01,259.92399,26.16520377,40.26693789,0.100166776,3.024592089,0.098359721,0.061634467,140.7142256,27.49461467,26.7032,3.517241167,50.00819214,1.802897005,3.605203323,1.714344162,-75.87640155,68.5348782,4.885889583,138.2585918,8.168129522,1.71224439,8.06640076,410.5857683,407.3042424,-9.27E-05,66.83704872,1.720553323,17.23497113,17.91063187,2.42E-07,86.59541668,0,0,1,0,53281.45292,-,-,0,0,#DIV/0!,0,-,-,0,0,#DIV/0!,0.5,717.223857,8.06640076,#DIV/0!,0.011246699,#DIV/0!,#DIV/0!,-,0,#DIV/0!,#DIV/0!,#DIV/0!,#DIV/0!,#DIV/0!,#DIV/0!,#DIV/0!,#DIV/0!,850.799,717.223857,0.843000353,0.165390681,2,0.5,0: Broadleaf,2,TRUE,1652233457,400.01,403.55,17.9099,17.2375,395.391,17.6959,500.172,100.565,0.0998281,27.1235,26.7032,999.9,0,0,10025,0,3.50188,850.799,0.899993,0.100006,0,1.9358,0,4318.96,8216.04,40.687,43.625,42.312,42.437,40.812,765.71,85.09,0,1652233457,0,1.768452,0.534023066,-273.6076928,4353.8852,15,1652233242,9:40:42,1652233241,1652233242,1,-0.285,-0.028,4.62,0.189,403,17,0.4,0.09,-3.55841,0.425685157,0.055183782,1,1.730182857,0.458195695,0.198878048,1,0.676753171,-0.02077016,0.002214879,1,3,3,3月3日,100,100,4.619,0.214,4.445291379,0.000676004,-7.65E-07,4.25E-10,0.065174227,-0.023951514,0.002092542,-1.49E-05,2,2268,1,30,3.6,3.6,18,504.662,456.213,25.0001,28.2163,30.0003,28.1925,28.0722,19.2983,24.165,68.5618,25,403.492,17.2299,87.6497,101.327
94,1652233459,234.5,20220511 09:44:18,9:44:18,0,1652233459,0.001716201,1.716201113,8.145721246,400.005,258.1725498,25.98867982,40.26610064,0.099804549,3.021470331,0.098008596,0.06141404,140.528443,27.49360809,26.7122,3.51910491,50.01523664,1.80300285,3.604907167,1.716102059,-75.6844691,66.77004912,4.765173016,136.3791961,8.131760869,1.714996165,8.145721246,410.6061607,407.2922,-8.12E-05,66.83704872,1.716201113,17.23668052,17.91065165,3.41E-07,86.59541668,0,0,1,0,53185.37057,-,-,0,0,#DIV/0!,0,-,-,0,0,#DIV/0!,0.5,716.276385,8.145721246,#DIV/0!,0.011372316,#DIV/0!,#DIV/0!,-,0,#DIV/0!,#DIV/0!,#DIV/0!,#DIV/0!,#DIV/0!,#DIV/0!,#DIV/0!,#DIV/0!,849.675,716.276385,0.843000424,0.165390818,2,0.5,0: Broadleaf,2,TRUE,1652233459,400.005,403.531,17.9111,17.2376,395.386,17.6971,500.157,100.564,0.0999933,27.1221,26.7122,999.9,0,0,10006.2,0,3.50188,849.675,0.899989,0.100011,0,1.6235,0,4312.91,8205.17,40.687,43.625,42.312,42.5,40.812,764.7,84.98,0,1652233459,0,1.781046154,0.030769224,-276.6331624,4347.232308,15,1652233242,9:40:42,1652233241,1652233242,1,-0.285,-0.028,4.62,0.189,403,17,0.4,0.09,-3.555615854,0.46476899,0.055769315,1,1.740072727,0.720465224,0.193658359,1,0.67619239,-0.022554042,0.002348379,1,3,3,3月3日,100,100,4.619,0.214,4.445291379,0.000676004,-7.65E-07,4.25E-10,0.065174227,-0.023951514,0.002092542,-1.49E-05,2,2268,1,30,3.6,3.6,18,504.703,456.172,25,28.2175,30.0003,28.1937,28.0734,19.3001,24.165,68.5618,25,403.56,17.2278,87.6504,101.327
95,1652233461,236.5,20220511 09:44:20,9:44:20,0,1652233461,0.001715391,1.715390699,8.137836225,400.003,258.3836107,26.0097278,40.26559239,0.099865965,3.017945418,0.098065764,0.06145014,140.1566048,27.49208532,26.7035,3.517303278,50.01541388,1.80300924,3.604907167,1.714294038,-75.64872983,68.10767394,4.866100688,137.4816496,8.156009155,1.713456061,8.137836225,410.6149053,407.3030788,2.19E-05,66.83704872,1.715390699,17.23726949,17.91102857,1.41E-07,86.59541668,0,0,1,0,53076.74869,-,-,0,0,#DIV/0!,0,-,-,0,0,#DIV/0!,0.5,714.385086,8.137836225,#DIV/0!,0.011391386,#DIV/0!,#DIV/0!,-,0,#DIV/0!,#DIV/0!,#DIV/0!,#DIV/0!,#DIV/0!,#DIV/0!,#DIV/0!,#DIV/0!,847.432,714.385086,0.842999894,0.165389795,2,0.5,0: Broadleaf,2,TRUE,1652233461,400.003,403.539,17.9113,17.2383,395.384,17.6973,500.079,100.563,0.100226,27.1221,26.7035,999.9,0,0,9985,0,3.50188,847.432,0.900006,0.0999943,0,1.7238,0,4300.67,8183.55,40.687,43.625,42.312,42.437,40.812,762.69,84.74,0,1652233461,0,1.787669231,-0.325271793,-275.3377775,4336.383462,15,1652233242,9:40:42,1652233241,1652233242,1,-0.285,-0.028,4.62,0.189,403,17,0.4,0.09,-3.548607317,0.390249199,0.053000356,1,1.74865,0.635728081,0.195300791,1,0.67568878,-0.0229703,0.002371497,1,3,3,3月3日,100,100,4.619,0.214,4.445291379,0.000676004,-7.65E-07,4.25E-10,0.065174227,-0.023951514,0.002092542,-1.49E-05,2,2268,1,30,3.7,3.6,18,504.759,456.13,25,28.2188,30.0004,28.1949,28.0744,19.3,24.165,68.5618,25,403.518,17.2279,87.6505,101.327
96,1652233463,238.5,20220511 09:44:22,9:44:22,0,1652233463,0.001715587,1.715586546,8.150339165,400,258.4644734,26.01790104,40.265342,0.100074937,3.015043902,0.098265561,0.061575816,139.978447,27.49164517,26.688,3.514095469,50.0159937,1.803061882,3.604970628,1.711033587,-75.65736666,70.61043715,5.049387301,139.9809048,8.168602578,1.712343555,8.150339165,410.622612,407.3065152,1.84E-05,66.83704872,1.715586546,17.23741116,17.91108352,2.28E-07,86.59541668,0,0,1,0,52987.41758,-,-,0,0,#DIV/0!,0,-,-,0,0,#DIV/0!,0.5,713.469585,8.150339165,#DIV/0!,0.011423527,#DIV/0!,#DIV/0!,-,0,#DIV/0!,#DIV/0!,#DIV/0!,#DIV/0!,#DIV/0!,#DIV/0!,#DIV/0!,#DIV/0!,846.345,713.469585,0.843000886,0.16539171,2,0.5,0: Broadleaf,2,TRUE,1652233463,400,403.54,17.9118,17.2394,395.381,17.6978,500.2,100.563,0.100355,27.1224,26.688,999.9,0,0,9967.5,0,3.50188,846.345,0.899972,0.100028,0,1.6901,0,4295.11,8172.98,40.687,43.687,42.312,42.437,40.812,761.69,84.66,0,1652233463,0,1.779856,-0.221869234,-269.5307697,4326.78,15,1652233242,9:40:42,1652233241,1652233242,1,-0.285,-0.028,4.62,0.189,403,17,0.4,0.09,-3.540190488,0.325415958,0.050274517,1,1.767005882,0.335635592,0.186448357,1,0.67500461,-0.020821087,0.002182881,1,3,3,3月3日,100,100,4.619,0.214,4.445291379,0.000676004,-7.65E-07,4.25E-10,0.065174227,-0.023951514,0.002092542,-1.49E-05,2,2268,1,30,3.7,3.7,18,504.723,456.102,25,28.2194,30.0003,28.1961,28.0752,19.3001,24.165,68.5618,25,403.583,17.2279,87.6508,101.327
97,1652233465,240.5,20220511 09:44:24,9:44:24,0,1652233465,0.001717822,1.717822045,8.172860589,400.002,258.3920393,26.01049299,40.26536285,0.100289111,3.020428559,0.098475235,0.061707259,139.7453048,27.48792997,26.6817,3.51279238,50.02264254,1.803174596,3.604716793,1.709617785,-75.75595218,71.5670129,5.108477212,140.6648427,8.222851179,1.713288937,8.172860589,410.6057634,407.2808909,-8.12E-05,66.83704872,1.717822045,17.23820675,17.91278791,-1.27E-07,86.59541668,0,0,1,0,53153.39591,-,-,0,0,#DIV/0!,0,-,-,0,0,#DIV/0!,0.5,712.286286,8.172860589,#DIV/0!,0.011474123,#DIV/0!,#DIV/0!,-,0,#DIV/0!,#DIV/0!,#DIV/0!,#DIV/0!,#DIV/0!,#DIV/0!,#DIV/0!,#DIV/0!,844.942,712.286286,0.843000213,0.165390411,2,0.5,0: Broadleaf,2,TRUE,1652233465,400.002,403.564,17.913,17.2402,395.383,17.699,500.178,100.563,0.0999038,27.1212,26.6817,999.9,0,0,10000,0,3.50188,844.942,0.899993,0.100007,0,1.8042,0,4287.4,8159.47,40.687,43.625,42.312,42.5,40.812,760.44,84.5,0,1652233465,0,1.787019231,0.040058118,-273.6153847,4319.936538,15,1652233242,9:40:42,1652233241,1652233242,1,-0.285,-0.028,4.62,0.189,403,17,0.4,0.09,-3.532947317,0.165671707,0.042843395,1,1.769820588,0.312540353,0.161241891,1,0.67441822,-0.018190265,0.00197146,1,3,3,3月3日,100,100,4.619,0.214,4.445291379,0.000676004,-7.65E-07,4.25E-10,0.065174227,-0.023951514,0.002092542,-1.49E-05,2,2268,1,30,3.7,3.7,18,504.685,456.028,24.9999,28.2205,30.0002,28.197,28.0764,19.2989,24.165,68.5618,25,403.443,17.2279,87.6515,101.327
98,1652233467,242.5,20220511 09:44:26,9:44:26,0,1652233467,0.001714318,1.714317822,8.223790326,400.026,257.3691866,25.90749148,40.26771939,0.100105533,3.024559187,0.098300647,0.061597356,139.376766,27.48533783,26.6791,3.512254721,50.0229765,1.803091407,3.604526427,1.709163313,-75.60141597,71.94208739,5.128147213,140.8455846,8.181173451,1.706573194,8.223790326,410.6436389,407.2967636,2.88E-05,66.83704872,1.714317822,17.23928054,17.91261978,3.40E-07,86.59541668,0,0,1,0,53280.96138,-,-,0,0,#DIV/0!,0,-,-,0,0,#DIV/0!,0.5,710.4126,8.223790326,#DIV/0!,0.011576076,#DIV/0!,#DIV/0!,-,0,#DIV/0!,#DIV/0!,#DIV/0!,#DIV/0!,#DIV/0!,#DIV/0!,#DIV/0!,#DIV/0!,842.72,710.4126,0.842999573,0.165389176,2,0.5,0: Broadleaf,2,TRUE,1652233467,400.026,403.571,17.9122,17.2419,395.407,17.6981,500.076,100.563,0.0997554,27.1203,26.6791,999.9,0,0,10025,0,3.50188,842.72,0.90001,0.0999905,0,1.6381,0,4275.27,8138.05,40.687,43.625,42.312,42.5,40.812,758.46,84.26,0,1652233467,0,1.794630769,0.127241023,-271.2441023,4308.972692,15,1652233242,9:40:42,1652233241,1652233242,1,-0.285,-0.028,4.62,0.189,403,17,0.4,0.09,-3.528188049,-0.107449129,0.033458107,1,1.793794118,-0.065749534,0.13717967,1,0.673923122,-0.015275185,0.001747775,1,3,3,3月3日,100,100,4.619,0.2141,4.445291379,0.000676004,-7.65E-07,4.25E-10,0.065174227,-0.023951514,0.002092542,-1.49E-05,2,2268,1,30,3.8,3.7,18,504.661,456.121,25,28.2214,30.0002,28.1979,28.0776,19.2985,24.165,68.5618,25,403.422,17.2279,87.6512,101.326
99,1652233469,244.5,20220511 09:44:28,9:44:28,0,1652233469,0.001711218,1.711217923,8.158505015,400.036,258.1647307,25.98767011,40.26887627,0.099908312,3.018359523,0.09810684,0.061475925,139.103145,27.48385269,26.6806,3.5125649,50.02783141,1.803118268,3.604230319,1.709446632,-75.4647104,71.32271752,5.094442501,140.0555946,8.066409589,1.704674081,8.158505015,410.6671356,407.3468061,0.000174155,66.83704872,1.711217923,17.23982828,17.9117956,3.96E-07,86.59541668,0,0,1,0,53090.06505,-,-,0,0,#DIV/0!,0,-,-,0,0,#DIV/0!,0.5,709.0137,8.158505015,#DIV/0!,0.011506837,#DIV/0!,#DIV/0!,-,0,#DIV/0!,#DIV/0!,#DIV/0!,#DIV/0!,#DIV/0!,#DIV/0!,#DIV/0!,#DIV/0!,841.06,709.0137,0.843000143,0.165390275,2,0.5,0: Broadleaf,2,TRUE,1652233469,400.036,403.534,17.9124,17.243,395.417,17.6984,500.191,100.563,0.100131,27.1189,26.6806,999.9,0,0,9987.5,0,3.50188,841.06,0.9,0.1,0,1.5529,0,4266.17,8121.99,40.625,43.625,42.312,42.5,40.812,756.95,84.11,0,1652233469,0,1.76226,0.112223079,-268.4276928,4299.406,15,1652233242,9:40:42,1652233241,1652233242,1,-0.285,-0.028,4.62,0.189,403,17,0.4,0.09,-3.527036585,-0.190035052,0.032883135,1,1.790597143,-0.076946863,0.148923335,1,0.673198122,-0.013991101,0.001585614,1,3,3,3月3日,100,100,4.619,0.214,4.445291379,0.000676004,-7.65E-07,4.25E-10,0.065174227,-0.023951514,0.002092542,-1.49E-05,2,2268,1,30,3.8,3.8,18,504.717,456.147,25,28.2224,30.0002,28.1991,28.0788,19.2988,24.165,68.5618,25,403.491,17.2279,87.6513,101.326
100,1652233471,246.5,20220511 09:44:30,9:44:30,0,1652233471,0.001710269,1.710269021,8.055125748,400.031,259.5702325,26.12910432,40.26829899,0.099722097,3.019808109,0.097928114,0.061363566,138.8318062,27.4803743,26.6914,3.514798899,50.03612511,1.803205552,3.603807346,1.711593346,-75.42286383,69.27305722,4.945883251,137.6278829,8.038488873,1.705415748,8.055125748,410.617511,407.3399455,3.47E-05,66.83704872,1.710269021,17.24146187,17.91307033,-3.54E-07,86.59541668,0,0,1,0,53135.03833,-,-,0,0,#DIV/0!,0,-,-,0,0,#DIV/0!,0.5,707.629614,8.055125748,#DIV/0!,0.011383251,#DIV/0!,#DIV/0!,-,0,#DIV/0!,#DIV/0!,#DIV/0!,#DIV/0!,#DIV/0!,#DIV/0!,#DIV/0!,#DIV/0!,839.418,707.629614,0.843000286,0.165390552,2,0.5,0: Broadleaf,2,TRUE,1652233471,400.031,403.518,17.9133,17.2436,395.412,17.6992,500.184,100.563,0.0999461,27.1169,26.6914,999.9,0,0,9996.25,0,3.50188,839.418,0.899992,0.100008,0,1.6244,0,4257.27,8106.12,40.687,43.625,42.312,42.5,40.812,755.47,83.95,0,1652233471,0,1.771884,-0.446269225,-268.7269231,4288.7952,15,1652233242,9:40:42,1652233241,1652233242,1,-0.285,-0.028,4.62,0.189,403,17,0.4,0.09,-3.523132439,-0.089384739,0.036786389,1,1.783536364,-0.29825948,0.160841435,1,0.672513073,-0.014141436,0.001605471,1,3,3,3月3日,100,100,4.619,0.2141,4.445291379,0.000676004,-7.65E-07,4.25E-10,0.065174227,-0.023951514,0.002092542,-1.49E-05,2,2268,1,30,3.8,3.8,18,504.753,456.067,24.9999,28.2236,30.0002,28.1997,28.0792,19.2986,24.165,68.5618,25,403.471,17.228,87.6517,101.326
101,1652233473,248.5,20220511 09:44:32,9:44:32,0,1652233473,0.001709447,1.709446967,8.085074859,400.013,258.8440436,26.05596727,40.2664303,0.099551163,3.024460168,0.097765963,0.061261453,138.5054006,27.476792,26.7016,3.516909925,50.04351758,1.803323806,3.60351129,1.713586119,-75.38661125,67.48833891,4.811259988,135.4183883,8.033296953,1.705945175,8.085074859,410.5890169,407.2992303,-0.000135131,66.83704872,1.709446967,17.24281196,17.91428791,-4.14E-08,86.59541668,0,0,1,0,53278.75684,-,-,0,0,#DIV/0!,0,-,-,0,0,#DIV/0!,0.5,705.969357,8.085074859,#DIV/0!,0.011452444,#DIV/0!,#DIV/0!,-,0,#DIV/0!,#DIV/0!,#DIV/0!,#DIV/0!,#DIV/0!,#DIV/0!,#DIV/0!,#DIV/0!,837.449,705.969357,0.842999821,0.165389654,2,0.5,0: Broadleaf,2,TRUE,1652233473,400.013,403.499,17.9145,17.2444,395.393,17.7004,500.04,100.563,0.0998042,27.1155,26.7016,999.9,0,0,10024.4,0,3.50188,837.449,0.90001,0.0999896,0,1.6084,0,4246.44,8087.15,40.687,43.687,42.312,42.5,40.812,753.71,83.74,0,1652233473,0,1.754176923,-0.310823928,-269.7193159,4282.183462,15,1652233242,9:40:42,1652233241,1652233242,1,-0.285,-0.028,4.62,0.189,403,17,0.4,0.09,-3.518319756,-0.042072125,0.038445607,1,1.776427273,-0.166847203,0.159151853,1,0.672015415,-0.013434774,0.001531703,1,3,3,3月3日,100,100,4.62,0.2141,4.445291379,0.000676004,-7.65E-07,4.25E-10,0.065174227,-0.023951514,0.002092542,-1.49E-05,2,2268,1,30,3.9,3.8,18,504.732,456.022,24.9999,28.2239,30.0003,28.2009,28.08,19.2991,24.165,68.5618,25,403.422,17.228,87.6517,101.326
102,1652233475,250.5,20220511 09:44:34,9:44:34,0,1652233475,0.001713246,1.713246363,8.070838953,399.986,259.2533231,26.09722504,40.26380272,0.099717401,3.022082001,0.097924909,0.061361432,138.4135429,27.47497153,26.7071,3.518048683,50.04874414,1.803448647,3.603384416,1.714600036,-75.55416459,66.44142053,4.740468424,134.0412673,8.214736239,1.707612794,8.070838953,410.5810372,407.2974364,-6.81E-05,66.83704872,1.713246363,17.24349945,17.91630989,2.17E-07,86.59541668,0,0,1,0,53205.48621,-,-,0,0,#DIV/0!,0,-,-,0,0,#DIV/0!,0.5,705.502215,8.070838953,#DIV/0!,0.011439849,#DIV/0!,#DIV/0!,-,0,#DIV/0!,#DIV/0!,#DIV/0!,#DIV/0!,#DIV/0!,#DIV/0!,#DIV/0!,#DIV/0!,836.895,705.502215,0.842999677,0.165389377,2,0.5,0: Broadleaf,2,TRUE,1652233475,399.986,403.544,17.9157,17.2451,395.367,17.7015,500.155,100.563,0.10003,27.1149,26.7071,999.9,0,0,10010,0,3.50188,836.895,0.900007,0.0999925,0,1.9535,0,4243.57,8081.8,40.687,43.687,42.312,42.5,40.812,753.21,83.68,0,1652233475,0,1.757836,-0.109453847,-263.5646158,4272.634,15,1652233242,9:40:42,1652233241,1652233242,1,-0.285,-0.028,4.62,0.189,403,17,0.4,0.09,-3.519662439,0.050647108,0.037556039,1,1.755594286,-0.129565585,0.152783569,1,0.671706439,-0.0123997,0.001475919,1,3,3,3月3日,100,100,4.619,0.2142,4.445291379,0.000676004,-7.65E-07,4.25E-10,0.065174227,-0.023951514,0.002092542,-1.49E-05,2,2268,1,30,3.9,3.9,18,504.835,456.016,25.0001,28.2248,30.0003,28.2021,28.0813,19.2981,24.165,68.5618,25,403.542,17.228,87.6518,101.326
103,1652233477,252.5,20220511 09:44:36,9:44:36,0,1652233477,0.001710377,1.710376791,8.139404291,399.992,257.9076553,25.96197218,40.26472641,0.099525426,3.023436576,0.097740547,0.06124554,138.007552,27.47352086,26.7088,3.518400728,50.04742239,1.803432767,3.603447852,1.71496796,-75.42761649,66.24300196,4.724241374,133.5471789,8.173970741,1.704944172,8.139404291,410.6140502,407.3023879,9.59E-06,66.83704872,1.710376791,17.24417138,17.9158,6.30E-07,86.59541668,0,0,1,0,53247.24091,-,-,0,0,#DIV/0!,0,-,-,0,0,#DIV/0!,0.5,703.428885,8.139404291,#DIV/0!,0.011571041,#DIV/0!,#DIV/0!,-,0,#DIV/0!,#DIV/0!,#DIV/0!,#DIV/0!,#DIV/0!,#DIV/0!,#DIV/0!,#DIV/0!,834.435,703.428885,0.843000216,0.165390416,2,0.5,0: Broadleaf,2,TRUE,1652233477,399.992,403.533,17.9154,17.2459,395.373,17.7013,500.194,100.564,0.0998293,27.1152,26.7088,999.9,0,0,10018.1,0,3.50188,834.435,0.899994,0.100006,0,1.6334,0,4230.06,8058.01,40.625,43.687,42.312,42.5,40.812,750.99,83.45,0,1652233477,0,1.7667,-0.173284611,-268.5561539,4261.7696,15,1652233242,9:40:42,1652233241,1652233242,1,-0.285,-0.028,4.62,0.189,403,17,0.4,0.09,-3.525976585,0.089617003,0.035601349,1,1.773606061,-0.134180676,0.145409428,1,0.671458317,-0.012132105,0.001457498,1,3,3,3月3日,100,100,4.619,0.2141,4.445291379,0.000676004,-7.65E-07,4.25E-10,0.065174227,-0.023951514,0.002092542,-1.49E-05,2,2268,1,30,3.9,3.9,18,504.752,456.063,25,28.226,30.0003,28.2033,28.0829,19.3009,24.165,68.5618,25,403.588,17.228,87.6516,101.326
104,1652233479,254.5,20220511 09:44:38,9:44:38,0,1652233479,0.001703642,1.703642219,8.197471273,400,256.5828461,25.82892016,40.2660124,0.099217158,3.020974196,0.097441794,0.061057985,137.7252889,27.47477763,26.7017,3.516930627,50.04509736,1.80344423,3.603638169,1.713486397,-75.13062187,67.49198569,4.817088963,134.9037417,8.122599818,1.703007381,8.197471273,410.6186272,407.2827636,-3.24E-05,66.83704872,1.703642219,17.24523578,17.91438242,4.78E-07,86.59541668,0,0,1,0,53171.16024,-,-,0,0,#DIV/0!,0,-,-,0,0,#DIV/0!,0.5,701.995215,8.197471273,#DIV/0!,0.011677389,#DIV/0!,#DIV/0!,-,0,#DIV/0!,#DIV/0!,#DIV/0!,#DIV/0!,#DIV/0!,#DIV/0!,#DIV/0!,#DIV/0!,832.735,701.995215,0.842999532,0.165389096,2,0.5,0: Broadleaf,2,TRUE,1652233479,400,403.521,17.9153,17.2464,395.38,17.7011,500.074,100.565,0.100031,27.1161,26.7017,999.9,0,0,10003.1,0,3.50188,832.735,0.900014,0.0999858,0,1.6577,0,4220.95,8041.64,40.687,43.625,42.312,42.437,40.812,749.47,83.26,0,1652233479,0,1.74815,-0.576728199,-272.8782903,4254.969615,15,1652233242,9:40:42,1652233241,1652233242,1,-0.285,-0.028,4.62,0.189,403,17,0.4,0.09,-3.527372683,0.074805575,0.035390379,1,1.753484848,-0.227903875,0.155875257,1,0.671101049,-0.012675303,0.001496423,1,3,3,3月3日,100,100,4.62,0.2142,4.445291379,0.000676004,-7.65E-07,4.25E-10,0.065174227,-0.023951514,0.002092542,-1.49E-05,2,2268,1,30,4,3.9,18,504.667,456.038,24.9998,28.2272,30.0002,28.2042,28.084,19.2982,24.165,68.5618,25,403.523,17.228,87.6514,101.326
105,1652233481,256.5,20220511 09:44:40,9:44:40,0,1652233481,0.001705326,1.705325943,8.139831503,400,257.8006402,25.95131171,40.2657056,0.099431501,3.017340522,0.097646427,0.061186729,137.4928334,27.4736212,26.6928,3.515088582,50.04608407,1.803500954,3.603680462,1.711587628,-75.20487407,68.89111015,4.92265553,136.1017251,8.235224949,1.701342565,8.139831503,410.6048268,407.2928909,1.33E-05,66.83704872,1.705325943,17.24574965,17.91541648,-3.15E-07,86.59541668,0,0,1,0,53059.1745,-,-,0,0,#DIV/0!,0,-,-,0,0,#DIV/0!,0.5,700.807728,8.139831503,#DIV/0!,0.011614928,#DIV/0!,#DIV/0!,-,0,#DIV/0!,#DIV/0!,#DIV/0!,#DIV/0!,#DIV/0!,#DIV/0!,#DIV/0!,#DIV/0!,831.326,700.807728,0.842999892,0.165389791,2,0.5,0: Broadleaf,2,TRUE,1652233481,400,403.565,17.916,17.2479,395.381,17.7018,500.183,100.564,0.100264,27.1163,26.6928,999.9,0,0,9981.25,0,3.50188,831.326,0.900006,0.0999937,0,1.6489,0,4213.33,8028.01,40.625,43.687,42.312,42.5,40.812,748.2,83.13,0,1652233481,0,1.727436,-0.359092303,-271.4823082,4245.4472,15,1652233242,9:40:42,1652233241,1652233242,1,-0.285,-0.028,4.62,0.189,403,17,0.4,0.09,-3.52777561,0.051481254,0.035961349,1,1.744873529,-0.250757882,0.145435315,1,0.67061378,-0.01221416,0.001457719,1,3,3,3月3日,100,100,4.619,0.2142,4.445291379,0.000676004,-7.65E-07,4.25E-10,0.065174227,-0.023951514,0.002092542,-1.49E-05,2,2268,1,30,4,4,18,504.752,456.061,24.9998,28.2284,30.0001,28.2051,28.0847,19.2994,24.165,68.5618,25,403.503,17.228,87.6514,101.326
106,1652233483,258.5,20220511 09:44:42,9:44:42,0,1652233483,0.001709378,1.709378088,8.144366379,400.026,257.9832658,25.96963314,40.26822606,0.099612789,3.017961866,0.097821625,0.061296762,137.168082,27.470665,26.698,3.51616473,50.04875713,1.803597282,3.603680462,1.712567448,-75.3835737,68.05923384,4.862338462,134.7060806,8.052714796,1.700261092,8.144366379,410.6466104,407.3320788,0.00012852,66.83704872,1.709378088,17.24600062,17.91728242,-2.44E-07,86.59541668,0,0,1,0,53078.30225,-,-,0,0,#DIV/0!,0,-,-,0,0,#DIV/0!,0.5,699.1506,8.144366379,#DIV/0!,0.011648944,#DIV/0!,#DIV/0!,-,0,#DIV/0!,#DIV/0!,#DIV/0!,#DIV/0!,#DIV/0!,#DIV/0!,#DIV/0!,#DIV/0!,829.36,699.1506,0.843000145,0.165390279,2,0.5,0: Broadleaf,2,TRUE,1652233483,400.026,403.518,17.917,17.2493,395.406,17.7027,500.164,100.564,0.100022,27.1163,26.698,999.9,0,0,9985,0,3.50188,829.36,0.899996,0.100004,0,1.6137,0,4202.64,8009,40.625,43.625,42.312,42.5,40.812,746.42,82.94,0,1652233483,0,1.728664,0.082992303,-271.1969231,4234.8112,15,1652233242,9:40:42,1652233241,1652233242,1,-0.285,-0.028,4.62,0.189,403,17,0.4,0.09,-3.529974634,-0.004225505,0.036792939,1,1.742794118,-0.239420483,0.137311426,1,0.670175,-0.011939707,0.001433172,1,3,3,3月3日,100,100,4.62,0.2143,4.445291379,0.000676004,-7.65E-07,4.25E-10,0.065174227,-0.023951514,0.002092542,-1.49E-05,2,2268,1,30,4,4,18,504.823,456.036,24.9999,28.229,30.0002,28.2063,28.0859,19.3,24.165,68.5618,25,403.541,17.228,87.6514,101.325
107,1652233485,260.5,20220511 09:44:44,9:44:44,0,1652233485,0.001707795,1.707794676,8.139196586,400.001,257.8706903,25.95804219,40.26530826,0.099482958,3.018048125,0.097696465,0.061218128,136.8883493,27.46925173,26.7014,3.516868522,50.05275656,1.80372024,3.603638169,1.713148282,-75.31374523,67.47542666,4.820569008,133.8705998,8.057322741,1.702404828,8.139196586,410.6213033,407.3089091,-2.44E-05,66.83704872,1.707794676,17.24751202,17.91832747,2.45E-07,86.59541668,0,0,1,0,53080.97204,-,-,0,0,#DIV/0!,0,-,-,0,0,#DIV/0!,0.5,697.730358,8.139196586,#DIV/0!,0.011665246,#DIV/0!,#DIV/0!,-,0,#DIV/0!,#DIV/0!,#DIV/0!,#DIV/0!,#DIV/0!,#DIV/0!,#DIV/0!,#DIV/0!,827.676,697.730358,0.842999384,0.165388811,2,0.5,0: Broadleaf,2,TRUE,1652233485,400.001,403.496,17.9184,17.2497,395.381,17.7041,500.045,100.563,0.100019,27.1161,26.7014,999.9,0,0,9985.62,0,3.50188,827.676,0.900017,0.0999834,0,1.5833,0,4193.78,7992.78,40.625,43.687,42.312,42.5,40.812,744.92,82.75,0,1652233485,0,1.732846154,0.131343579,-265.62188,4228.299231,15,1652233242,9:40:42,1652233241,1652233242,1,-0.285,-0.028,4.62,0.189,403,17,0.4,0.09,-3.526294878,0.061374146,0.038428466,1,1.75190303,0.040359585,0.151771156,1,0.66977439,-0.011495958,0.001392511,1,3,3,3月3日,100,100,4.62,0.2143,4.445291379,0.000676004,-7.65E-07,4.25E-10,0.065174227,-0.023951514,0.002092542,-1.49E-05,2,2268,1,30,4.1,4,18,504.813,455.957,24.9999,28.2302,30.0002,28.2069,28.0865,19.3014,24.165,68.5618,25,403.593,17.228,87.6517,101.324
108,1652233487,262.5,20220511 09:44:46,9:44:46,0,1652233487,0.001706227,1.706227192,8.111212059,399.982,258.2611407,25.99709328,40.26300408,0.099445755,3.019791659,0.097661596,0.061196131,136.7593703,27.4689183,26.6973,3.516019848,50.05559298,1.803843624,3.603680462,1.712176223,-75.24461916,68.21446032,4.87045825,134.5996698,8.161912043,1.704490195,8.111212059,410.57517,407.2757758,-0.000124329,66.83704872,1.706227192,17.24902562,17.91900549,3.92E-07,86.59541668,0,0,1,0,53134.61618,-,-,0,0,#DIV/0!,0,-,-,0,0,#DIV/0!,0.5,697.065258,8.111212059,#DIV/0!,0.011636231,#DIV/0!,#DIV/0!,-,0,#DIV/0!,#DIV/0!,#DIV/0!,#DIV/0!,#DIV/0!,#DIV/0!,#DIV/0!,#DIV/0!,826.886,697.065258,0.843000435,0.16539084,2,0.5,0: Broadleaf,2,TRUE,1652233487,399.982,403.518,17.9198,17.2505,395.362,17.7055,500.208,100.562,0.10004,27.1163,26.6973,999.9,0,0,9996.25,0,3.50188,826.886,0.899984,0.100016,0,1.8459,0,4189.38,7985.08,40.625,43.687,42.312,42.5,40.812,744.18,82.7,0,1652233487,0,1.743956,0.342999995,-258.7184619,4218.8872,15,1652233242,9:40:42,1652233241,1652233242,1,-0.285,-0.028,4.62,0.189,403,17,0.4,0.09,-3.519810244,0.003984251,0.035683588,1,1.742520588,0.048316564,0.160822051,1,0.669362366,-0.007698711,0.00101237,1,3,3,3月3日,100,100,4.62,0.2143,4.445291379,0.000676004,-7.65E-07,4.25E-10,0.065174227,-0.023951514,0.002092542,-1.49E-05,2,2268,1,30,4.1,4.1,18,504.73,455.967,24.9998,28.2311,30.0003,28.2081,28.0877,19.3014,24.165,68.1897,25,403.542,17.228,87.6519,101.324
109,1652233489,264.5,20220511 09:44:48,9:44:48,0,1652233489,0.001706839,1.706839162,8.142483331,399.993,257.7776692,25.94867351,40.26449536,0.09945525,3.019601242,0.097670643,0.061201824,136.3813628,27.46551764,26.6995,3.516475211,50.05846352,1.803830629,3.603447852,1.712644583,-75.27160704,67.67294292,4.83212558,133.6148242,8.207885655,1.700279018,8.142483331,410.6020698,407.2889818,6.02E-06,66.83704872,1.706839162,17.24967083,17.91994396,3.93E-07,86.59541668,0,0,1,0,53128.96576,-,-,0,0,#DIV/0!,0,-,-,0,0,#DIV/0!,0.5,695.147286,8.142483331,#DIV/0!,0.011713321,#DIV/0!,#DIV/0!,-,0,#DIV/0!,#DIV/0!,#DIV/0!,#DIV/0!,#DIV/0!,#DIV/0!,#DIV/0!,#DIV/0!,824.612,695.147286,0.842999236,0.165388525,2,0.5,0: Broadleaf,2,TRUE,1652233489,399.993,403.547,17.9195,17.2518,395.374,17.7052,500.168,100.563,0.1,27.1152,26.6995,999.9,0,0,9995,0,3.50188,824.612,0.900029,0.0999707,0,1.668,0,4177.3,7963.22,40.625,43.625,42.312,42.5,40.812,742.17,82.44,0,1652233489,0,1.766992,0.258938455,-264.0053846,4208.1988,15,1652233242,9:40:42,1652233241,1652233242,1,-0.285,-0.028,4.62,0.189,403,17,0.4,0.09,-3.516913902,-0.128485087,0.03122874,1,1.748287879,0.320794896,0.151112859,1,0.669188683,-0.005550439,0.000882702,1,3,3,3月3日,100,100,4.619,0.2143,4.445291379,0.000676004,-7.65E-07,4.25E-10,0.065174227,-0.023951514,0.002092542,-1.49E-05,2,2268,1,30,4.1,4.1,18,504.693,455.959,24.9998,28.232,30.0002,28.2093,28.0888,19.2997,24.165,68.1897,25,403.531,17.228,87.652,101.324
110,1652233491,266.5,20220511 09:44:50,9:44:50,0,1652233491,0.001704615,1.704614647,8.163094733,400.008,257.2485489,25.89533764,40.26589174,0.099292164,3.025186173,0.097516569,0.061104741,136.1150605,27.46075219,26.7018,3.516951329,50.06828221,1.803845674,3.602771244,1.713105655,-75.17350594,66.90109192,4.768171676,132.6108181,8.228811129,1.706056557,8.163094733,410.6242267,407.3018667,5.10E-05,66.83704872,1.704614647,17.25022621,17.91975714,3.85E-07,86.59541668,0,0,1,0,53301.79306,-,-,0,0,#DIV/0!,0,-,-,0,0,#DIV/0!,0.5,693.781713,8.163094733,#DIV/0!,0.011766085,#DIV/0!,#DIV/0!,-,0,#DIV/0!,#DIV/0!,#DIV/0!,#DIV/0!,#DIV/0!,#DIV/0!,#DIV/0!,#DIV/0!,822.991,693.781713,0.843000365,0.165390704,2,0.5,0: Broadleaf,2,TRUE,1652233491,400.008,403.572,17.9197,17.2496,395.389,17.7054,500.07,100.563,0.0997161,27.112,26.7018,999.9,0,0,10028.8,0,3.50188,822.991,0.899992,0.100008,0,1.8026,0,4167.99,7947.49,40.625,43.687,42.312,42.5,40.812,740.69,82.31,0,1652233491,0,1.746680769,0.299025632,-265.1182902,4201.451154,15,1652233242,9:40:42,1652233241,1652233242,1,-0.285,-0.028,4.62,0.189,403,17,0.4,0.09,-3.522590244,-0.145097561,0.031750193,1,1.756336364,0.227857151,0.144447633,1,0.669071683,-0.006916265,0.000948568,1,3,3,3月3日,100,100,4.619,0.2143,4.445291379,0.000676004,-7.65E-07,4.25E-10,0.065174227,-0.023951514,0.002092542,-1.49E-05,2,2268,1,30,4.2,4.1,18,504.734,455.947,24.9999,28.2332,30.0003,28.2105,28.0895,19.2986,24.165,68.1897,25,403.52,17.228,87.652,101.324
111,1652233493,268.5,20220511 09:44:52,9:44:52,0,1652233493,0.001701793,1.701792866,8.224204568,400.006,256.0500121,25.77471374,40.26572802,0.099131484,3.026620778,0.097362399,0.061007815,135.8466987,27.4577751,26.7013,3.51684782,50.07476459,1.803867491,3.602348419,1.712980329,-75.0490654,66.68806101,4.750676232,132.2363706,8.167427652,1.727627129,8.224204568,410.6453452,407.2992485,3.55E-06,66.83704872,1.701792866,17.2515316,17.91978681,4.80E-08,86.59541668,0,0,1,0,53346.4604,-,-,0,0,#DIV/0!,0,-,-,0,0,#DIV/0!,0.5,692.412801,8.224204568,#DIV/0!,0.011877603,#DIV/0!,#DIV/0!,-,0,#DIV/0!,#DIV/0!,#DIV/0!,#DIV/0!,#DIV/0!,#DIV/0!,#DIV/0!,#DIV/0!,821.367,692.412801,0.843000511,0.165390987,2,0.5,0: Broadleaf,2,TRUE,1652233493,400.006,403.548,17.9199,17.2415,395.387,17.7056,500.197,100.563,0.0998101,27.11,26.7013,999.9,0,0,10037.5,0,3.50188,821.367,0.899979,0.100021,0,1.7237,0,4159.62,7931.78,40.625,43.687,42.312,42.5,40.812,739.21,82.15,0,1652233493,0,1.761172,0.139699989,-266.1869235,4192.08,15,1652233242,9:40:42,1652233241,1652233242,1,-0.285,-0.028,4.62,0.189,403,17,0.4,0.09,-3.530777805,-0.098634564,0.027558367,1,1.754937143,0.119765166,0.146640589,1,0.669226683,-0.001993861,0.001299102,1,3,3,3月3日,100,100,4.619,0.2143,4.445291379,0.000676004,-7.65E-07,4.25E-10,0.065174227,-0.023951514,0.002092542,-1.49E-05,2,2268,1,30,4.2,4.2,18,504.758,456.024,25,28.2338,30.0003,28.2114,28.0907,19.2994,24.165,68.1897,25,403.515,17.228,87.6518,101.324
112,1652233495,270.5,20220511 09:44:54,9:44:54,0,1652233495,0.00170253,1.702530309,8.202967545,399.98,256.5152856,25.82165822,40.26328034,0.099241989,3.020842069,0.097465669,0.06107299,135.4735373,27.45557135,26.6958,3.515709402,50.07392978,1.80378449,3.60224272,1.711924912,-75.08158665,67.37503208,4.808651336,132.5756341,8.15740136,1.744251874,8.202967545,410.6323063,407.2946909,-2.66E-05,66.83704872,1.702530309,17.25070608,17.91931978,1.80E-07,86.59541668,0,0,1,0,53168.21339,-,-,0,0,#DIV/0!,0,-,-,0,0,#DIV/0!,0.5,690.514758,8.202967545,#DIV/0!,0.011879496,#DIV/0!,#DIV/0!,-,0,#DIV/0!,#DIV/0!,#DIV/0!,#DIV/0!,#DIV/0!,#DIV/0!,#DIV/0!,#DIV/0!,819.116,690.514758,0.842999963,0.165389929,2,0.5,0: Broadleaf,2,TRUE,1652233495,399.98,403.521,17.919,17.234,395.361,17.7047,500.145,100.563,0.100234,27.1095,26.6958,999.9,0,0,10002.5,0,3.50188,819.116,0.899999,0.100001,0,1.8475,0,4147.25,7910.09,40.625,43.687,42.312,42.5,40.812,737.2,81.91,0,1652233495,0,1.768568,-0.107869244,-274.5207691,4181.4932,15,1652233242,9:40:42,1652233241,1652233242,1,-0.285,-0.028,4.62,0.189,403,17,0.4,0.09,-3.535904634,-0.032869965,0.023750757,1,1.753506061,-0.073604073,0.150380775,1,0.670115634,0.016025791,0.00337782,1,3,3,3月3日,100,100,4.619,0.2143,4.445291379,0.000676004,-7.65E-07,4.25E-10,0.065174227,-0.023951514,0.002092542,-1.49E-05,2,2268,1,30,4.2,4.2,18,504.764,455.933,25.0001,28.235,30.0003,28.2123,28.0919,19.3016,24.165,68.1897,25,403.626,17.228,87.6519,101.323
113,1652233497,272.5,20220511 09:44:56,9:44:56,0,1652233497,0.001713893,1.713893453,8.155805621,399.997,258.196086,25.99107456,40.26533481,0.099937187,3.018789977,0.098134936,0.061493553,135.1993373,27.45104526,26.6928,3.515088582,50.06601621,1.803467673,3.602179302,1.711620909,-75.58270128,67.76868579,4.839954991,132.2252768,8.196629315,1.742980009,8.155805621,410.6103295,407.2913758,-1.42E-05,66.83704872,1.713893453,17.24345494,17.91662747,3.36E-07,86.59541668,0,0,1,0,53105.05899,-,-,0,0,#DIV/0!,0,-,-,0,0,#DIV/0!,0.5,689.115558,8.155805621,#DIV/0!,0.011835178,#DIV/0!,#DIV/0!,-,0,#DIV/0!,#DIV/0!,#DIV/0!,#DIV/0!,#DIV/0!,#DIV/0!,#DIV/0!,#DIV/0!,817.456,689.115558,0.843000183,0.165390354,2,0.5,0: Broadleaf,2,TRUE,1652233497,399.997,403.554,17.9157,17.2311,395.378,17.7016,500.074,100.564,0.100092,27.1092,26.6928,999.9,0,0,9990,0,3.50188,817.456,0.899991,0.100009,0,1.6927,0,4138.01,7894.03,40.625,43.687,42.312,42.5,40.812,735.7,81.75,0,1652233497,0,1.786192308,-0.081292318,-272.3210252,4174.663462,15,1652233242,9:40:42,1652233241,1652233242,1,-0.285,-0.028,4.62,0.189,403,17,0.4,0.09,-3.536852927,-0.056780697,0.023761358,1,1.752287879,0.317716069,0.148803166,1,0.67147339,0.039528188,0.005478621,1,3,3,3月3日,100,100,4.619,0.2141,4.445291379,0.000676004,-7.65E-07,4.25E-10,0.065174227,-0.023951514,0.002092542,-1.49E-05,2,2268,1,30,4.3,4.2,18,504.759,455.842,25.0001,28.2359,30.0003,28.2135,28.0931,19.2995,24.165,68.1897,25,403.492,17.228,87.652,101.323
114,1652233499,274.5,20220511 09:44:58,9:44:58,0,1652233499,0.001725248,1.725248024,8.214461476,400.002,258.1226352,25.98385656,40.26611065,0.100604928,3.021486781,0.098780348,0.061898893,135.0619066,27.44590454,26.6913,3.514778208,50.058143,1.803057087,3.601925639,1.711721121,-76.08343785,67.87809453,4.843376586,131.6999398,8.179255882,1.735499868,8.214461476,410.6312437,407.2891879,-5.93E-06,66.83704872,1.725248024,17.23517574,17.91265055,-1.90E-07,86.59541668,0,0,1,0,53188.39828,-,-,0,0,#DIV/0!,0,-,-,0,0,#DIV/0!,0.5,688.414272,8.214461476,#DIV/0!,0.011932439,#DIV/0!,#DIV/0!,-,0,#DIV/0!,#DIV/0!,#DIV/0!,#DIV/0!,#DIV/0!,#DIV/0!,#DIV/0!,#DIV/0!,816.624,688.414272,0.843000294,0.165390567,2,0.5,0: Broadleaf,2,TRUE,1652233499,400.002,403.55,17.9115,17.23,395.382,17.6975,500.195,100.565,0.0997733,27.108,26.6913,999.9,0,0,10006.2,0,3.50188,816.624,0.899987,0.100013,0,2.05,0,4133.95,7885.99,40.625,43.687,42.312,42.5,40.812,734.95,81.67,0,1652233499,0,1.748056,-0.096600005,-272.3215388,4165.2892,15,1652233242,9:40:42,1652233241,1652233242,1,-0.285,-0.028,4.62,0.189,403,17,0.4,0.09,-3.53891561,-0.090714146,0.024549606,1,1.736028571,-0.030138552,0.172793182,1,0.672884927,0.055467638,0.006572703,1,3,3,3月3日,100,100,4.62,0.214,4.445291379,0.000676004,-7.65E-07,4.25E-10,0.065174227,-0.023951514,0.002092542,-1.49E-05,2,2268,1,30,4.3,4.3,18,504.656,455.981,25,28.2368,30.0002,28.2141,28.0937,19.3004,24.165,68.1897,25,403.575,17.2308,87.6515,101.323
115,1652233501,276.5,20220511 09:45:00,9:45:00,0,1652233501,0.001728247,1.72824654,8.126589024,400.015,259.875458,26.16033309,40.26746397,0.100867497,3.022528015,0.099034094,0.062058257,134.6942197,27.4426327,26.6839,3.513247379,50.05544662,1.802928223,3.601862225,1.710319156,-76.21567242,69.05843475,4.925711495,132.4626935,8.015480354,1.730524121,8.126589024,410.6187686,407.3118545,5.90E-05,66.83704872,1.72824654,17.23162568,17.91033846,-1.05E-06,86.59541668,0,0,1,0,53220.56272,-,-,0,0,#DIV/0!,0,-,-,0,0,#DIV/0!,0.5,686.542542,8.126589024,#DIV/0!,0.011836978,#DIV/0!,#DIV/0!,-,0,#DIV/0!,#DIV/0!,#DIV/0!,#DIV/0!,#DIV/0!,#DIV/0!,#DIV/0!,#DIV/0!,814.404,686.542542,0.842999963,0.165389929,2,0.5,0: Broadleaf,2,TRUE,1652233501,400.015,403.497,17.9102,17.2306,395.396,17.6962,500.156,100.565,0.099885,27.1077,26.6839,999.9,0,0,10012.5,0,3.50188,814.404,0.900004,0.0999963,0,1.8871,0,4121.67,7864.6,40.625,43.625,42.312,42.5,40.812,732.97,81.44,0,1652233501,0,1.785652,0.314499991,-275.7823077,4154.0576,15,1652233242,9:40:42,1652233241,1652233242,1,-0.285,-0.028,4.62,0.189,403,17,0.4,0.09,-3.538605122,-0.056435331,0.025426792,1,1.769845455,-0.002036593,0.180491902,1,0.674155707,0.060963721,0.00688299,1,3,3,3月3日,100,100,4.619,0.214,4.445291379,0.000676004,-7.65E-07,4.25E-10,0.065174227,-0.023951514,0.002092542,-1.49E-05,2,2268,1,30,4.3,4.3,18,504.697,456.057,25,28.238,30.0002,28.2153,28.0949,19.3,24.165,68.1897,25,403.473,17.2305,87.6518,101.323
116,1652233503,278.5,20220511 09:45:02,9:45:02,0,1652233503,0.001729116,1.729115817,7.986227587,400.024,262.1922214,26.39337729,40.26810674,0.100931743,3.017754776,0.09909318,0.062095635,134.468206,27.44191073,26.6824,3.512937147,50.05060503,1.802785575,3.601925639,1.710151572,-76.25400755,69.242224,4.946602734,132.4030252,7.943994477,1.726598686,7.986227587,410.5747338,407.3247212,6.16E-05,66.83704872,1.729115817,17.22997186,17.90906813,-1.12E-06,86.59541668,0,0,1,0,53073.39436,-,-,0,0,#DIV/0!,0,-,-,0,0,#DIV/0!,0.5,685.388685,7.986227587,#DIV/0!,0.011652115,#DIV/0!,#DIV/0!,-,0,#DIV/0!,#DIV/0!,#DIV/0!,#DIV/0!,#DIV/0!,#DIV/0!,#DIV/0!,#DIV/0!,813.035,685.388685,0.843000221,0.165390427,2,0.5,0: Broadleaf,2,TRUE,1652233503,400.024,403.477,17.9089,17.2308,395.405,17.6949,500.126,100.564,0.100227,27.108,26.6824,999.9,0,0,9983.75,0,3.50188,813.035,0.899996,0.100004,0,1.8843,0,4114.71,7851.35,40.625,43.687,42.312,42.5,40.812,731.73,81.31,0,1652233503,0,1.772103846,0.233678623,-271.7350423,4147.279615,15,1652233242,9:40:42,1652233241,1652233242,1,-0.285,-0.028,4.62,0.189,403,17,0.4,0.09,-3.529526585,-0.003485854,0.03061228,1,1.779845455,0.030228878,0.188293065,1,0.67523761,0.057671122,0.006735229,1,3,3,3月3日,100,100,4.619,0.214,4.445291379,0.000676004,-7.65E-07,4.25E-10,0.065174227,-0.023951514,0.002092542,-1.49E-05,2,2268,1,30,4.4,4.3,18,504.875,455.932,25.0001,28.2386,30.0002,28.2162,28.0959,19.3023,24.165,68.1897,25,403.584,17.2304,87.6522,101.323
117,1652233505,280.5,20220511 09:45:04,9:45:04,0,1652233505,0.001725134,1.725134296,8.004858745,400.017,261.5497921,26.32817539,40.26658806,0.100661018,3.017721879,0.098832189,0.061931664,134.1808826,27.44157313,26.6843,3.513330112,50.04591745,1.802648468,3.601989053,1.710681644,-76.07842245,68.9811629,4.928060691,132.0116838,8.119194074,1.723290599,8.004858745,410.5573776,407.3008727,-5.02E-05,66.83704872,1.725134296,17.23065387,17.90808242,-6.72E-07,86.59541668,0,0,1,0,53072.28579,-,-,0,0,#DIV/0!,0,-,-,0,0,#DIV/0!,0.5,683.917557,8.004858745,#DIV/0!,0.011704421,#DIV/0!,#DIV/0!,-,0,#DIV/0!,#DIV/0!,#DIV/0!,#DIV/0!,#DIV/0!,#DIV/0!,#DIV/0!,#DIV/0!,811.289,683.917557,0.843001146,0.165392212,2,0.5,0: Broadleaf,2,TRUE,1652233505,400.017,403.539,17.9079,17.2312,395.398,17.694,500.201,100.562,0.100192,27.1083,26.6843,999.9,0,0,9983.75,0,3.50188,811.289,0.899967,0.100033,0,1.7532,0,4105.08,7834.43,40.625,43.687,42.312,42.5,40.812,730.13,81.16,0,1652233505,0,1.782228,0.64106922,-273.2000004,4137.6912,15,1652233242,9:40:42,1652233241,1652233242,1,-0.285,-0.028,4.62,0.189,403,17,0.4,0.09,-3.525883902,0.129340348,0.034784542,1,1.788308571,0.18087593,0.189762201,1,0.676179024,0.048271484,0.006341162,1,3,3,3月3日,100,100,4.619,0.2139,4.445291379,0.000676004,-7.65E-07,4.25E-10,0.065174227,-0.023951514,0.002092542,-1.49E-05,2,2268,1,30,4.4,4.4,18,504.866,455.87,25.0001,28.2398,30.0003,28.2171,28.0967,19.2979,24.165,68.1897,25,403.4,17.2311,87.6522,101.323
118,1652233507,282.5,20220511 09:45:06,9:45:06,0,1652233507,0.0017222,1.722199639,8.09794689,400.014,259.8861267,26.16061467,40.26614367,0.100515395,3.022065551,0.098694372,0.061844846,133.8253598,27.43953095,26.6811,3.512668299,50.04298848,1.802511233,3.601925639,1.710157066,-75.94900407,69.55293778,4.96167994,132.3909734,8.221861519,1.7172428,8.09794689,410.5977871,407.3024061,-2.22E-05,66.83704872,1.722199639,17.23079872,17.90724835,-4.49E-07,86.59541668,0,0,1,0,53206.1804,-,-,0,0,#DIV/0!,0,-,-,0,0,#DIV/0!,0.5,682.114986,8.09794689,#DIV/0!,0.011871821,#DIV/0!,#DIV/0!,-,0,#DIV/0!,#DIV/0!,#DIV/0!,#DIV/0!,#DIV/0!,#DIV/0!,#DIV/0!,#DIV/0!,809.152,682.114986,0.842999815,0.165389642,2,0.5,0: Broadleaf,2,TRUE,1652233507,400.014,403.577,17.9066,17.2321,395.394,17.6928,500.072,100.562,0.099836,27.108,26.6811,999.9,0,0,10010,0,3.50188,809.152,0.900004,0.0999957,0,2.0546,0,4093.31,7813.88,40.625,43.687,42.312,42.5,40.812,728.24,80.91,0,1652233507,0,1.78774,0.343015381,-275.7746153,4126.7924,15,1652233242,9:40:42,1652233241,1652233242,1,-0.285,-0.028,4.62,0.189,403,17,0.4,0.09,-3.529895854,0.184446899,0.03266442,1,1.786587879,0.172867996,0.180350456,1,0.676951951,0.034033714,0.00581866,1,3,3,3月3日,100,100,4.62,0.2138,4.445291379,0.000676004,-7.65E-07,4.25E-10,0.065174227,-0.023951514,0.002092542,-1.49E-05,2,2268,1,30,4.4,4.4,18,504.721,455.913,24.9999,28.2407,30.0003,28.2183,28.0979,19.2998,24.165,68.1897,25,403.529,17.2349,87.652,101.323
119,1652233509,284.5,20220511 09:45:08,9:45:08,0,1652233509,0.001715262,1.715261704,8.210607567,400.005,257.6572923,25.93684845,40.26615732,0.100183369,3.017547662,0.098371584,0.061642293,133.5518213,27.43788066,26.6742,3.511241634,50.04473743,1.802330939,3.601439494,1.708910696,-75.64304115,70.19729574,5.014913095,133.120989,8.134818884,1.709855717,8.210607567,410.6473168,407.3059455,3.77E-06,66.83704872,1.715261704,17.23101573,17.90473956,-9.93E-08,86.59541668,0,0,1,0,53067.42497,-,-,0,0,#DIV/0!,0,-,-,0,0,#DIV/0!,0.5,680.719158,8.210607567,#DIV/0!,0.012061667,#DIV/0!,#DIV/0!,-,0,#DIV/0!,#DIV/0!,#DIV/0!,#DIV/0!,#DIV/0!,#DIV/0!,#DIV/0!,#DIV/0!,807.496,680.719158,0.843000037,0.165390072,2,0.5,0: Broadleaf,2,TRUE,1652233509,400.005,403.532,17.9044,17.2328,395.386,17.6906,500.072,100.564,0.100135,27.1057,26.6742,999.9,0,0,9982.5,0,3.50188,807.496,0.899996,0.100004,0,1.7151,0,4085.14,7797.87,40.625,43.625,42.312,42.5,40.75,726.74,80.75,0,1652233509,0,1.802284615,0.038803419,-269.4341876,4120.015,15,1652233242,9:40:42,1652233241,1652233242,1,-0.285,-0.028,4.62,0.189,403,17,0.4,0.09,-3.532267317,0.125430314,0.033918084,1,1.779593939,0.281537866,0.193629626,1,0.677445146,0.013973017,0.0053126,1,3,3,3月3日,100,100,4.619,0.2138,4.445291379,0.000676004,-7.65E-07,4.25E-10,0.065174227,-0.023951514,0.002092542,-1.49E-05,2,2268,1,30,4.5,4.4,18,504.804,455.801,24.9999,28.2416,30.0003,28.2189,28.0985,19.2996,24.165,68.1897,25,403.497,17.2363,87.6516,101.323
120,1652233511,286.5,20220511 09:45:10,9:45:10,0,1652233511,0.001709928,1.709928248,8.16544194,400.009,258.1845402,25.99015939,40.26692559,0.100017624,3.01818538,0.098212145,0.061542091,133.4087174,27.43804345,26.6617,3.508658386,50.04355726,1.802256705,3.601376088,1.706401681,-75.40783572,72.1972712,5.156372073,135.354525,8.081829269,1.705287258,8.16544194,410.6230578,407.3011515,-8.36E-06,66.83704872,1.709928248,17.23190073,17.90332637,-4.57E-07,86.59541668,0,0,1,0,53087.13365,-,-,0,0,#DIV/0!,0,-,-,0,0,#DIV/0!,0.5,679.993728,8.16544194,#DIV/0!,0.012008114,#DIV/0!,#DIV/0!,-,0,#DIV/0!,#DIV/0!,#DIV/0!,#DIV/0!,#DIV/0!,#DIV/0!,#DIV/0!,#DIV/0!,806.636,679.993728,0.842999479,0.165388995,2,0.5,0: Broadleaf,2,TRUE,1652233511,400.009,403.513,17.9035,17.2339,395.389,17.6898,500.226,100.565,0.100049,27.1054,26.6617,999.9,0,0,9986.25,0,3.50188,806.636,0.900021,0.0999795,0,1.5812,0,4080.45,7789.62,40.625,43.687,42.312,42.437,40.75,725.99,80.65,0,1652233511,0,1.77272,-0.260438459,-268.1738465,4110.6596,15,1652233242,9:40:42,1652233241,1652233242,1,-0.285,-0.028,4.62,0.189,403,17,0.4,0.09,-3.529643659,0.107456446,0.033511339,1,1.77194,0.131051272,0.190352535,1,0.677771317,-0.012966251,0.004806356,1,3,3,3月3日,100,100,4.62,0.2137,4.445291379,0.000676004,-7.65E-07,4.25E-10,0.065174227,-0.023951514,0.002092542,-1.49E-05,2,2268,1,30,4.5,4.5,18,504.829,455.743,25,28.2428,30.0003,28.2201,28.0997,19.3008,24.165,68.1897,25,403.55,17.236,87.6519,101.322
121,1652233513,288.5,20220511 09:45:12,9:45:12,0,1652233513,0.001707147,1.707146968,8.129645203,399.989,258.5775435,26.02965515,40.26481029,0.099887188,3.022627147,0.098088964,0.061464469,133.0443386,27.43540299,26.6587,3.508038653,50.0463391,1.802272272,3.601207011,1.705766381,-75.2851813,72.66202455,5.181840473,135.6030223,8.173130415,1.705021701,8.129645203,410.5932781,407.2856242,-4.66E-05,66.83704872,1.707146968,17.23270176,17.90314176,-7.14E-07,86.59541668,0,0,1,0,53224.17041,-,-,0,0,#DIV/0!,0,-,-,0,0,#DIV/0!,0.5,678.133557,8.129645203,#DIV/0!,0.011988266,#DIV/0!,#DIV/0!,-,0,#DIV/0!,#DIV/0!,#DIV/0!,#DIV/0!,#DIV/0!,#DIV/0!,#DIV/0!,#DIV/0!,804.429,678.133557,0.842999888,0.165389784,2,0.5,0: Broadleaf,2,TRUE,1652233513,399.989,403.53,17.9037,17.2341,395.37,17.6899,500.148,100.565,0.099794,27.1046,26.6587,999.9,0,0,10013.1,0,3.51966,804.429,0.900009,0.0999915,0,1.7698,0,4068.61,7768.28,40.625,43.687,42.312,42.437,40.812,723.99,80.44,0,1652233513,0,1.804284,-0.866246155,-267.7415384,4099.7016,15,1652233242,9:40:42,1652233241,1652233242,1,-0.285,-0.028,4.62,0.189,403,17,0.4,0.09,-3.525337561,0.083983902,0.032601501,1,1.777609091,0.006474351,0.19297799,1,0.677707244,-0.040721101,0.004903677,1,3,3,3月3日,100,100,4.619,0.2138,4.445291379,0.000676004,-7.65E-07,4.25E-10,0.065174227,-0.023951514,0.002092542,-1.49E-05,2,2268,1,30,4.5,4.5,18,504.745,455.735,24.9999,28.2434,30.0002,28.221,28.1007,19.2996,24.165,68.1897,25,403.534,17.2346,87.6524,101.322
122,1652233515,290.5,20220511 09:45:14,9:45:14,0,1652233515,0.001705992,1.70599174,8.161806613,399.987,257.7234299,25.94349042,40.26432097,0.099640862,3.02054426,0.097850201,0.061314579,132.7731652,27.43225422,26.6729,3.510972899,50.05159022,1.802239249,3.600763215,1.70873365,-75.23423571,69.95760289,4.992718805,132.4892512,8.16028707,1.703846101,8.161806613,410.5993654,407.2782485,-3.35E-05,66.83704872,1.70599174,17.23379811,17.90384396,-4.82E-07,86.59541668,0,0,1,0,53160.29564,-,-,0,0,#DIV/0!,0,-,-,0,0,#DIV/0!,0.5,676.750314,8.161806613,#DIV/0!,0.012060292,#DIV/0!,#DIV/0!,-,0,#DIV/0!,#DIV/0!,#DIV/0!,#DIV/0!,#DIV/0!,#DIV/0!,#DIV/0!,#DIV/0!,802.788,676.750314,0.843000037,0.165390072,2,0.5,0: Broadleaf,2,TRUE,1652233515,399.987,403.523,17.9035,17.2343,395.367,17.6897,500.102,100.564,0.100074,27.1025,26.6729,999.9,0,0,10000.6,0,3.54702,802.788,0.9,0.1,0,1.8751,0,4059.49,7752.41,40.625,43.625,42.312,42.5,40.812,722.51,80.28,0,1652233515,0,1.791711538,-0.571825635,-268.833162,4092.874231,15,1652233242,9:40:42,1652233241,1652233242,1,-0.285,-0.028,4.62,0.189,403,17,0.4,0.09,-3.524276829,0.033242718,0.032150576,1,1.77320303,-0.397903925,0.198648969,1,0.676908439,-0.05406253,0.005434624,1,3,3,3月3日,100,100,4.62,0.2138,4.445291379,0.000676004,-7.65E-07,4.25E-10,0.065174227,-0.023951514,0.002092542,-1.49E-05,2,2268,1,30,4.6,4.5,18,504.829,455.741,24.9999,28.2446,30.0001,28.2219,28.1015,19.3007,24.165,68.1897,25,403.553,17.2392,87.6519,101.322
123,1652233517,292.5,20220511 09:45:16,9:45:16,0,1652233517,0.00170659,1.706590168,8.120546373,399.994,258.432057,26.01483663,40.26504562,0.09967272,3.016821736,0.097878756,0.061332713,132.5879861,27.43152,26.6732,3.511034913,50.05020309,1.802199878,3.600784347,1.708835035,-75.26062641,69.83885844,4.99040443,132.1566225,8.16245645,1.701265795,8.120546373,410.5938873,407.2896545,2.84E-05,66.83704872,1.706590168,17.23409318,17.90428352,-3.23E-08,86.59541668,0,0,1,0,53045.62908,-,-,0,0,#DIV/0!,0,-,-,0,0,#DIV/0!,0.5,675.811485,8.120546373,#DIV/0!,0.012015993,#DIV/0!,#DIV/0!,-,0,#DIV/0!,#DIV/0!,#DIV/0!,#DIV/0!,#DIV/0!,#DIV/0!,#DIV/0!,#DIV/0!,801.675,675.811485,0.842999326,0.1653887,2,0.5,0: Broadleaf,2,TRUE,1652233517,399.994,403.53,17.9031,17.235,395.374,17.6894,500.167,100.564,0.100124,27.1026,26.6732,999.9,0,0,9978.12,0,3.55659,801.675,0.900023,0.0999772,0,1.8802,0,4054.02,7741.71,40.625,43.687,42.312,42.437,40.812,721.53,80.15,0,1652233517,0,1.781244,-0.01112307,-268.1538466,4083.588,15,1652233242,9:40:42,1652233241,1652233242,1,-0.285,-0.028,4.62,0.189,403,17,0.4,0.09,-3.522770244,-0.007461533,0.03160879,1,1.782391429,-0.073672016,0.198652501,1,0.675534854,-0.052155742,0.005267814,1,3,3,3月3日,100,100,4.62,0.2137,4.445291379,0.000676004,-7.65E-07,4.25E-10,0.065174227,-0.023951514,0.002092542,-1.49E-05,2,2268,1,30,4.6,4.6,18,504.808,455.834,24.9999,28.2455,30.0001,28.2231,28.1027,19.2998,24.165,68.1897,25,403.545,17.2408,87.6519,101.321
124,1652233519,294.5,20220511 09:45:18,9:45:18,0,1652233519,0.001701892,1.701891717,8.132203786,400.017,258.0988619,25.98120173,40.26721504,0.099530914,3.021172719,0.097744529,0.061248159,132.1771822,27.43041119,26.6617,3.508658386,50.04799408,1.802173218,3.600890009,1.706485168,-75.05342474,71.89411246,5.129584034,134.147454,8.137729218,1.696366409,8.132203786,410.6063262,407.2966909,3.56E-05,66.83704872,1.701891717,17.23407144,17.90253956,3.39E-07,86.59541668,0,0,1,0,53179.56204,-,-,0,0,#DIV/0!,0,-,-,0,0,#DIV/0!,0.5,673.715214,8.132203786,#DIV/0!,0.012070684,#DIV/0!,#DIV/0!,-,0,#DIV/0!,#DIV/0!,#DIV/0!,#DIV/0!,#DIV/0!,#DIV/0!,#DIV/0!,#DIV/0!,799.188,673.715214,0.842999662,0.165389348,2,0.5,0: Broadleaf,2,TRUE,1652233519,400.017,403.543,17.9029,17.2366,395.398,17.6892,500.074,100.564,0.0997594,27.1031,26.6617,999.9,0,0,10004.4,0,3.55659,799.188,0.900009,0.0999911,0,1.3885,0,4040.79,7717.66,40.625,43.687,42.312,42.5,40.75,719.28,79.91,0,1652233519,0,1.757224,0.049769237,-266.8692307,4073.0012,15,1652233242,9:40:42,1652233241,1652233242,1,-0.285,-0.028,4.62,0.189,403,17,0.4,0.09,-3.521042927,-0.106441463,0.030062624,1,1.800527273,-0.417633821,0.176566597,1,0.673950829,-0.046873171,0.004783142,1,3,3,3月3日,100,100,4.619,0.2137,4.445291379,0.000676004,-7.65E-07,4.25E-10,0.065174227,-0.023951514,0.002092542,-1.49E-05,2,2268,1,30,4.6,4.6,18,504.725,455.822,24.9999,28.2464,30.0002,28.2243,28.1033,19.2991,24.165,68.1897,25,403.463,17.2387,87.6526,101.321
125,1652233521,296.5,20220511 09:45:20,9:45:20,0,1652233521,0.001700453,1.700453366,8.132057664,400.036,258.0429911,25.97531968,40.26872786,0.099467412,3.026307576,0.097686252,0.061211281,131.9043053,27.42899457,26.6593,3.508162592,50.04549788,1.802115061,3.600953407,1.706047531,-74.98999343,72.45682198,5.160907014,134.5320409,8.135281523,1.692766794,8.132057664,410.6266097,407.3173091,6.37E-05,66.83704872,1.700453366,17.23454639,17.90236593,-1.01E-07,86.59541668,0,0,1,0,53337.957,-,-,0,0,#DIV/0!,0,-,-,0,0,#DIV/0!,0.5,672.322758,8.132057664,#DIV/0!,0.012095467,#DIV/0!,#DIV/0!,-,0,#DIV/0!,#DIV/0!,#DIV/0!,#DIV/0!,#DIV/0!,#DIV/0!,#DIV/0!,#DIV/0!,797.536,672.322758,0.842999887,0.165389782,2,0.5,0: Broadleaf,2,TRUE,1652233521,400.036,403.56,17.9025,17.2377,395.417,17.6888,500.139,100.563,0.09976,27.1034,26.6593,999.9,0,0,10035.6,0,3.55659,797.536,0.9,0.0999996,0,1.6822,0,4031.59,7701.7,40.625,43.687,42.25,42.5,40.812,717.78,79.75,0,1652233521,0,1.764961538,-0.08298803,-261.2991449,4066.422308,15,1652233242,9:40:42,1652233241,1652233242,1,-0.285,-0.028,4.62,0.189,403,17,0.4,0.09,-3.520021707,-0.172067038,0.029157723,1,1.785312121,-0.143122282,0.186763963,1,0.672345098,-0.043538467,0.004442026,1,3,3,3月3日,100,100,4.619,0.2137,4.445291379,0.000676004,-7.65E-07,4.25E-10,0.065174227,-0.023951514,0.002092542,-1.49E-05,2,2268,1,30,4.7,4.6,18,504.657,455.765,24.9999,28.2477,30.0002,28.2255,28.1045,19.2966,24.165,68.1897,25,403.437,17.2431,87.6526,101.321
126,1652233523,298.5,20220511 09:45:22,9:45:22,0,1652233523,0.001698592,1.698592335,8.201078836,399.992,256.6323299,25.83339614,40.2644195,0.099279845,3.022082001,0.097502898,0.061096314,131.7214668,27.42714261,26.6662,3.509588164,50.05315743,1.802211064,3.600594162,1.7073771,-74.90792197,70.95448416,5.061097541,132.8291266,8.22866129,1.693755714,8.201078836,410.6335283,407.2971879,-4.91E-05,66.83704872,1.698592335,17.23632997,17.90333187,-3.75E-07,86.59541668,0,0,1,0,53207.82645,-,-,0,0,#DIV/0!,0,-,-,0,0,#DIV/0!,0.5,671.388171,8.201078836,#DIV/0!,0.012215108,#DIV/0!,#DIV/0!,-,0,#DIV/0!,#DIV/0!,#DIV/0!,#DIV/0!,#DIV/0!,#DIV/0!,#DIV/0!,#DIV/0!,796.427,671.388171,0.843000264,0.165390509,2,0.5,0: Broadleaf,2,TRUE,1652233523,399.992,403.553,17.9034,17.2383,395.373,17.6897,500.205,100.563,0.100062,27.1017,26.6662,999.9,0,0,10010,0,3.55659,796.427,0.899994,0.100006,0,1.809,0,4025.45,7690.97,40.625,43.625,42.312,42.5,40.812,716.78,79.65,0,1652233523,0,1.758444,0.137738461,-263.8315387,4057.1444,15,1652233242,9:40:42,1652233241,1652233242,1,-0.285,-0.028,4.62,0.189,403,17,0.4,0.09,-3.524042195,-0.108252962,0.026515527,1,1.76552,-0.054594129,0.176652878,1,0.670892195,-0.040914836,0.004187308,1,3,3,3月3日,100,100,4.619,0.2137,4.445291379,0.000676004,-7.65E-07,4.25E-10,0.065174227,-0.023951514,0.002092542,-1.49E-05,2,2268,1,30,4.7,4.7,18,504.709,455.673,24.9999,28.248,30.0002,28.2261,28.1057,19.2988,24.165,68.1897,25,403.549,17.2411,87.6522,101.321
127,1652233525,300.5,20220511 09:45:24,9:45:24,0,1652233525,0.00169634,1.696339728,8.223491113,399.992,256.0571599,25.7757405,40.26479869,0.09912035,3.021073504,0.097348474,0.060999354,131.3550202,27.4223142,26.669,3.510166801,50.06669353,1.802338767,3.599875766,1.707828034,-74.80858201,69.92099887,4.989030129,131.4564672,8.161488055,1.693863865,8.223491113,410.6223431,407.2762545,-8.05E-05,66.83704872,1.696339728,17.23773239,17.90400549,-4.67E-08,86.59541668,0,0,1,0,53177.35388,-,-,0,0,#DIV/0!,0,-,-,0,0,#DIV/0!,0.5,669.525414,8.223491113,#DIV/0!,0.012282568,#DIV/0!,#DIV/0!,-,0,#DIV/0!,#DIV/0!,#DIV/0!,#DIV/0!,#DIV/0!,#DIV/0!,#DIV/0!,#DIV/0!,794.218,669.525414,0.842999547,0.165389125,2,0.5,0: Broadleaf,2,TRUE,1652233525,399.992,403.527,17.9045,17.2392,395.373,17.6907,500.086,100.564,0.10001,27.0983,26.669,999.9,0,0,10003.8,0,3.55659,794.218,0.900012,0.0999881,0,1.6038,0,4013.56,7669.67,40.625,43.687,42.312,42.5,40.75,714.81,79.41,0,1652233525,0,1.760512,-0.140869232,-267.9953845,4046.2916,15,1652233242,9:40:42,1652233241,1652233242,1,-0.285,-0.028,4.62,0.189,403,17,0.4,0.09,-3.533139024,-0.032638955,0.017195683,1,1.761672727,0.070800558,0.17245795,1,0.669631415,-0.03612207,0.003743504,1,3,3,3月3日,100,100,4.619,0.2138,4.445291379,0.000676004,-7.65E-07,4.25E-10,0.065174227,-0.023951514,0.002092542,-1.49E-05,2,2268,1,30,4.7,4.7,18,504.858,455.683,24.9999,28.2488,30.0003,28.2273,28.1068,19.2974,24.165,68.1897,25,403.398,17.2414,87.6523,101.32
128,1652233527,302.5,20220511 09:45:26,9:45:26,0,1652233527,0.001697492,1.697492371,8.07652928,400.038,258.457599,26.01736093,40.26940231,0.099109425,3.022197608,0.097338582,0.060993081,131.12598,27.41939886,26.6751,3.511427692,50.06850834,1.802277164,3.599622244,1.709150528,-74.85941358,68.75760676,4.904314652,129.9284878,8.046463819,1.690263477,8.07652928,410.6185636,407.3315455,0.000134809,66.83704872,1.697492371,17.23812834,17.90476484,2.65E-07,86.59541668,0,0,1,0,53212.22936,-,-,0,0,#DIV/0!,0,-,-,0,0,#DIV/0!,0.5,668.3556,8.07652928,#DIV/0!,0.01208418,#DIV/0!,#DIV/0!,-,0,#DIV/0!,#DIV/0!,#DIV/0!,#DIV/0!,#DIV/0!,#DIV/0!,#DIV/0!,#DIV/0!,792.83,668.3556,0.842999886,0.165389781,2,0.5,0: Broadleaf,2,TRUE,1652233527,400.038,403.526,17.9039,17.2401,395.419,17.6902,500.151,100.564,0.0999427,27.0971,26.6751,999.9,0,0,10010.6,0,3.55659,792.83,0.900004,0.0999957,0,1.6592,0,4006.4,7656.25,40.625,43.687,42.312,42.5,40.75,713.55,79.28,0,1652233527,0,1.755196154,-0.475476927,-266.8396577,4039.488462,15,1652233242,9:40:42,1652233241,1652233242,1,-0.285,-0.028,4.62,0.189,403,17,0.4,0.09,-3.534994146,-0.001912683,0.015625592,1,1.756772727,-0.009970987,0.170078309,1,0.668479244,-0.02953915,0.003098291,1,3,3,3月3日,100,100,4.619,0.2137,4.445291379,0.000676004,-7.65E-07,4.25E-10,0.065174227,-0.023951514,0.002092542,-1.49E-05,2,2268,1,30,4.8,4.7,18,504.866,455.842,24.9999,28.25,30.0003,28.2282,28.1078,19.2981,24.165,68.1897,25,403.537,17.2456,87.652,101.32
129,1652233529,304.5,20220511 09:45:28,9:45:28,0,1652233529,0.001692339,1.692339381,8.075006399,400.025,257.9691841,25.96823987,40.268163,0.098732313,3.018168931,0.09697249,0.060763307,130.8980396,27.42099609,26.681,3.512647619,50.06450919,1.802260134,3.599875766,1.710387485,-74.6321667,67.90118792,4.849865316,129.0169261,7.972434061,1.687706666,8.075006399,410.613214,407.3273091,3.90E-05,66.83704872,1.692339381,17.23892609,17.90354286,3.88E-07,86.59541668,0,0,1,0,53087.86174,-,-,0,0,#DIV/0!,0,-,-,0,0,#DIV/0!,0.5,667.191657,8.075006399,#DIV/0!,0.012102979,#DIV/0!,#DIV/0!,-,0,#DIV/0!,#DIV/0!,#DIV/0!,#DIV/0!,#DIV/0!,#DIV/0!,#DIV/0!,#DIV/0!,791.449,667.191657,0.84300019,0.165390366,2,0.5,0: Broadleaf,2,TRUE,1652233529,400.025,403.483,17.9037,17.2409,395.406,17.6899,500.148,100.564,0.100116,27.0983,26.681,999.9,0,0,9986.25,0,3.55659,791.449,0.899996,0.100004,0,1.9396,0,3999.02,7642.9,40.625,43.687,42.312,42.5,40.75,712.3,79.15,0,1652233529,0,1.762076,-0.75083078,-269.7715388,4030.172,15,1652233242,9:40:42,1652233241,1652233242,1,-0.285,-0.028,4.62,0.189,403,17,0.4,0.09,-3.527731951,0.033860488,0.019929518,1,1.742254286,-0.233241487,0.154766402,1,0.667409976,-0.025518941,0.002656078,1,3,3,3月3日,100,100,4.619,0.2138,4.445291379,0.000676004,-7.65E-07,4.25E-10,0.065174227,-0.023951514,0.002092542,-1.49E-05,2,2268,1,30,4.8,4.8,18,504.703,455.781,24.9999,28.2506,30.0003,28.2291,28.1086,19.2992,24.165,68.1897,25,403.441,17.2436,87.6514,101.32
130,1652233531,306.5,20220511 09:45:30,9:45:30,0,1652233531,0.001689732,1.689731911,8.067995506,399.999,257.836154,25.95490395,40.26563174,0.098566462,3.01319252,0.096809648,0.060661265,130.4891626,27.42060511,26.6827,3.512999192,50.06534139,1.802374714,3.600044789,1.710624478,-74.51717728,67.6430287,4.839466011,128.45448,7.956938181,1.687318967,8.067995506,410.5708949,407.2883879,-0.000111797,66.83704872,1.689731911,17.240211,17.90386044,-1.59E-07,86.59541668,0,0,1,0,52934.63636,-,-,0,0,#DIV/0!,0,-,-,0,0,#DIV/0!,0.5,665.105472,8.067995506,#DIV/0!,0.0121304,#DIV/0!,#DIV/0!,-,0,#DIV/0!,#DIV/0!,#DIV/0!,#DIV/0!,#DIV/0!,#DIV/0!,#DIV/0!,#DIV/0!,788.974,665.105472,0.843000494,0.165390954,2,0.5,0: Broadleaf,2,TRUE,1652233531,399.999,403.451,17.9048,17.2421,395.38,17.691,500.108,100.564,0.100331,27.0991,26.6827,999.9,0,0,9956.25,0,3.55659,788.974,0.899983,0.100017,0,1.5807,0,3985.68,7618.98,40.625,43.687,42.25,42.5,40.75,710.06,78.91,0,1652233531,0,1.728332,-0.488138471,-277.8030768,4019.5512,15,1652233242,9:40:42,1652233241,1652233242,1,-0.285,-0.028,4.62,0.189,403,17,0.4,0.09,-3.519923902,0.139437909,0.029377955,1,1.753633333,-0.11225243,0.159301939,1,0.666521634,-0.024133861,0.00251682,1,3,3,3月3日,100,100,4.619,0.2138,4.445291379,0.000676004,-7.65E-07,4.25E-10,0.065174227,-0.023951514,0.002092542,-1.49E-05,2,2268,1,30,4.8,4.8,18,504.713,455.723,24.9999,28.2519,30.0003,28.2303,28.1098,19.3005,24.165,68.1897,25,403.538,17.2447,87.6518,101.32
131,1652233533,308.5,20220511 09:45:32,9:45:32,0,1652233533,0.001693929,1.693929254,7.935198913,399.997,260.4076267,26.21365178,40.26526489,0.098881152,3.018996943,0.097116545,0.06085376,130.2094548,27.41656332,26.6775,3.511923889,50.07028258,1.802467969,3.599875766,1.70945592,-74.70228011,68.48947668,4.89045678,128.8871082,8.070698464,1.688958407,7.935198913,410.5286776,407.3003212,-3.37E-06,66.83704872,1.693929254,17.24067379,17.90582747,-2.60E-07,86.59541668,0,0,1,0,53113.36275,-,-,0,0,#DIV/0!,0,-,-,0,0,#DIV/0!,0.5,663.682971,7.935198913,#DIV/0!,0.011956309,#DIV/0!,#DIV/0!,-,0,#DIV/0!,#DIV/0!,#DIV/0!,#DIV/0!,#DIV/0!,#DIV/0!,#DIV/0!,#DIV/0!,787.287,663.682971,0.843000038,0.165390074,2,0.5,0: Broadleaf,2,TRUE,1652233533,399.997,403.494,17.9058,17.2426,395.378,17.692,500.216,100.564,0.0999172,27.0983,26.6775,999.9,0,0,9991.25,0,3.55659,787.287,0.900004,0.0999963,0,1.6986,0,3976.49,7602.73,40.562,43.687,42.312,42.437,40.75,708.56,78.73,0,1652233533,0,1.727161538,-0.430933337,-269.8376064,4012.570385,15,1652233242,9:40:42,1652233241,1652233242,1,-0.285,-0.028,4.62,0.189,403,17,0.4,0.09,-3.514535854,0.249819512,0.034765647,1,1.73689697,-0.357561716,0.163220981,1,0.66584,-0.023875108,0.002492654,1,3,3,3月3日,100,100,4.619,0.2138,4.445291379,0.000676004,-7.65E-07,4.25E-10,0.065174227,-0.023951514,0.002092542,-1.49E-05,2,2268,1,30,4.9,4.8,18,504.841,455.795,25,28.2528,30.0002,28.2309,28.1104,19.2993,24.165,68.1897,25,403.524,17.2438,87.6522,101.32
132,1652233535,310.5,20220511 09:45:34,9:45:34,0,1652233535,0.001692457,1.692457429,8.082783463,399.982,258.0796304,25.9794864,40.26403368,0.098928345,3.025928284,0.097166038,0.060884495,130.0741162,27.41378026,26.6668,3.509712151,50.07842176,1.802581112,3.599516615,1.707131039,-74.63737261,70.11492686,4.994743356,130.5464138,8.167482275,1.691864845,8.082783463,410.5602481,407.2713697,-6.09E-05,66.83704872,1.692457429,17.24152417,17.90625495,3.35E-07,86.59541668,0,0,1,0,53327.49267,-,-,0,0,#DIV/0!,0,-,-,0,0,#DIV/0!,0.5,662.992614,8.082783463,#DIV/0!,0.012191363,#DIV/0!,#DIV/0!,-,0,#DIV/0!,#DIV/0!,#DIV/0!,#DIV/0!,#DIV/0!,#DIV/0!,#DIV/0!,#DIV/0!,786.468,662.992614,0.843000114,0.165390221,2,0.5,0: Broadleaf,2,TRUE,1652233535,399.982,403.519,17.9068,17.2423,395.363,17.693,500.096,100.565,0.0996141,27.0966,26.6668,999.9,0,0,10033.1,0,3.55659,786.468,0.899999,0.100001,0,1.7392,0,3971.98,7594.81,40.562,43.687,42.312,42.5,40.75,707.82,78.65,0,1652233535,0,1.698332,-0.391830769,-271.5676926,4003.1156,15,1652233242,9:40:42,1652233241,1652233242,1,-0.285,-0.028,4.62,0.189,403,17,0.4,0.09,-3.511930244,0.225220348,0.035263235,1,1.725725714,-0.470268493,0.166457607,1,0.665258244,-0.021623561,0.002335017,1,3,3,3月3日,100,100,4.619,0.2138,4.445291379,0.000676004,-7.65E-07,4.25E-10,0.065174227,-0.023951514,0.002092542,-1.49E-05,2,2268,1,30,4.9,4.9,18,504.728,455.788,25.0001,28.2537,30.0001,28.2321,28.1116,19.3013,24.165,68.1897,25,403.513,17.2406,87.6522,101.32
133,1652233537,312.5,20220511 09:45:36,9:45:36,0,1652233537,0.001690449,1.690449347,8.226035381,399.959,255.695452,25.73957321,40.26185794,0.0988937,3.02201574,0.097130379,0.060862296,129.751068,27.41332015,26.66,3.508307192,50.07628683,1.80255716,3.599622244,1.705750032,-74.54881622,71.21360509,5.079417315,131.4952742,8.153854341,1.687729866,8.226035381,410.6072533,407.2599273,-5.57E-05,66.83704872,1.690449347,17.2428158,17.90678132,3.49E-07,86.59541668,0,0,1,0,53206.64197,-,-,0,0,#DIV/0!,0,-,-,0,0,#DIV/0!,0.5,661.35,8.226035381,#DIV/0!,0.012438248,#DIV/0!,#DIV/0!,-,0,#DIV/0!,#DIV/0!,#DIV/0!,#DIV/0!,#DIV/0!,#DIV/0!,#DIV/0!,#DIV/0!,784.52,661.35,0.842999541,0.165389114,2,0.5,0: Broadleaf,2,TRUE,1652233537,399.959,403.49,17.9065,17.2436,395.34,17.6927,500.078,100.565,0.099963,27.0971,26.66,999.9,0,0,10009.4,0,3.55659,784.52,0.900019,0.0999815,0,1.7733,0,3962.02,7576.03,40.562,43.687,42.312,42.5,40.75,706.08,78.44,0,1652233537,0,1.718964,0.039261545,-268.0153845,3992.2584,15,1652233242,9:40:42,1652233241,1652233242,1,-0.285,-0.028,4.62,0.189,403,17,0.4,0.09,-3.513891707,0.142893659,0.036590763,1,1.726436364,-0.185491676,0.156279929,1,0.664702683,-0.015168857,0.001839682,1,3,3,3月3日,100,100,4.619,0.2138,4.445291379,0.000676004,-7.65E-07,4.25E-10,0.065174227,-0.023951514,0.002092542,-1.49E-05,2,2268,1,30,4.9,4.9,18,504.72,455.779,25.0001,28.2549,30.0002,28.233,28.1127,19.3034,24.165,68.1897,25,403.622,17.2445,87.6522,101.319
134,1652233539,314.5,20220511 09:45:38,9:45:38,0,1652233539,0.001692182,1.692181663,8.132766995,399.971,257.3655763,25.90697842,40.2619504,0.099006329,3.01989591,0.097237811,0.060929895,129.5216142,27.41267394,26.6592,3.508141935,50.07421193,1.802577682,3.599812384,1.705564253,-74.62521135,71.44042611,5.099175113,131.436004,8.213164111,1.684209652,8.132766995,410.579441,407.2707091,2.59E-05,66.83704872,1.692181663,17.24248956,17.90691868,1.79E-07,86.59541668,0,0,1,0,53141.06867,-,-,0,0,#DIV/0!,0,-,-,0,0,#DIV/0!,0.5,660.180729,8.132766995,#DIV/0!,0.012319001,#DIV/0!,#DIV/0!,-,0,#DIV/0!,#DIV/0!,#DIV/0!,#DIV/0!,#DIV/0!,#DIV/0!,#DIV/0!,#DIV/0!,783.133,660.180729,0.842999502,0.165389039,2,0.5,0: Broadleaf,2,TRUE,1652233539,399.971,403.524,17.9072,17.2459,395.352,17.6933,500.242,100.562,0.100174,27.098,26.6592,999.9,0,0,9996.88,0,3.55659,783.133,0.900011,0.0999892,0,1.702,0,3954.84,7562.63,40.562,43.687,42.312,42.5,40.75,704.83,78.3,0,1652233539,0,1.7154,0.556984618,-262.9357261,3985.683462,15,1652233242,9:40:42,1652233241,1652233242,1,-0.285,-0.028,4.62,0.189,403,17,0.4,0.09,-3.512843659,0.094180139,0.036258131,1,1.728054545,0.033486798,0.151574098,1,0.664072098,-0.010457937,0.001267527,1,3,3,3月3日,100,100,4.619,0.2139,4.445291379,0.000676004,-7.65E-07,4.25E-10,0.065174227,-0.023951514,0.002092542,-1.49E-05,2,2268,1,30,5,4.9,18,504.836,455.768,25.0001,28.2555,30.0002,28.2339,28.1134,19.3015,24.165,68.1897,25,403.598,17.2414,87.6523,101.319
135,1652233541,316.5,20220511 09:45:40,9:45:40,0,1652233541,0.001690293,1.690292637,8.180139306,399.97,256.3416353,25.80387989,40.26180854,0.09881742,3.01989591,0.09705558,0.060815415,129.2517888,27.40980516,26.6653,3.509402191,50.07889158,1.802555705,3.599432113,1.706846486,-74.54190528,70.15423795,5.007478975,129.8716005,8.287099869,1.681232196,8.180139306,410.5785974,407.2500485,-3.17E-05,66.83704872,1.690292637,17.24327655,17.90713407,1.23E-07,86.59541668,0,0,1,0,53141.38741,-,-,0,0,#DIV/0!,0,-,-,0,0,#DIV/0!,0.5,658.801971,8.180139306,#DIV/0!,0.012416689,#DIV/0!,#DIV/0!,-,0,#DIV/0!,#DIV/0!,#DIV/0!,#DIV/0!,#DIV/0!,#DIV/0!,#DIV/0!,#DIV/0!,781.497,658.801971,0.843,0.16539,2,0.5,0: Broadleaf,2,TRUE,1652233541,399.97,403.553,17.907,17.2467,395.35,17.6932,500.114,100.562,0.100071,27.0962,26.6653,999.9,0,0,9996.88,0,3.55659,781.497,0.900001,0.0999987,0,2.0425,0,3945.1,7546.81,40.562,43.687,42.312,42.5,40.75,703.35,78.15,0,1652233541,0,1.73852,0.811546158,-264.4507695,3976.3392,15,1652233242,9:40:42,1652233241,1652233242,1,-0.285,-0.028,4.62,0.189,403,17,0.4,0.09,-3.513826829,-0.016329826,0.037489305,1,1.735745714,0.054359295,0.133543475,1,0.663575902,-0.01042846,0.001262217,1,3,3,3月3日,100,100,4.62,0.2138,4.445291379,0.000676004,-7.65E-07,4.25E-10,0.065174227,-0.023951514,0.002092542,-1.49E-05,2,2268,1,30,5,5,18,504.768,455.644,25.0002,28.2567,30.0003,28.2351,28.1146,19.3032,24.165,68.1897,25,403.557,17.2447,87.6521,101.319
136,1652233543,318.5,20220511 09:45:42,9:45:42,0,1652233543,0.00168354,1.683540379,8.284618074,399.975,254.1134031,25.57980855,40.26266935,0.098416122,3.021057054,0.096669085,0.060572559,128.840985,27.40884505,26.6653,3.509402191,50.07964441,1.802561644,3.599389863,1.706840547,-74.24413074,70.14863786,5.00514977,129.7506419,8.394430275,1.68146983,8.284618074,410.6298674,407.2585939,1.10E-06,66.83704872,1.683540379,17.24549817,17.90670989,2.32E-07,86.59541668,0,0,1,0,53177.23265,-,-,0,0,#DIV/0!,0,-,-,0,0,#DIV/0!,0.5,656.7057,8.284618074,#DIV/0!,0.01261542,#DIV/0!,#DIV/0!,-,0,#DIV/0!,#DIV/0!,#DIV/0!,#DIV/0!,#DIV/0!,#DIV/0!,#DIV/0!,#DIV/0!,779.01,656.7057,0.843000347,0.165390669,2,0.5,0: Broadleaf,2,TRUE,1652233543,399.975,403.601,17.9069,17.2465,395.356,17.6931,500.109,100.563,0.0999648,27.096,26.6653,999.9,0,0,10003.8,0,3.55659,779.01,0.899987,0.100013,0,1.4313,0,3932.38,7522.77,40.562,43.687,42.25,42.5,40.75,701.1,77.91,0,1652233543,0,1.744164,0.052323079,-266.5846152,3965.7912,15,1652233242,9:40:42,1652233241,1652233242,1,-0.285,-0.028,4.62,0.189,403,17,0.4,0.09,-3.520779024,-0.182514355,0.045824373,1,1.740090909,0.316656807,0.137823252,1,0.663157561,-0.012671289,0.001464446,1,3,3,3月3日,100,100,4.619,0.2138,4.445291379,0.000676004,-7.65E-07,4.25E-10,0.065174227,-0.023951514,0.002092542,-1.49E-05,2,2268,1,30,5,5,18,504.726,455.632,25.0001,28.2576,30.0003,28.2357,28.1152,19.2996,24.165,68.1897,25,403.516,17.2422,87.652,101.32
137,1652233545,320.5,20220511 09:45:44,9:45:44,0,1652233545,0.00168427,1.684270135,8.268619484,400.027,254.4358225,25.6120269,40.26753067,0.098427047,3.020412109,0.096679259,0.060578984,128.5646347,27.40763901,26.6685,3.510063467,50.08162597,1.802685868,3.599495489,1.707377599,-74.27631296,69.69400387,4.973865183,128.9561908,8.383730401,1.682401859,8.268619484,410.6783586,407.3136727,0.000142197,66.83704872,1.684270135,17.24642075,17.90775604,-1.93E-07,86.59541668,0,0,1,0,53157.2422,-,-,0,0,#DIV/0!,0,-,-,0,0,#DIV/0!,0.5,655.300842,8.268619484,#DIV/0!,0.012618051,#DIV/0!,#DIV/0!,-,0,#DIV/0!,#DIV/0!,#DIV/0!,#DIV/0!,#DIV/0!,#DIV/0!,#DIV/0!,#DIV/0!,777.344,655.300842,0.842999807,0.165389628,2,0.5,0: Broadleaf,2,TRUE,1652233545,400.027,403.648,17.9083,17.2477,395.408,17.6944,500.234,100.562,0.100032,27.0965,26.6685,999.9,0,0,10000,0,3.55659,777.344,0.900009,0.0999913,0,1.3455,0,3923.46,7506.72,40.562,43.625,42.25,42.5,40.75,699.62,77.73,0,1652233545,0,1.713123077,-0.033989741,-260.7473499,3959.002308,15,1652233242,9:40:42,1652233241,1652233242,1,-0.285,-0.028,4.62,0.189,403,17,0.4,0.09,-3.528536829,-0.379150035,0.054547883,1,1.723475758,0.20900073,0.139279917,1,0.662694829,-0.013131115,0.001505631,1,3,3,3月3日,100,100,4.619,0.2139,4.445291379,0.000676004,-7.65E-07,4.25E-10,0.065174227,-0.023951514,0.002092542,-1.49E-05,2,2268,1,30,5.1,5,18,504.783,455.641,25.0001,28.2579,30.0003,28.2369,28.1164,19.2969,24.165,68.1897,25,403.46,17.2435,87.6518,101.32
138,1652233547,322.5,20220511 09:45:46,9:45:46,0,1652233547,0.001688395,1.688394637,8.265486689,400.042,254.8959146,25.65829702,40.26897204,0.098717107,3.021867222,0.096959933,0.060755228,128.4266002,27.40426673,26.665,3.509340202,50.08705429,1.802733129,3.599199743,1.706607073,-74.4582035,70.06970093,4.998147182,129.0362448,8.034463385,1.679864777,8.265486689,410.7178715,407.3534364,0.00014539,66.83704872,1.688394637,17.24636745,17.90951758,-4.93E-08,86.59541668,0,0,1,0,53202.35105,-,-,0,0,#DIV/0!,0,-,-,0,0,#DIV/0!,0.5,654.596214,8.265486689,#DIV/0!,0.012626848,#DIV/0!,#DIV/0!,-,0,#DIV/0!,#DIV/0!,#DIV/0!,#DIV/0!,#DIV/0!,#DIV/0!,#DIV/0!,#DIV/0!,776.508,654.596214,0.842999961,0.165389925,2,0.5,0: Broadleaf,2,TRUE,1652233547,400.042,403.524,17.9088,17.249,395.422,17.6949,500.085,100.562,0.0998606,27.0951,26.665,999.9,0,0,10008.8,0,3.55659,776.508,0.900004,0.099996,0,2.1272,0,3918.73,7498.64,40.562,43.687,42.312,42.5,40.75,698.86,77.65,0,1652233547,0,1.758632,0.238361535,-266.1500002,3949.7264,15,1652233242,9:40:42,1652233241,1652233242,1,-0.285,-0.028,4.62,0.189,403,17,0.4,0.09,-3.532810244,-0.492777909,0.058100792,1,1.72666,0.151707241,0.153973544,1,0.662227805,-0.011510153,0.001351235,1,3,3,3月3日,100,100,4.62,0.2139,4.445291379,0.000676004,-7.65E-07,4.25E-10,0.065174227,-0.023951514,0.002092542,-1.49E-05,2,2268,1,30,5.1,5.1,18,504.76,455.684,25.0002,28.2591,30.0003,28.2378,28.1176,19.3004,24.165,68.1897,25,403.616,17.2444,87.6517,101.32
139,1652233549,324.5,20220511 09:45:48,9:45:48,0,1652233549,0.001685403,1.685402808,8.158574079,400.009,256.5309103,25.82293245,40.26573396,0.098658429,3.019584793,0.096902022,0.060718966,128.0574578,27.40252513,26.6556,3.507398363,50.09004107,1.802777144,3.599073001,1.704621219,-74.32626384,71.44934531,5.100156054,130.2806953,7.858478204,1.677420061,8.158574079,410.6348612,407.3152545,-6.37E-05,66.83704872,1.685402808,17.24748008,17.90941209,4.36E-07,86.59541668,0,0,1,0,53132.10216,-,-,0,0,#DIV/0!,0,-,-,0,0,#DIV/0!,0.5,652.719186,8.158574079,#DIV/0!,0.012499363,#DIV/0!,#DIV/0!,-,0,#DIV/0!,#DIV/0!,#DIV/0!,#DIV/0!,#DIV/0!,#DIV/0!,#DIV/0!,#DIV/0!,774.282,652.719186,0.842999303,0.165388654,2,0.5,0: Broadleaf,2,TRUE,1652233549,400.009,403.42,17.9092,17.2504,395.39,17.6953,500.115,100.562,0.10007,27.0945,26.6556,999.9,0,0,9995,0,3.55659,774.282,0.900022,0.0999778,0,1.8978,0,3906.64,7477.18,40.562,43.687,42.312,42.5,40.75,696.87,77.41,0,1652233549,0,1.791772,0.07731538,-273.5238459,3938.9684,15,1652233242,9:40:42,1652233241,1652233242,1,-0.285,-0.028,4.62,0.189,403,17,0.4,0.09,-3.529862439,-0.325749617,0.06048139,1,1.753060606,0.223480352,0.168256926,1,0.661811902,-0.012074174,0.00140285,1,3,3,3月3日,100,100,4.619,0.2139,4.445291379,0.000676004,-7.65E-07,4.25E-10,0.065174227,-0.023951514,0.002092542,-1.49E-05,2,2268,1,30,5.1,5.1,18,504.751,455.862,25.0001,28.26,30.0003,28.2387,28.1188,19.3029,24.165,68.1897,25,403.546,17.2463,87.6516,101.319
140,1652233551,326.5,20220511 09:45:50,9:45:50,0,1652233551,0.001681439,1.681439229,8.029123639,399.977,258.2220169,25.99290116,40.2621076,0.098370472,3.019775209,0.096624313,0.060544499,127.8820538,27.40250351,26.6596,3.508224563,50.08925731,1.802748936,3.599073001,1.705475627,-74.15147001,70.80264246,5.053775863,129.5870021,8.09583361,1.677058343,8.029123639,410.5290985,407.2634848,-0.000162743,66.83704872,1.681439229,17.24882678,17.90904505,2.76E-07,86.59541668,0,0,1,0,53137.94767,-,-,0,0,#DIV/0!,0,-,-,0,0,#DIV/0!,0.5,651.817986,8.029123639,#DIV/0!,0.012318046,#DIV/0!,#DIV/0!,-,0,#DIV/0!,#DIV/0!,#DIV/0!,#DIV/0!,#DIV/0!,#DIV/0!,#DIV/0!,#DIV/0!,773.212,651.817986,0.843000349,0.165390674,2,0.5,0: Broadleaf,2,TRUE,1652233551,399.977,403.482,17.9091,17.2506,395.357,17.6952,500.235,100.561,0.100057,27.0945,26.6596,999.9,0,0,9996.25,0,3.55659,773.212,0.899985,0.100015,0,1.6018,0,3901.28,7466.77,40.562,43.687,42.312,42.5,40.75,695.88,77.33,0,1652233551,0,1.763084615,-0.250358981,-269.787008,3932.299615,15,1652233242,9:40:42,1652233241,1652233242,1,-0.285,-0.028,4.62,0.189,403,17,0.4,0.09,-3.527590244,-0.052421812,0.063681956,1,1.746863636,0.446831224,0.172133169,1,0.661427146,-0.014739094,0.001603379,1,3,3,3月3日,100,100,4.62,0.2139,4.445291379,0.000676004,-7.65E-07,4.25E-10,0.065174227,-0.023951514,0.002092542,-1.49E-05,2,2268,1,30,5.2,5.1,18,504.761,455.82,25.0002,28.2609,30.0003,28.2399,28.1198,19.3026,24.165,68.1897,25,403.575,17.2455,87.6512,101.319
141,1652233553,328.5,20220511 09:45:52,9:45:52,0,1652233553,0.001676812,1.676812143,8.03966831,399.97,257.5954129,25.93004591,40.26174358,0.098033019,3.022065551,0.096299995,0.06034065,127.561677,27.40101945,26.6649,3.509319539,50.09256378,1.802804452,3.598946263,1.706515087,-73.9474155,69.89508154,4.985331767,128.4946748,8.221060608,1.676030183,8.03966831,410.5491008,407.2773758,-1.30E-05,66.83704872,1.676812143,17.25026439,17.90887143,7.44E-08,86.59541668,0,0,1,0,53208.68031,-,-,0,0,#DIV/0!,0,-,-,0,0,#DIV/0!,0.5,650.1813,8.03966831,#DIV/0!,0.012365272,#DIV/0!,#DIV/0!,-,0,#DIV/0!,#DIV/0!,#DIV/0!,#DIV/0!,#DIV/0!,#DIV/0!,#DIV/0!,#DIV/0!,771.27,650.1813,0.843000895,0.165391727,2,0.5,0: Broadleaf,2,TRUE,1652233553,399.97,403.526,17.9095,17.2512,395.351,17.6955,500.08,100.562,0.0999086,27.0939,26.6649,999.9,0,0,10010,0,3.55659,771.27,0.899974,0.100026,0,1.7361,0,3890.5,7447.99,40.562,43.687,42.25,42.5,40.75,694.12,77.15,0,1652233553,0,1.749588,-0.299907703,-273.4023079,3922.808,15,1652233242,9:40:42,1652233241,1652233242,1,-0.285,-0.028,4.62,0.189,403,17,0.4,0.09,-3.532889756,0.117765366,0.059404173,1,1.747782857,-0.011776908,0.166574595,1,0.66098939,-0.016716293,0.001754554,1,3,3,3月3日,100,100,4.619,0.214,4.445291379,0.000676004,-7.65E-07,4.25E-10,0.065174227,-0.023951514,0.002092542,-1.49E-05,2,2268,1,30,5.2,5.2,18,504.833,455.691,25.0002,28.2621,30.0002,28.2411,28.1206,19.3035,24.165,68.1897,25,403.653,17.2442,87.6513,101.319
142,1652233555,330.5,20220511 09:45:54,9:45:54,0,1652233555,0.001678453,1.678453156,8.194472454,399.966,255.2163359,25.69062381,40.26143549,0.098149715,3.017307625,0.096409915,0.060409942,127.1945688,27.39695062,26.6638,3.509092255,50.09968075,1.802848951,3.59852383,1.706243305,-74.01978417,69.63863687,4.974795877,127.7882174,8.187410788,1.67327711,8.194472454,410.591297,407.2567818,-3.54E-05,66.83704872,1.678453156,17.25046796,17.9097022,-1.66E-07,86.59541668,0,0,1,0,53062.43334,-,-,0,0,#DIV/0!,0,-,-,0,0,#DIV/0!,0.5,648.315171,8.194472454,#DIV/0!,0.012639643,#DIV/0!,#DIV/0!,-,0,#DIV/0!,#DIV/0!,#DIV/0!,#DIV/0!,#DIV/0!,#DIV/0!,#DIV/0!,#DIV/0!,769.057,648.315171,0.843000156,0.165390301,2,0.5,0: Broadleaf,2,TRUE,1652233555,399.966,403.508,17.9099,17.2527,395.347,17.6959,500.094,100.562,0.100145,27.0919,26.6638,999.9,0,0,9981.25,0,3.55659,769.057,0.899992,0.100008,0,1.4843,0,3878.96,7426.66,40.562,43.687,42.25,42.5,40.75,692.15,76.91,0,1652233555,0,1.723764,-0.661730779,-271.0915382,3912.1472,15,1652233242,9:40:42,1652233241,1652233242,1,-0.285,-0.028,4.62,0.189,403,17,0.4,0.09,-3.538831707,0.186341394,0.057049046,1,1.760339394,-0.363526071,0.163484721,1,0.660506463,-0.017517805,0.001808833,1,3,3,3月3日,100,100,4.619,0.214,4.445291379,0.000676004,-7.65E-07,4.25E-10,0.065174227,-0.023951514,0.002092542,-1.49E-05,2,2268,1,30,5.2,5.2,18,504.874,455.549,25.0002,28.2627,30.0002,28.2424,28.1218,19.3042,24.165,68.1897,25,403.573,17.2433,87.6518,101.319
143,1652233556,332,20220511 09:45:56,9:45:56,0,1652233556,0.001680159,1.680159333,8.179148042,399.98,255.4937075,25.71876717,40.26319314,0.098164846,3.018773528,0.096425344,0.06041956,127.1485325,27.39581701,26.6711,3.510600834,50.10183562,1.802894749,3.598460469,1.707706085,-74.09502658,68.43558382,4.886650025,126.3757398,8.231997622,1.672603613,8.179148042,410.6020606,407.2741333,2.62E-05,66.83704872,1.680159333,17.2507427,17.91050989,-5.87E-08,86.59541668,0,0,1,0,53107.64543,-,-,0,0,#DIV/0!,0,-,-,0,0,#DIV/0!,0.5,648.080787,8.179148042,#DIV/0!,0.012620569,#DIV/0!,#DIV/0!,-,0,#DIV/0!,#DIV/0!,#DIV/0!,#DIV/0!,#DIV/0!,#DIV/0!,#DIV/0!,#DIV/0!,768.779,648.080787,0.843000117,0.165390226,2,0.5,0: Broadleaf,2,TRUE,1652233556,399.98,403.539,17.9102,17.2534,395.361,17.6962,500.197,100.563,0.100016,27.0916,26.6711,999.9,0,0,9990,0,3.55659,768.779,0.899991,0.100009,0,2.0704,0,3877.75,7423.97,40.562,43.687,42.25,42.5,40.75,691.89,76.88,0,1652233556,0,1.721264,0.009992304,-261.3869225,3906.7844,15,1652233242,9:40:42,1652233241,1652233242,1,-0.285,-0.028,4.62,0.189,403,17,0.4,0.09,-3.539108537,0.165014216,0.057090783,1,1.735251515,-0.495985297,0.1682089,1,0.659852146,-0.016772425,0.001715224,1,3,3,3月3日,100,100,4.619,0.214,4.445291379,0.000676004,-7.65E-07,4.25E-10,0.065174227,-0.023951514,0.002092542,-1.49E-05,2,2268,1,30,5.2,5.2,18,504.831,455.536,25.0001,28.2636,30.0002,28.2427,28.1222,19.3031,24.165,68.1897,25,403.586,17.2434,87.6521,101.319
144,1652233558,334,20220511 09:45:58,9:45:58,0,1652233558,0.001677276,1.677275661,8.152761749,400.012,255.8215075,25.75196015,40.26672029,0.09805717,3.024575638,0.096324712,0.06035605,126.8223998,27.39593312,26.666,3.509546836,50.09860175,1.802968845,3.59884065,1.706577991,-73.96785664,69.69223797,4.966753342,127.5135345,8.261380155,1.672212897,8.152761749,410.6130197,407.2953273,6.83E-05,66.83704872,1.677275661,17.25198161,17.91066813,2.55E-07,86.59541668,0,0,1,0,53286.26729,-,-,0,0,#DIV/0!,0,-,-,0,0,#DIV/0!,0.5,646.422186,8.152761749,#DIV/0!,0.012612132,#DIV/0!,#DIV/0!,-,0,#DIV/0!,#DIV/0!,#DIV/0!,#DIV/0!,#DIV/0!,#DIV/0!,#DIV/0!,#DIV/0!,766.812,646.422186,0.84299957,0.165389169,2,0.5,0: Broadleaf,2,TRUE,1652233558,400.012,403.583,17.9108,17.2541,395.392,17.6968,500.156,100.564,0.0997808,27.0934,26.666,999.9,0,0,10025,0,3.54565,766.812,0.900011,0.0999893,0,1.9825,0,3866.8,7405.02,40.562,43.687,42.25,42.5,40.75,690.14,76.67,0,1652233558,0,1.738642308,0.405856408,-265.6789743,3900.064231,15,1652233242,9:40:42,1652233241,1652233242,1,-0.285,-0.028,4.62,0.189,403,17,0.4,0.09,-3.541373902,0.146320348,0.057243912,1,1.754874286,-0.049808219,0.177942974,1,0.659241732,-0.015381826,0.001554672,1,3,3,3月3日,100,100,4.62,0.214,4.445291379,0.000676004,-7.65E-07,4.25E-10,0.065174227,-0.023951514,0.002092542,-1.49E-05,2,2268,1,30,5.3,5.3,18,504.701,455.595,25.0002,28.2648,30.0002,28.2439,28.1233,19.3013,24.165,68.1897,25,403.516,17.2433,87.6516,101.32
145,1652233560,336,20220511 09:46:00,9:46:00,0,1652233560,0.001674689,1.674689067,8.245042674,399.998,254.1358915,25.58210081,40.26502947,0.097936316,3.020117535,0.096205583,0.060281441,126.6003228,27.39513094,26.664,3.509133579,50.10365208,1.803087102,3.598713919,1.706046477,-73.85378786,69.81746322,4.98295775,127.5469559,8.254728265,1.672426736,8.245042674,410.6505851,407.2950606,9.27E-06,66.83704872,1.674689067,17.2534989,17.91128681,1.78E-07,86.59541668,0,0,1,0,53148.84063,-,-,0,0,#DIV/0!,0,-,-,0,0,#DIV/0!,0.5,645.280971,8.245042674,#DIV/0!,0.012777446,#DIV/0!,#DIV/0!,-,0,#DIV/0!,#DIV/0!,#DIV/0!,#DIV/0!,#DIV/0!,#DIV/0!,#DIV/0!,#DIV/0!,765.457,645.280971,0.843000941,0.165391815,2,0.5,0: Broadleaf,2,TRUE,1652233560,399.998,403.567,17.9121,17.2552,395.378,17.698,500.067,100.563,0.100077,27.0928,26.664,999.9,0,0,9998.12,0,3.51829,765.457,0.899972,0.100028,0,1.4506,0,3860.7,7391.85,40.562,43.687,42.25,42.5,40.75,688.89,76.57,0,1652233561,0,1.769815385,-0.410215386,-255.8102562,3889.697308,15,1652233242,9:40:42,1652233241,1652233242,1,-0.285,-0.028,4.62,0.189,403,17,0.4,0.09,-3.544640976,0.123594983,0.05730634,1,1.758239394,0.192883546,0.187271079,1,0.658783244,-0.014771415,0.001502844,1,3,3,3月3日,100,100,4.62,0.2141,4.445291379,0.000676004,-7.65E-07,4.25E-10,0.065174227,-0.023951514,0.002092542,-1.49E-05,2,2268,1,30,5.3,5.3,18,504.726,455.705,25.0003,28.2654,30.0004,28.245,28.1245,19.302,24.165,68.1897,25,403.582,17.2433,87.6511,101.319
146,1652233562,338,20220511 09:46:02,9:46:02,0,1652233562,0.001678441,1.6784407,8.206845032,400.028,255.1360631,25.68257169,40.26772094,0.098193292,3.015754118,0.096451082,0.060435882,126.231842,27.39017511,26.6617,3.508658386,50.11224549,1.803152926,3.598228153,1.70550546,-74.01923488,69.71659209,4.982843097,126.9120423,8.09495448,1.670249483,8.206845032,410.653826,407.3143758,4.63E-05,66.83704872,1.6784407,17.25392654,17.91304286,3.44E-08,86.59541668,0,0,1,0,53014.8747,-,-,0,0,#DIV/0!,0,-,-,0,0,#DIV/0!,0.5,643.407315,8.206845032,#DIV/0!,0.012755287,#DIV/0!,#DIV/0!,-,0,#DIV/0!,#DIV/0!,#DIV/0!,#DIV/0!,#DIV/0!,#DIV/0!,#DIV/0!,#DIV/0!,763.235,643.407315,0.843000275,0.165390531,2,0.5,0: Broadleaf,2,TRUE,1652233562,400.028,403.532,17.9129,17.257,395.409,17.6989,500.177,100.562,0.100256,27.0905,26.6617,999.9,0,0,9971.88,0,3.50188,763.235,0.899988,0.100012,0,1.5832,0,3848.77,7370.43,40.562,43.687,42.25,42.5,40.75,686.9,76.33,0,1652233562,0,1.729876,-0.059184612,-250.2784611,3880.4612,15,1652233242,9:40:42,1652233241,1652233242,1,-0.285,-0.028,4.62,0.189,403,17,0.4,0.09,-3.540740732,0.041794495,0.056022058,1,1.737751515,0.109015012,0.203147925,1,0.658392293,-0.014624509,0.001495728,1,3,3,3月3日,100,100,4.619,0.214,4.445291379,0.000676004,-7.65E-07,4.25E-10,0.065174227,-0.023951514,0.002092542,-1.49E-05,2,2268,1,30,5.3,5.3,18,504.835,455.693,25.0003,28.2666,30.0003,28.245,28.1251,19.3007,24.165,68.1897,25,403.483,17.2433,87.6514,101.319
147,1652233564,340,20220511 09:46:04,9:46:04,0,1652233564,0.001677713,1.677713229,8.083060432,400.041,257.3708137,25.90796646,40.26971302,0.098332004,3.018996943,0.096586756,0.060520946,125.9573112,27.38618502,26.6468,3.505581321,50.11902209,1.803153331,3.597742445,1.702427991,-73.98715338,71.84233604,5.128819465,128.9413133,8.028235166,1.667662463,8.083060432,410.6282563,407.3389333,7.55E-05,66.83704872,1.677713229,17.25467034,17.91351429,3.49E-07,86.59541668,0,0,1,0,53115.15037,-,-,0,0,#DIV/0!,0,-,-,0,0,#DIV/0!,0.5,642.006429,8.083060432,#DIV/0!,0.012590311,#DIV/0!,#DIV/0!,-,0,#DIV/0!,#DIV/0!,#DIV/0!,#DIV/0!,#DIV/0!,#DIV/0!,#DIV/0!,#DIV/0!,761.573,642.006429,0.843000512,0.165390988,2,0.5,0: Broadleaf,2,TRUE,1652233564,400.041,403.518,17.9126,17.2577,395.422,17.6985,500.165,100.564,0.0999645,27.0882,26.6468,999.9,0,0,9991.25,0,3.50188,761.573,0.899981,0.100019,0,1.8173,0,3839.14,7354.36,40.562,43.687,42.25,42.5,40.75,685.4,76.17,0,1652233564,0,1.726176923,0.271418808,-260.0092309,3874.168077,15,1652233242,9:40:42,1652233241,1652233242,1,-0.285,-0.028,4.62,0.189,403,17,0.4,0.09,-3.528426341,-0.05765331,0.049235706,1,1.74434,-0.061131898,0.192854772,1,0.657948854,-0.014362767,0.001475927,1,3,3,3月3日,100,100,4.619,0.2141,4.445291379,0.000676004,-7.65E-07,4.25E-10,0.065174227,-0.023951514,0.002092542,-1.49E-05,2,2268,1,30,5.4,5.4,18,504.783,455.569,25.0002,28.2672,30.0002,28.2462,28.1263,19.3018,24.165,68.1897,25,403.519,17.2433,87.6515,101.319
148,1652233566,342,20220511 09:46:06,9:46:06,0,1652233566,0.001667823,1.66782312,8.09194599,400.004,256.5321804,25.82352282,40.26595186,0.097829497,3.021073504,0.096103037,0.060216976,125.6284826,27.38720873,26.6394,3.504053991,50.11665199,1.803131559,3.597869146,1.700922432,-73.55099958,73.19472837,5.221597447,130.4938089,8.09260264,1.665861105,8.09194599,410.6155311,407.3226424,-3.43E-05,66.83704872,1.66782312,17.25700423,17.91207143,5.22E-07,86.59541668,0,0,1,0,53179.03733,-,-,0,0,#DIV/0!,0,-,-,0,0,#DIV/0!,0.5,640.333557,8.09194599,#DIV/0!,0.012637079,#DIV/0!,#DIV/0!,-,0,#DIV/0!,#DIV/0!,#DIV/0!,#DIV/0!,#DIV/0!,#DIV/0!,#DIV/0!,#DIV/0!,759.589,640.333557,0.843000039,0.165390076,2,0.5,0: Broadleaf,2,TRUE,1652233566,400.004,403.507,17.9124,17.2581,395.385,17.6983,500.083,100.564,0.099873,27.0888,26.6394,999.9,0,0,10003.8,0,3.50188,759.589,0.900001,0.0999995,0,1.9803,0,3828.87,7335.24,40.562,43.687,42.25,42.5,40.75,683.63,75.96,0,1652233567,0,1.758023077,0.555829061,-259.0694016,3863.647692,15,1652233242,9:40:42,1652233241,1652233242,1,-0.285,-0.028,4.62,0.189,403,17,0.4,0.09,-3.516013659,-0.131836516,0.043645174,1,1.758854545,-0.04845483,0.185503407,1,0.657362171,-0.014609749,0.001502688,1,3,3,3月3日,100,100,4.619,0.2141,4.445291379,0.000676004,-7.65E-07,4.25E-10,0.065174227,-0.023951514,0.002092542,-1.49E-05,2,2268,1,30,5.4,5.4,18,504.731,455.525,25.0003,28.2684,30.0003,28.2475,28.127,19.303,24.165,68.1897,25,403.59,17.2433,87.6517,101.319
149,1652233568,344,20220511 09:46:08,9:46:08,0,1652233568,0.001667022,1.66702164,8.1864698,399.982,254.822198,25.651726,40.26426563,0.097731541,3.0163209,0.09600584,0.060156159,125.4842539,27.38812244,26.6443,3.505065266,50.11603247,1.803225687,3.598101441,1.70183958,-73.51565432,72.46164163,5.177600434,129.6078417,8.149452317,1.666506701,8.1864698,410.6003422,407.2703273,-0.000139008,66.83704872,1.66702164,17.25744588,17.91204945,-9.56E-08,86.59541668,0,0,1,0,53032.48261,-,-,0,0,#DIV/0!,0,-,-,0,0,#DIV/0!,0.5,639.604515,8.1864698,#DIV/0!,0.012799268,#DIV/0!,#DIV/0!,-,0,#DIV/0!,#DIV/0!,#DIV/0!,#DIV/0!,#DIV/0!,#DIV/0!,#DIV/0!,#DIV/0!,758.725,639.604515,0.84299913,0.165388321,2,0.5,0: Broadleaf,2,TRUE,1652233568,399.982,403.507,17.9131,17.2587,395.363,17.699,500.2,100.565,0.100194,27.0899,26.6443,999.9,0,0,9975,0,3.50188,758.725,0.900027,0.099973,0,1.748,0,3824.61,7326.95,40.562,43.687,42.25,42.5,40.75,682.87,75.85,0,1652233568,0,1.77108,0.249638466,-260.6738456,3854.5452,15,1652233242,9:40:42,1652233241,1652233242,1,-0.285,-0.028,4.62,0.189,403,17,0.4,0.09,-3.518725854,-0.083733659,0.041978943,1,1.752351515,0.315445804,0.177903811,1,0.656769976,-0.015374049,0.001588124,1,3,3,3月3日,100,100,4.619,0.2141,4.445291379,0.000676004,-7.65E-07,4.25E-10,0.065174227,-0.023951514,0.002092542,-1.49E-05,2,2268,1,30,5.5,5.4,18,504.772,455.549,25.0003,28.2696,30.0003,28.2486,28.1281,19.3033,24.165,68.1897,25,403.544,17.2433,87.6525,101.318
150,1652233570,346,20220511 09:46:10,9:46:10,0,1652233570,0.001671211,1.671211356,8.149821483,400,255.6698876,25.73696462,40.2659302,0.097905111,3.020254666,0.096175547,0.060262566,125.1671767,27.38488361,26.6508,3.506407147,50.11864673,1.80331975,3.598101441,1.703087397,-73.70042082,71.49776144,5.102240206,128.0667575,8.072635552,1.668626871,8.149821483,410.5959249,407.2798182,-1.69E-05,66.83704872,1.671211356,17.25786576,17.91418352,-4.07E-07,86.59541668,0,0,1,0,53153.62363,-,-,0,0,#DIV/0!,0,-,-,0,0,#DIV/0!,0.5,637.985442,8.149821483,#DIV/0!,0.012774306,#DIV/0!,#DIV/0!,-,0,#DIV/0!,#DIV/0!,#DIV/0!,#DIV/0!,#DIV/0!,#DIV/0!,#DIV/0!,#DIV/0!,756.804,637.985442,0.842999564,0.165389158,2,0.5,0: Broadleaf,2,TRUE,1652233570,400,403.495,17.9141,17.2588,395.381,17.7,500.148,100.565,0.0998255,27.0899,26.6508,999.9,0,0,9998.75,0,3.50188,756.804,0.900016,0.0999841,0,1.771,0,3814.15,7308.38,40.5,43.687,42.312,42.5,40.75,681.14,75.67,0,1652233570,0,1.771288462,-0.083011962,-268.5500855,3847.713462,15,1652233242,9:40:42,1652233241,1652233242,1,-0.285,-0.028,4.62,0.189,403,17,0.4,0.09,-3.527276585,0.08264446,0.030663384,1,1.739708571,0.378826614,0.170657383,1,0.656361829,-0.013682488,0.001461684,1,3,3,3月3日,100,100,4.619,0.2141,4.445291379,0.000676004,-7.65E-07,4.25E-10,0.065174227,-0.023951514,0.002092542,-1.49E-05,2,2268,1,30,5.5,5.5,18,504.782,455.592,25.0003,28.2696,30.0002,28.2498,28.1293,19.3022,24.165,68.1897,25,403.463,17.2433,87.6527,101.318
151,1652233572,348,20220511 09:46:12,9:46:12,0,1652233572,0.001671724,1.671723695,7.974186534,400.025,258.6599419,26.03768609,40.26802643,0.097970909,3.022511564,0.09624031,0.060303135,124.8471057,27.38221551,26.6482,3.505870341,50.12295166,1.803421721,3.597995851,1.70244862,-73.72301494,71.89338269,5.126562249,128.1440357,8.086517151,1.667303616,7.974186534,410.5801303,407.334103,0.000128896,66.83704872,1.671723695,17.25874872,17.91538352,1.87E-07,86.59541668,0,0,1,0,53223.27896,-,-,0,0,#DIV/0!,0,-,-,0,0,#DIV/0!,0.5,636.352701,7.974186534,#DIV/0!,0.01253108,#DIV/0!,#DIV/0!,-,0,#DIV/0!,#DIV/0!,#DIV/0!,#DIV/0!,#DIV/0!,#DIV/0!,#DIV/0!,#DIV/0!,754.867,636.352701,0.842999762,0.16538954,2,0.5,0: Broadleaf,2,TRUE,1652233572,400.025,403.526,17.9153,17.2604,395.406,17.7012,500.056,100.564,0.0997746,27.0894,26.6482,999.9,0,0,10012.5,0,3.50188,754.867,0.900005,0.0999953,0,1.6672,0,3803.89,7289.66,40.562,43.687,42.25,42.5,40.75,679.38,75.48,0,1652233573,0,1.786742308,0.068208552,-270.0577776,3837.031923,15,1652233242,9:40:42,1652233241,1652233242,1,-0.285,-0.028,4.62,0.189,403,17,0.4,0.09,-3.525850488,0.204587456,0.032019418,1,1.77320303,0.376074453,0.172250141,1,0.656052024,-0.011034899,0.001288262,1,3,3,3月3日,100,100,4.619,0.2141,4.445291379,0.000676004,-7.65E-07,4.25E-10,0.065174227,-0.023951514,0.002092542,-1.49E-05,2,2268,1,30,5.5,5.5,18,504.802,455.564,25.0003,28.2708,30.0002,28.2504,28.1299,19.3017,24.165,68.1897,25,403.562,17.2433,87.6527,101.318
152,1652233574,350,20220511 09:46:14,9:46:14,0,1652233574,0.001672018,1.672017653,8.105258965,399.992,256.5706607,25.82747363,40.26486429,0.098034976,3.018478654,0.096299864,0.06034075,124.609176,27.38054193,26.6446,3.505127189,50.12463592,1.80341881,3.597869146,1.701708379,-73.7359785,72.28565266,5.161312615,128.3201628,8.231933414,1.665127091,8.105258965,410.6030905,407.3052485,-1.97E-05,66.83704872,1.672017653,17.25849214,17.91509451,5.23E-07,86.59541668,0,0,1,0,53099.08047,-,-,0,0,#DIV/0!,0,-,-,0,0,#DIV/0!,0.5,635.1336,8.105258965,#DIV/0!,0.012761502,#DIV/0!,#DIV/0!,-,0,#DIV/0!,#DIV/0!,#DIV/0!,#DIV/0!,#DIV/0!,#DIV/0!,#DIV/0!,#DIV/0!,753.42,635.1336,0.843000717,0.165391383,2,0.5,0: Broadleaf,2,TRUE,1652233574,399.992,403.55,17.9152,17.2613,395.373,17.701,500.167,100.564,0.100174,27.0888,26.6446,999.9,0,0,9988.12,0,3.50188,753.42,0.899973,0.100027,0,1.5972,0,3796.03,7275.62,40.562,43.687,42.25,42.5,40.75,678.06,75.36,0,1652233574,0,1.75152,0.218230774,-274.828461,3827.8104,15,1652233242,9:40:42,1652233241,1652233242,1,-0.285,-0.028,4.62,0.189,403,17,0.4,0.09,-3.524147561,0.194669686,0.03119294,1,1.7684,0.11493378,0.173656722,1,0.655672195,-0.010251261,0.001222523,1,3,3,3月3日,100,100,4.619,0.2142,4.445291379,0.000676004,-7.65E-07,4.25E-10,0.065174227,-0.023951514,0.002092542,-1.49E-05,2,2268,1,30,5.5,5.5,18,504.765,455.523,25.0002,28.272,30.0002,28.2516,28.1311,19.3028,24.165,68.1897,25,403.659,17.2433,87.6529,101.318
153,1652233576,352,20220511 09:46:16,9:46:16,0,1652233576,0.001666872,1.666871746,8.291396125,399.99,252.9802679,25.46627182,40.26501415,0.097640692,3.019945259,0.095920196,0.060102177,124.2967208,27.37931961,26.6517,3.506592982,50.12599895,1.80340434,3.597742445,1.703188642,-73.50904402,71.06712756,5.07200848,126.9268128,8.224059435,1.664775407,8.291396125,410.6362602,407.2629697,-0.000109541,66.83704872,1.666871746,17.26006457,17.91468571,3.28E-07,86.59541668,0,0,1,0,53144.38948,-,-,0,0,#DIV/0!,0,-,-,0,0,#DIV/0!,0.5,633.549486,8.291396125,#DIV/0!,0.013087212,#DIV/0!,#DIV/0!,-,0,#DIV/0!,#DIV/0!,#DIV/0!,#DIV/0!,#DIV/0!,#DIV/0!,#DIV/0!,#DIV/0!,751.542,633.549486,0.842999441,0.165388921,2,0.5,0: Broadleaf,2,TRUE,1652233576,399.99,403.545,17.9149,17.2611,395.371,17.7008,500.138,100.565,0.100052,27.0882,26.6517,999.9,0,0,9996.88,0,3.50188,751.542,0.900017,0.0999831,0,1.4414,0,3786.41,7257.57,40.562,43.687,42.25,42.5,40.75,676.4,75.14,0,1652233576,0,1.737380769,-0.56705299,-271.5452992,3820.893846,15,1652233242,9:40:42,1652233241,1652233242,1,-0.285,-0.028,4.62,0.189,403,17,0.4,0.09,-3.526684634,0.084545436,0.033808163,1,1.75858,-0.5534818,0.17575829,1,0.655323122,-0.010433415,0.001235301,1,3,3,3月3日,100,100,4.619,0.2141,4.445291379,0.000676004,-7.65E-07,4.25E-10,0.065174227,-0.023951514,0.002092542,-1.49E-05,2,2268,1,30,5.6,5.6,18,504.724,455.449,25.0002,28.2726,30.0003,28.2522,28.1323,19.3009,24.165,68.1897,25,403.459,17.2433,87.6527,101.319
154,1652233578,354,20220511 09:46:18,9:46:18,0,1652233578,0.001663863,1.663863211,8.12649462,400.025,255.587634,25.72873607,40.26852743,0.097536326,3.021288379,0.09582022,0.060039308,123.9336072,27.37617881,26.6455,3.505312964,50.13126816,1.803413959,3.597383479,1.701899006,-73.37636761,71.83171129,5.124094789,127.5130456,8.145005595,1.66278175,8.12649462,410.6340763,407.3267818,0.000111037,66.83704872,1.663863211,17.26160366,17.91502857,-3.20E-08,86.59541668,0,0,1,0,53186.09148,-,-,0,0,#DIV/0!,0,-,-,0,0,#DIV/0!,0.5,631.696029,8.12649462,#DIV/0!,0.012864565,#DIV/0!,#DIV/0!,-,0,#DIV/0!,#DIV/0!,#DIV/0!,#DIV/0!,#DIV/0!,#DIV/0!,#DIV/0!,#DIV/0!,749.343,631.696029,0.84299984,0.165389691,2,0.5,0: Broadleaf,2,TRUE,1652233578,400.025,403.548,17.915,17.262,395.406,17.7008,500.151,100.565,0.100027,27.0865,26.6455,999.9,0,0,10005,0,3.50188,749.343,0.900004,0.0999959,0,1.6107,0,3774.56,7236.31,40.5,43.687,42.25,42.5,40.75,674.41,74.93,0,1652233579,0,1.761507692,-0.619582901,-267.9288887,3809.95,15,1652233242,9:40:42,1652233241,1652233242,1,-0.285,-0.028,4.62,0.189,403,17,0.4,0.09,-3.525487805,0.016027735,0.033145068,1,1.752881818,-0.091250148,0.174940427,1,0.655028024,-0.009784411,0.001192435,1,3,3,3月3日,100,100,4.619,0.2142,4.445291379,0.000676004,-7.65E-07,4.25E-10,0.065174227,-0.023951514,0.002092542,-1.49E-05,2,2268,1,30,5.6,5.6,18,504.765,455.424,25.0002,28.2739,30.0003,28.2534,28.1335,19.3019,24.165,68.1897,25,403.632,17.2433,87.6526,101.319
155,1652233580,356,20220511 09:46:20,9:46:20,0,1652233580,0.00166411,1.664109944,8.091807757,400.038,256.5920702,25.82985152,40.26984207,0.097832199,3.022114902,0.096106228,0.060218928,123.7990376,27.37467181,26.6217,3.500403138,50.12912339,1.803273296,3.597256793,1.697129841,-73.38724852,75.63129764,5.393003701,131.4360904,8.082771899,1.657293334,8.091807757,410.6350265,407.3422,8.76E-05,66.83704872,1.664109944,17.2610679,17.91454396,1.69E-08,86.59541668,0,0,1,0,53211.68619,-,-,0,0,#DIV/0!,0,-,-,0,0,#DIV/0!,0.5,631.009857,8.091807757,#DIV/0!,0.012823584,#DIV/0!,#DIV/0!,-,0,#DIV/0!,#DIV/0!,#DIV/0!,#DIV/0!,#DIV/0!,#DIV/0!,#DIV/0!,#DIV/0!,748.529,631.009857,0.84299988,0.165389768,2,0.5,0: Broadleaf,2,TRUE,1652233580,400.038,403.535,17.9136,17.2628,395.418,17.6995,500.186,100.565,0.100042,27.0859,26.6217,999.9,0,0,10010,0,3.50188,748.529,0.899999,0.100001,0,1.4673,0,3770.8,7228.43,40.5,43.687,42.25,42.5,40.75,673.68,74.85,0,1652233580,0,1.7484,-0.754369227,-265.608461,3800.746,15,1652233242,9:40:42,1652233241,1652233242,1,-0.285,-0.028,4.62,0.189,403,17,0.4,0.09,-3.519463171,-0.035377422,0.030573653,1,1.743018182,0.078740088,0.169871507,1,0.654600049,-0.009978251,0.001214714,1,3,3,3月3日,100,100,4.62,0.2141,4.445291379,0.000676004,-7.65E-07,4.25E-10,0.065174227,-0.023951514,0.002092542,-1.49E-05,2,2268,1,30,5.7,5.6,18,504.868,455.464,25.0001,28.2745,30.0003,28.2547,28.1342,19.2997,24.165,68.1897,25,403.481,17.2435,87.6528,101.318
156,1652233582,358,20220511 09:46:22,9:46:22,0,1652233582,0.001660107,1.660106689,8.158006868,400.014,255.4088648,25.71095742,40.2677602,0.097763547,3.02429496,0.096041194,0.060177965,123.4793224,27.37255816,26.6081,3.497600219,50.13501487,1.803368791,3.597024545,1.694231428,-73.21070498,77.72392805,5.537819698,133.5303652,8.023900119,1.655905196,8.158006868,410.6246334,407.3049515,-6.59E-05,66.83704872,1.660106689,17.26160263,17.91365385,-6.82E-08,86.59541668,0,0,1,0,53279.17315,-,-,0,0,#DIV/0!,0,-,-,0,0,#DIV/0!,0.5,629.376543,8.158006868,#DIV/0!,0.012962045,#DIV/0!,#DIV/0!,-,0,#DIV/0!,#DIV/0!,#DIV/0!,#DIV/0!,#DIV/0!,#DIV/0!,#DIV/0!,#DIV/0!,746.591,629.376543,0.843000442,0.165390853,2,0.5,0: Broadleaf,2,TRUE,1652233582,400.014,403.488,17.9144,17.264,395.395,17.7002,500.074,100.566,0.0998772,27.0848,26.6081,999.9,0,0,10023.1,0,3.49093,746.591,0.899988,0.100012,0,2.1344,0,3759.69,7209.7,40.5,43.687,42.25,42.5,40.75,671.92,74.67,0,1652233582,0,1.753657692,0.293870088,-269.0030769,3793.825385,15,1652233242,9:40:42,1652233241,1652233242,1,-0.285,-0.028,4.62,0.189,403,17,0.4,0.09,-3.512539512,-0.067694425,0.028263743,1,1.753851429,0.224505675,0.180707387,1,0.65401078,-0.01202724,0.001471221,1,3,3,3月3日,100,100,4.619,0.2142,4.445291379,0.000676004,-7.65E-07,4.25E-10,0.065174227,-0.023951514,0.002092542,-1.49E-05,2,2268,1,30,5.7,5.7,18,504.904,455.484,25.0001,28.2757,30.0003,28.2552,28.1346,19.302,24.165,68.1897,25,403.559,17.2433,87.6525,101.318
157,1652233584,360,20220511 09:46:24,9:46:24,0,1652233584,0.001661672,1.661671571,8.11630214,399.991,256.1117483,25.78147659,40.26507442,0.097800223,3.020974196,0.096074731,0.0601992,123.2533088,27.36826335,26.6135,3.498712908,50.14728669,1.803503196,3.596412318,1.695209712,-73.27971626,76.28679078,5.441466605,131.7018499,8.042779798,1.656734907,8.11630214,410.5842184,407.2822485,-8.64E-05,66.83704872,1.661671571,17.26249128,17.91503297,-3.56E-07,86.59541668,0,0,1,0,53177.2201,-,-,0,0,#DIV/0!,0,-,-,0,0,#DIV/0!,0.5,628.222686,8.11630214,#DIV/0!,0.012919467,#DIV/0!,#DIV/0!,-,0,#DIV/0!,#DIV/0!,#DIV/0!,#DIV/0!,#DIV/0!,#DIV/0!,#DIV/0!,#DIV/0!,745.222,628.222686,0.843000725,0.165391399,2,0.5,0: Broadleaf,2,TRUE,1652233584,399.991,403.472,17.9159,17.2653,395.371,17.7017,500.17,100.565,0.099951,27.0819,26.6135,999.9,0,0,10003.1,0,3.47725,745.222,0.89998,0.10002,0,1.8094,0,3753.32,7196.47,40.5,43.687,42.25,42.5,40.75,670.68,74.54,0,1652233585,0,1.7467,0.213347007,-261.81094,3783.392692,15,1652233242,9:40:42,1652233241,1652233242,1,-0.285,-0.028,4.62,0.189,403,17,0.4,0.09,-3.511139512,-0.014159373,0.0293534,1,1.762454545,-0.185218119,0.174494658,1,0.653450537,-0.014526523,0.001727688,1,3,3,3月3日,100,100,4.62,0.2142,4.445291379,0.000676004,-7.65E-07,4.25E-10,0.065174227,-0.023951514,0.002092542,-1.49E-05,2,2268,1,30,5.7,5.7,18,504.821,455.51,25,28.2769,30.0004,28.2564,28.1358,19.3021,24.165,68.1897,25,403.474,17.2433,87.6528,101.317
158,1652233586,362,20220511 09:46:26,9:46:26,0,1652233586,0.001661253,1.661253278,8.081004293,399.993,256.5416543,25.82445036,40.26480379,0.097691461,3.024262059,0.095971604,0.060134253,122.9732453,27.36587527,26.6202,3.500093896,50.14958465,1.803522322,3.596285662,1.696571574,-73.26126954,75.17959583,5.356824873,130.2483965,8.200182209,1.656705771,8.081004293,410.5691498,407.2811576,-2.62E-05,66.83704872,1.661253278,17.2636125,17.9159978,1.06E-07,86.59541668,0,0,1,0,53278.73497,-,-,0,0,#DIV/0!,0,-,-,0,0,#DIV/0!,0.5,626.800758,8.081004293,#DIV/0!,0.012892461,#DIV/0!,#DIV/0!,-,0,#DIV/0!,#DIV/0!,#DIV/0!,#DIV/0!,#DIV/0!,#DIV/0!,#DIV/0!,#DIV/0!,743.536,626.800758,0.842999879,0.165389766,2,0.5,0: Broadleaf,2,TRUE,1652233586,399.993,403.537,17.9163,17.2657,395.374,17.7021,500.161,100.564,0.0997711,27.0813,26.6202,999.9,0,0,10023.1,0,3.46084,743.536,0.900001,0.099999,0,1.5864,0,3744.15,7180.22,40.5,43.687,42.25,42.5,40.687,669.18,74.35,0,1652233586,0,1.735024,0.288799991,-258.8338456,3774.2352,15,1652233242,9:40:42,1652233241,1652233242,1,-0.285,-0.028,4.62,0.189,403,17,0.4,0.09,-3.514336585,0.04277561,0.027939324,1,1.757087879,-0.013009877,0.170105478,1,0.652962707,-0.016761429,0.001893289,1,3,3,3月3日,100,100,4.619,0.2142,4.445291379,0.000676004,-7.65E-07,4.25E-10,0.065174227,-0.023951514,0.002092542,-1.49E-05,2,2268,1,30,5.8,5.7,18,504.795,455.533,25,28.2769,30.0003,28.257,28.1366,19.301,24.165,68.1897,25,403.506,17.2433,87.6528,101.317
159,1652233588,364,20220511 09:46:28,9:46:28,0,1652233588,0.001659933,1.659933461,8.090556924,400.001,256.2037642,25.79076986,40.26612867,0.097555654,3.021602504,0.095839049,0.06005112,122.6482703,27.36408075,26.6255,3.501186656,50.15338314,1.803605993,3.596180118,1.697580664,-73.20306565,74.16865876,5.28957036,128.9034338,8.177107772,1.655218431,8.090556924,410.6095821,407.3167394,7.26E-05,66.83704872,1.659933461,17.26528499,17.91723516,2.10E-07,86.59541668,0,0,1,0,53196.78793,-,-,0,0,#DIV/0!,0,-,-,0,0,#DIV/0!,0.5,625.148058,8.090556924,#DIV/0!,0.012941825,#DIV/0!,#DIV/0!,-,0,#DIV/0!,#DIV/0!,#DIV/0!,#DIV/0!,#DIV/0!,#DIV/0!,#DIV/0!,#DIV/0!,741.576,625.148058,0.842999312,0.165388673,2,0.5,0: Broadleaf,2,TRUE,1652233588,400.001,403.536,17.9169,17.2668,395.382,17.7027,500.096,100.565,0.10007,27.0808,26.6255,999.9,0,0,10006.9,0,3.44716,741.576,0.900022,0.0999777,0,1.689,0,3733.22,7161.34,40.5,43.687,42.25,42.5,40.75,667.43,74.14,0,1652233588,0,1.730265385,0.416133327,-259.3504274,3767.8,15,1652233242,9:40:42,1652233241,1652233242,1,-0.285,-0.028,4.62,0.189,403,17,0.4,0.09,-3.515226341,0.039987596,0.02825903,1,1.744477143,0.022241096,0.165509753,1,0.652630537,-0.018564146,0.001981367,1,3,3,3月3日,100,100,4.619,0.2142,4.445291379,0.000676004,-7.65E-07,4.25E-10,0.065174227,-0.023951514,0.002092542,-1.49E-05,2,2268,1,30,5.8,5.8,18,504.789,455.457,25,28.2781,30.0002,28.2582,28.1376,19.3018,24.165,68.1897,25,403.575,17.2433,87.6521,101.317
160,1652233590,366,20220511 09:46:30,9:46:30,0,1652233590,0.001660335,1.660334917,8.162106215,400.015,254.93633,25.6634415,40.26794279,0.097485226,3.018925533,0.095769584,0.060007619,122.3753356,27.36264867,26.6339,3.502919189,50.15584681,1.803694591,3.596180118,1.699224598,-73.22076982,72.73579644,5.192199162,127.0825613,8.069523321,1.653519915,8.162106215,410.6207874,407.2999152,-4.47E-06,66.83704872,1.660334917,17.26560852,17.91758242,3.17E-07,86.59541668,0,0,1,0,53114.30339,-,-,0,0,#DIV/0!,0,-,-,0,0,#DIV/0!,0.5,623.755572,8.162106215,#DIV/0!,0.013085424,#DIV/0!,#DIV/0!,-,0,#DIV/0!,#DIV/0!,#DIV/0!,#DIV/0!,#DIV/0!,#DIV/0!,#DIV/0!,#DIV/0!,739.924,623.755572,0.842999513,0.165389061,2,0.5,0: Broadleaf,2,TRUE,1652233590,400.015,403.506,17.9176,17.2683,395.395,17.7033,500.198,100.566,0.100082,27.0808,26.6339,999.9,0,0,9990.62,0,3.44716,739.924,0.900013,0.0999874,0,1.6239,0,3724.98,7145.37,40.5,43.687,42.25,42.5,40.75,665.94,73.98,0,1652233591,0,1.741584615,0.074632481,-253.0543588,3757.307692,15,1652233242,9:40:42,1652233241,1652233242,1,-0.285,-0.028,4.62,0.189,403,17,0.4,0.09,-3.516010244,-0.004937352,0.028691384,1,1.748872727,-0.001028057,0.188905572,1,0.652181317,-0.019186474,0.002013091,1,3,3,3月3日,100,100,4.62,0.2143,4.445291379,0.000676004,-7.65E-07,4.25E-10,0.065174227,-0.023951514,0.002092542,-1.49E-05,2,2268,1,30,5.8,5.8,18,504.753,455.534,24.9999,28.2793,30.0002,28.2594,28.1388,19.3017,24.165,68.1897,25,403.447,17.2433,87.6516,101.317
161,1652233592,368,20220511 09:46:32,9:46:32,0,1652233592,0.001657962,1.657962125,8.141335222,400.018,255.1140625,25.68148158,40.26847756,0.097358045,3.024938513,0.095650171,0.059932307,122.1929932,27.36398061,26.6327,3.502671638,50.15048556,1.803745284,3.596665642,1.698926355,-73.1161297,73.45145049,5.232891902,127.7612059,8.067937092,1.653196627,8.141335222,410.6160012,407.3029333,-5.17E-06,66.83704872,1.657962125,17.26652184,17.91769121,3.59E-07,86.59541668,0,0,1,0,53299.3666,-,-,0,0,#DIV/0!,0,-,-,0,0,#DIV/0!,0.5,622.823514,8.141335222,#DIV/0!,0.013071657,#DIV/0!,#DIV/0!,-,0,#DIV/0!,#DIV/0!,#DIV/0!,#DIV/0!,#DIV/0!,#DIV/0!,#DIV/0!,#DIV/0!,738.818,622.823514,0.842999919,0.165389843,2,0.5,0: Broadleaf,2,TRUE,1652233592,400.018,403.509,17.918,17.2687,395.399,17.7037,500.1,100.567,0.0996639,27.0831,26.6327,999.9,0,0,10026.9,0,3.44716,738.818,0.900006,0.099994,0,1.6701,0,3719.65,7134.67,40.5,43.687,42.25,42.5,40.687,664.94,73.88,0,1652233592,0,1.735264,-0.357246157,-253.2969226,3748.4196,15,1652233242,9:40:42,1652233241,1652233242,1,-0.285,-0.028,4.62,0.189,403,17,0.4,0.09,-3.51832122,0.050889408,0.027538763,1,1.722466667,0.140815988,0.183732583,1,0.651584341,-0.017287129,0.001840747,1,3,3,3月3日,100,100,4.619,0.2143,4.445291379,0.000676004,-7.65E-07,4.25E-10,0.065174227,-0.023951514,0.002092542,-1.49E-05,2,2268,1,30,5.8,5.8,18,504.614,455.69,24.9999,28.2799,30.0002,28.2594,28.1394,19.3019,24.165,68.1897,25,403.451,17.2433,87.6521,101.316
162,1652233594,370,20220511 09:46:34,9:46:34,0,1652233594,0.001655269,1.655269081,8.017117244,400.031,257.0302579,25.87451946,40.27000548,0.097252621,3.017908498,0.095544515,0.05986629,121.8304833,27.36369305,26.6284,3.501784708,50.14844717,1.803724904,3.596771199,1.698059804,-72.99736646,74.06171503,5.288559377,128.1833912,7.940693144,1.65188012,8.017117244,410.6051413,407.3421091,7.45E-05,66.83704872,1.655269081,17.26797897,17.91810879,1.40E-07,86.59541668,0,0,1,0,53082.50701,-,-,0,0,#DIV/0!,0,-,-,0,0,#DIV/0!,0.5,620.973399,8.017117244,#DIV/0!,0.012910565,#DIV/0!,#DIV/0!,-,0,#DIV/0!,#DIV/0!,#DIV/0!,#DIV/0!,#DIV/0!,#DIV/0!,#DIV/0!,#DIV/0!,736.623,620.973399,0.843000285,0.16539055,2,0.5,0: Broadleaf,2,TRUE,1652233594,400.031,403.471,17.9177,17.2689,395.412,17.7034,500.087,100.567,0.100212,27.0836,26.6284,999.9,0,0,9984.38,0,3.44716,736.623,0.899993,0.100007,0,1.7631,0,3707.1,7113.46,40.5,43.687,42.25,42.5,40.687,662.96,73.67,0,1652233594,0,1.741842308,-0.358273509,-262.3271796,3741.667308,15,1652233242,9:40:42,1652233241,1652233242,1,-0.285,-0.028,4.62,0.189,403,17,0.4,0.09,-3.51294878,0.1754377,0.033925251,1,1.729945714,0.037500587,0.177444669,1,0.651068268,-0.015467038,0.001683357,1,3,3,3月3日,100,100,4.619,0.2143,4.445291379,0.000676004,-7.65E-07,4.25E-10,0.065174227,-0.023951514,0.002092542,-1.49E-05,2,2268,1,30,5.9,5.9,18,504.685,455.649,24.9998,28.2811,30.0002,28.2606,28.1406,19.3025,24.165,68.1897,25,403.467,17.2433,87.6525,101.316
163,1652233596,372,20220511 09:46:36,9:46:36,0,1652233596,0.001653038,1.653038484,7.95160754,400.027,257.885116,25.96079872,40.26994884,0.097088542,3.018339076,0.095386379,0.059766934,121.5966794,27.36237914,26.6313,3.502382849,50.15174933,1.803790737,3.596665642,1.698592112,-72.89899714,73.51901778,5.249120809,127.4658209,7.925631856,1.651285086,7.95160754,410.5601943,407.325097,-9.08E-06,66.83704872,1.653038484,17.26854019,17.91762857,7.06E-08,86.59541668,0,0,1,0,53095.87611,-,-,0,0,#DIV/0!,0,-,-,0,0,#DIV/0!,0.5,619.786728,7.95160754,#DIV/0!,0.012829587,#DIV/0!,#DIV/0!,-,0,#DIV/0!,#DIV/0!,#DIV/0!,#DIV/0!,#DIV/0!,#DIV/0!,#DIV/0!,#DIV/0!,735.216,619.786728,0.84299951,0.165389055,2,0.5,0: Broadleaf,2,TRUE,1652233596,400.027,403.46,17.9182,17.2698,395.408,17.7039,500.215,100.568,0.100077,27.0831,26.6313,999.9,0,0,9986.88,0,3.44716,735.216,0.900017,0.0999831,0,1.6873,0,3700.19,7099.9,40.5,43.687,42.25,42.5,40.687,661.71,73.51,0,1652233597,0,1.777669231,-0.116581195,-261.7972649,3731.204231,15,1652233242,9:40:42,1652233241,1652233242,1,-0.285,-0.028,4.62,0.189,403,17,0.4,0.09,-3.499623171,0.231383415,0.039251972,1,1.773969697,0.021934505,0.181449879,1,0.650553293,-0.014831289,0.001626812,1,3,3,3月3日,100,100,4.619,0.2143,4.445291379,0.000676004,-7.65E-07,4.25E-10,0.065174227,-0.023951514,0.002092542,-1.49E-05,2,2268,1,30,5.9,5.9,18,504.85,455.538,24.9999,28.2816,30.0003,28.2618,28.1413,19.3013,24.165,67.8154,25,403.472,17.2433,87.6521,101.316
164,1652233598,374,20220511 09:46:38,9:46:38,0,1652233598,0.001656639,1.656639048,7.934521342,400.025,258.4330577,26.0156363,40.26924807,0.09729007,3.021122853,0.095582445,0.059889955,121.2850024,27.35764354,26.633,3.502733525,50.16174473,1.803959633,3.596285662,1.698773891,-73.057782,73.01676175,5.208454318,126.4524365,8.062632898,1.653140659,7.934521342,410.5424311,407.3135273,-2.84E-05,66.83704872,1.656639048,17.26897677,17.91965275,-2.34E-07,86.59541668,0,0,1,0,53181.95291,-,-,0,0,#DIV/0!,0,-,-,0,0,#DIV/0!,0.5,618.190143,7.934521342,#DIV/0!,0.012835082,#DIV/0!,#DIV/0!,-,0,#DIV/0!,#DIV/0!,#DIV/0!,#DIV/0!,#DIV/0!,#DIV/0!,#DIV/0!,#DIV/0!,733.321,618.190143,0.843000736,0.165391421,2,0.5,0: Broadleaf,2,TRUE,1652233598,400.025,403.514,17.9201,17.2708,395.405,17.7057,500.082,100.567,0.0998285,27.0813,26.633,999.9,0,0,10003.8,0,3.44716,733.321,0.899972,0.100028,0,1.8596,0,3690,7081.52,40.5,43.687,42.25,42.5,40.687,659.97,73.35,0,1652233598,0,1.768584,0.6471077,-270.0730765,3722.0692,15,1652233242,9:40:42,1652233241,1652233242,1,-0.285,-0.028,4.62,0.189,403,17,0.4,0.09,-3.492061951,0.178159443,0.036686203,1,1.765542424,0.269664469,0.185106864,1,0.650078439,-0.010710941,0.001232427,1,3,3,3月3日,100,100,4.62,0.2144,4.445291379,0.000676004,-7.65E-07,4.25E-10,0.065174227,-0.023951514,0.002092542,-1.49E-05,2,2268,1,30,6,5.9,18,504.762,455.479,24.9999,28.2829,30.0003,28.2624,28.1424,19.3013,24.165,67.8154,25,403.469,17.2433,87.6518,101.316
165,1652233600,376,20220511 09:46:40,9:46:40,0,1652233600,0.001658218,1.658217797,8.000916923,400.032,257.5745498,25.92877116,40.26926648,0.09745825,3.01756411,0.09574279,0.059990856,121.0056254,27.35194643,26.6269,3.50147536,50.17322857,1.803949024,3.595441386,1.697526335,-73.12740484,73.2723855,5.232588257,126.3831944,8.077395211,1.659744094,8.000916923,410.5996369,407.3432182,5.89E-05,66.83704872,1.658217797,17.26945315,17.92075165,2.46E-07,86.59541668,0,0,1,0,53072.97514,-,-,0,0,#DIV/0!,0,-,-,0,0,#DIV/0!,0.5,616.769328,8.000916923,#DIV/0!,0.0129723,#DIV/0!,#DIV/0!,-,0,#DIV/0!,#DIV/0!,#DIV/0!,#DIV/0!,#DIV/0!,#DIV/0!,#DIV/0!,#DIV/0!,731.636,616.769328,0.843000246,0.165390475,2,0.5,0: Broadleaf,2,TRUE,1652233600,400.032,403.528,17.9203,17.2684,395.413,17.7059,500.077,100.565,0.100113,27.0773,26.6269,999.9,0,0,9982.5,0,3.44716,731.636,0.899995,0.100005,0,1.8004,0,3680.62,7065.3,40.5,43.687,42.25,42.5,40.75,658.47,73.17,0,1652233600,0,1.759515385,0.324116251,-268.5887181,3715.372308,15,1652233242,9:40:42,1652233241,1652233242,1,-0.285,-0.028,4.62,0.189,403,17,0.4,0.09,-3.489455366,0.133747526,0.035395154,1,1.766568571,0.037549902,0.182192797,1,0.649764951,-0.005938307,0.000812738,1,3,3,3月3日,100,100,4.619,0.2144,4.445291379,0.000676004,-7.65E-07,4.25E-10,0.065174227,-0.023951514,0.002092542,-1.49E-05,2,2268,1,30,6,6,18,504.803,455.404,25,28.2841,30.0003,28.2637,28.1436,19.3001,24.165,67.8154,25,403.517,17.2433,87.652,101.316
166,1652233602,378,20220511 09:46:42,9:46:42,0,1652233602,0.001651905,1.651904937,8.050958927,400.037,256.2881315,25.79926961,40.26976341,0.097107139,3.01839242,0.095404359,0.059778226,120.6861582,27.34824119,26.6239,3.500856735,50.17875448,1.803787674,3.594723887,1.697069061,-72.84900773,73.22740747,5.227773818,126.2923317,8.062181398,1.679343366,8.050958927,410.6161965,407.3406485,1.86E-05,66.83704872,1.651904937,17.27043128,17.91905275,6.46E-07,86.59541668,0,0,1,0,53099.08261,-,-,0,0,#DIV/0!,0,-,-,0,0,#DIV/0!,0.5,615.139929,8.050958927,#DIV/0!,0.013088012,#DIV/0!,#DIV/0!,-,0,#DIV/0!,#DIV/0!,#DIV/0!,#DIV/0!,#DIV/0!,#DIV/0!,#DIV/0!,#DIV/0!,729.703,615.139929,0.843000411,0.165390793,2,0.5,0: Broadleaf,2,TRUE,1652233602,400.037,403.529,17.9187,17.2593,395.418,17.7045,500.228,100.565,0.100097,27.0739,26.6239,999.9,0,0,9987.5,0,3.44716,729.703,0.899984,0.100016,0,1.6201,0,3670.66,7046.61,40.5,43.687,42.25,42.5,40.687,656.72,72.98,0,1652233603,0,1.768838462,0.404533348,-262.2707691,3704.703077,15,1652233242,9:40:42,1652233241,1652233242,1,-0.285,-0.028,4.62,0.189,403,17,0.4,0.09,-3.487849024,0.147823484,0.035658809,1,1.765078788,0.419578636,0.167437396,1,0.650070585,0.003557185,0.001647988,1,3,3,3月3日,100,100,4.619,0.2142,4.445291379,0.000676004,-7.65E-07,4.25E-10,0.065174227,-0.023951514,0.002092542,-1.49E-05,2,2268,1,30,6,6,18,504.922,455.392,25,28.2841,30.0003,28.2649,28.1442,19.2981,24.165,67.8154,25,403.48,17.2433,87.6518,101.316
167,1652233604,380,20220511 09:46:44,9:46:44,0,1652233604,0.001645894,1.64589415,8.094102608,400.038,255.1435345,25.68399905,40.26978631,0.096783968,3.02170169,0.095094214,0.059583244,120.499383,27.34720959,26.6193,3.499908362,50.17407072,1.803492262,3.594470682,1.6964161,-72.58393201,73.86157202,5.267119772,127.0441428,8.00263027,1.693044349,8.094102608,410.6088532,407.3155758,-5.21E-05,66.83704872,1.64589415,17.2699237,17.9163044,2.78E-07,86.59541668,0,0,1,0,53201.28266,-,-,0,0,#DIV/0!,0,-,-,0,0,#DIV/0!,0.5,614.1927,8.094102608,#DIV/0!,0.013178442,#DIV/0!,#DIV/0!,-,0,#DIV/0!,#DIV/0!,#DIV/0!,#DIV/0!,#DIV/0!,#DIV/0!,#DIV/0!,#DIV/0!,728.58,614.1927,0.842999671,0.165389364,2,0.5,0: Broadleaf,2,TRUE,1652233604,400.038,403.509,17.9158,17.2509,395.418,17.7016,500.139,100.565,0.0999026,27.0727,26.6193,999.9,0,0,10007.5,0,3.42254,728.58,0.90001,0.0999903,0,1.7904,0,3664.91,7035.81,40.5,43.625,42.25,42.5,40.687,655.73,72.85,0,1652233604,0,1.7669,0.405176929,-267.3761534,3695.5292,15,1652233242,9:40:42,1652233241,1652233242,1,-0.285,-0.028,4.62,0.189,403,17,0.4,0.09,-3.488960244,0.135596655,0.035566402,1,1.766469697,0.197838716,0.173217585,1,0.651212927,0.022945443,0.003977394,1,3,3,3月3日,100,100,4.62,0.2142,4.445291379,0.000676004,-7.65E-07,4.25E-10,0.065174227,-0.023951514,0.002092542,-1.49E-05,2,2268,1,30,6,6,18,504.978,455.418,25.0001,28.2853,30.0001,28.2661,28.1454,19.297,24.165,67.8154,25,403.361,17.2433,87.6514,101.316
168,1652233606,382,20220511 09:46:46,9:46:46,0,1652233606,0.001659965,1.659964617,8.059225382,400.024,256.8882068,25.85991593,40.26882798,0.097660177,3.01965059,0.095938836,0.060113901,120.1797753,27.34259412,26.6155,3.499125093,50.16530421,1.803240662,3.594597282,1.695884431,-73.2044396,74.52773531,5.318149225,126.8212202,7.949402932,1.694540374,8.059225382,410.6074678,407.328097,-6.85E-06,66.83704872,1.659964617,17.26155416,17.91347692,-2.88E-07,86.59541668,0,0,1,0,53137.96946,-,-,0,0,#DIV/0!,0,-,-,0,0,#DIV/0!,0.5,612.560199,8.059225382,#DIV/0!,0.013156626,#DIV/0!,#DIV/0!,-,0,#DIV/0!,#DIV/0!,#DIV/0!,#DIV/0!,#DIV/0!,#DIV/0!,#DIV/0!,#DIV/0!,726.643,612.560199,0.843000206,0.165390398,2,0.5,0: Broadleaf,2,TRUE,1652233606,400.024,403.474,17.9131,17.2476,395.404,17.699,500.131,100.566,0.10003,27.0733,26.6155,999.9,0,0,9995,0,3.39518,726.643,0.899998,0.100002,0,1.999,0,3654.96,7017.09,40.5,43.687,42.25,42.5,40.687,653.98,72.67,0,1652233606,0,1.786815385,0.143391461,-265.8020514,3688.641154,15,1652233242,9:40:42,1652233241,1652233242,1,-0.285,-0.028,4.62,0.189,403,17,0.4,0.09,-3.486583659,0.141613589,0.035393747,1,1.770505714,0.271650881,0.174925442,1,0.652708878,0.042351784,0.005720911,1,3,3,3月3日,100,100,4.62,0.2141,4.445291379,0.000676004,-7.65E-07,4.25E-10,0.065174227,-0.023951514,0.002092542,-1.49E-05,2,2268,1,30,6.1,6.1,18,504.844,455.374,25,28.2865,30.0002,28.2667,28.1461,19.2984,24.165,67.8154,25,403.449,17.2433,87.6512,101.316
169,1652233608,384,20220511 09:46:48,9:46:48,0,1652233608,0.001679635,1.679635164,8.117340727,399.964,257.4988523,25.92167687,40.26323798,0.098880701,3.018736659,0.09711596,0.060853407,119.9459714,27.33695507,26.6113,3.498259553,50.15821715,1.803049413,3.594723887,1.69521014,-74.07191072,75.28636009,5.373812922,126.5342337,7.981239473,1.694074285,8.117340727,410.5731915,407.2713939,-0.000123392,66.83704872,1.679635164,17.25194196,17.91147802,-8.73E-07,86.59541668,0,0,1,0,53109.72816,-,-,0,0,#DIV/0!,0,-,-,0,0,#DIV/0!,0.5,611.373528,8.117340727,#DIV/0!,0.01327722,#DIV/0!,#DIV/0!,-,0,#DIV/0!,#DIV/0!,#DIV/0!,#DIV/0!,#DIV/0!,#DIV/0!,#DIV/0!,#DIV/0!,725.236,611.373528,0.842999421,0.165388882,2,0.5,0: Broadleaf,2,TRUE,1652233608,399.964,403.426,17.911,17.2458,395.344,17.6969,500.22,100.567,0.100155,27.0739,26.6113,999.9,0,0,9989.38,0,3.39244,725.236,0.900022,0.0999776,0,1.5867,0,3648.07,7003.55,40.5,43.625,42.25,42.5,40.687,652.73,72.51,0,1652233609,0,1.807173077,-0.208393153,-258.9736752,3678.077692,15,1652233242,9:40:42,1652233241,1652233242,1,-0.285,-0.028,4.62,0.189,403,17,0.4,0.09,-3.479390488,0.107798676,0.033050112,1,1.790321212,0.360080876,0.184379805,1,0.654164073,0.057457213,0.006749984,1,3,3,3月3日,100,100,4.62,0.2141,4.445291379,0.000676004,-7.65E-07,4.25E-10,0.065174227,-0.023951514,0.002092542,-1.49E-05,2,2268,1,30,6.1,6.1,18,504.802,455.332,24.9999,28.2877,30.0002,28.2673,28.1472,19.3026,24.165,67.8154,25,403.506,17.2441,87.6512,101.316
170,1652233610,386,20220511 09:46:50,9:46:50,0,1652233610,0.001681623,1.681623077,8.056270648,399.931,258.6718649,26.03942243,40.25939294,0.099041983,3.021618954,0.097273193,0.060952034,119.6314332,27.33321678,26.6059,3.49714699,50.15157682,1.802683725,3.594470682,1.694463264,-74.1595777,76.04243003,5.422423425,126.9367089,8.146758085,1.686703245,8.056270648,410.5119608,407.2340242,-0.00011655,66.83704872,1.681623077,17.24812343,17.90863187,-6.47E-07,86.59541668,0,0,1,0,53198.75288,-,-,0,0,#DIV/0!,0,-,-,0,0,#DIV/0!,0.5,609.761829,8.056270648,#DIV/0!,0.01321216,#DIV/0!,#DIV/0!,-,0,#DIV/0!,#DIV/0!,#DIV/0!,#DIV/0!,#DIV/0!,#DIV/0!,#DIV/0!,#DIV/0!,723.323,609.761829,0.843000747,0.165391441,2,0.5,0: Broadleaf,2,TRUE,1652233610,399.931,403.459,17.9076,17.2451,395.312,17.6937,500.075,100.566,0.0998472,27.0727,26.6059,999.9,0,0,10006.9,0,3.39244,723.323,0.899977,0.100023,0,1.5342,0,3637.74,6984.98,40.5,43.687,42.25,42.5,40.687,650.97,72.35,0,1652233610,0,1.794632,-0.101461529,-264.5553842,3668.9556,15,1652233242,9:40:42,1652233241,1652233242,1,-0.285,-0.028,4.62,0.189,403,17,0.4,0.09,-3.472573902,0.037046969,0.028268351,1,1.793927273,0.329418839,0.174972999,1,0.655522854,0.065186258,0.007198104,1,3,3,3月3日,100,100,4.619,0.2139,4.445291379,0.000676004,-7.65E-07,4.25E-10,0.065174227,-0.023951514,0.002092542,-1.49E-05,2,2268,1,30,6.2,6.1,18,504.766,455.308,25,28.2889,30.0003,28.2685,28.1484,19.3006,24.165,67.8154,25,403.602,17.2461,87.6515,101.316
171,1652233612,388,20220511 09:46:52,9:46:52,0,1652233612,0.001677207,1.677206964,7.958111505,399.975,259.8390175,26.15690129,40.2638014,0.098686417,3.022957478,0.096930945,0.060736962,119.3065657,27.33126416,26.6118,3.498362584,50.14666711,1.802390862,3.594238591,1.695971722,-73.96482711,74.93529971,5.341238466,125.6182767,8.215676967,1.677321816,7.958111505,410.505827,407.2670121,5.18E-05,66.83704872,1.677206964,17.24615035,17.90490879,-5.29E-07,86.59541668,0,0,1,0,53240.23727,-,-,0,0,#DIV/0!,0,-,-,0,0,#DIV/0!,0.5,608.109942,7.958111505,#DIV/0!,0.013086633,#DIV/0!,#DIV/0!,-,0,#DIV/0!,#DIV/0!,#DIV/0!,#DIV/0!,#DIV/0!,#DIV/0!,#DIV/0!,#DIV/0!,721.364,608.109942,0.843000125,0.165390241,2,0.5,0: Broadleaf,2,TRUE,1652233612,399.975,403.529,17.9047,17.2459,395.355,17.6909,500.088,100.566,0.0997951,27.0716,26.6118,999.9,0,0,10015,0,3.39244,721.364,0.899999,0.100001,0,1.7158,0,3626.81,6966.11,40.437,43.687,42.25,42.5,40.687,649.23,72.14,0,1652233612,0,1.799615385,0.066290605,-263.5360685,3662.302692,15,1652233242,9:40:42,1652233241,1652233242,1,-0.285,-0.028,4.62,0.189,403,17,0.4,0.09,-3.474074634,-0.112722648,0.030214601,1,1.803814286,0.014712329,0.172852644,1,0.656653561,0.062362453,0.007080306,1,3,3,3月3日,100,100,4.62,0.2138,4.445291379,0.000676004,-7.65E-07,4.25E-10,0.065174227,-0.023951514,0.002092542,-1.49E-05,2,2268,1,30,6.2,6.2,18,504.663,455.301,25,28.2889,30.0003,28.2691,28.1496,19.3012,24.165,67.8154,25,403.512,17.2472,87.6513,101.316
172,1652233614,390,20220511 09:46:54,9:46:54,0,1652233614,0.001676582,1.676582014,8.156761071,399.991,256.6500421,25.83619595,40.2659036,0.098700172,3.021321278,0.096943283,0.060744797,118.9444444,27.32947846,26.6074,3.497456004,50.14419842,1.802302131,3.594238591,1.695153873,-73.93726683,75.61143644,5.392232163,126.0108462,8.129947161,1.672696033,8.156761071,410.593051,407.2743333,4.97E-05,66.83704872,1.676582014,17.24525827,17.90359231,-1.17E-06,86.59541668,0,0,1,0,53189.79023,-,-,0,0,#DIV/0!,0,-,-,0,0,#DIV/0!,0.5,606.261543,8.156761071,#DIV/0!,0.013454195,#DIV/0!,#DIV/0!,-,0,#DIV/0!,#DIV/0!,#DIV/0!,#DIV/0!,#DIV/0!,#DIV/0!,#DIV/0!,#DIV/0!,719.171,606.261543,0.843000542,0.165391047,2,0.5,0: Broadleaf,2,TRUE,1652233614,399.991,403.509,17.9036,17.2468,395.371,17.6899,500.228,100.567,0.100024,27.0716,26.6074,999.9,0,0,10005,0,3.39244,719.171,0.899986,0.100014,0,2.025,0,3614.79,6944.91,40.437,43.687,42.25,42.5,40.687,647.24,71.93,0,1652233615,0,1.814076923,0.444663249,-263.6102563,3651.679231,15,1652233242,9:40:42,1652233241,1652233242,1,-0.285,-0.028,4.62,0.189,403,17,0.4,0.09,-3.482050488,-0.242216655,0.036947699,1,1.818551515,-0.109870532,0.175086078,1,0.657512732,0.050786927,0.006660589,1,3,3,3月3日,100,100,4.62,0.2137,4.445291379,0.000676004,-7.65E-07,4.25E-10,0.065174227,-0.023951514,0.002092542,-1.49E-05,2,2268,1,30,6.2,6.2,18,504.765,455.31,24.9999,28.2901,30.0003,28.2703,28.1508,19.3015,24.165,67.8154,25,403.534,17.2499,87.6513,101.316
173,1652233616,392,20220511 09:46:56,9:46:56,0,1652233616,0.001675076,1.675076424,8.155772674,399.998,256.5477646,25.82570552,40.26630507,0.098608476,3.016130059,0.096851859,0.06068763,118.8065174,27.33058195,26.6074,3.497456004,50.13918283,1.802238227,3.594470682,1.695217777,-73.87087028,75.66038742,5.405039723,126.0010743,8.078973453,1.670846423,8.155772674,410.608785,407.2898727,4.22E-05,66.83704872,1.675076424,17.24562887,17.9034967,-9.79E-07,86.59541668,0,0,1,0,53029.67118,-,-,0,0,#DIV/0!,0,-,-,0,0,#DIV/0!,0.5,605.557728,8.155772674,#DIV/0!,0.0134682,#DIV/0!,#DIV/0!,-,0,#DIV/0!,#DIV/0!,#DIV/0!,#DIV/0!,#DIV/0!,#DIV/0!,#DIV/0!,#DIV/0!,718.336,605.557728,0.843000668,0.16539129,2,0.5,0: Broadleaf,2,TRUE,1652233616,399.998,403.496,17.9031,17.2469,395.379,17.6894,500.132,100.566,0.100266,27.0727,26.6074,999.9,0,0,9973.75,0,3.39244,718.336,0.89998,0.10002,0,1.9067,0,3611.38,6936.83,40.5,43.625,42.25,42.5,40.687,646.49,71.85,0,1652233616,0,1.808896,0.520569229,-269.4738457,3642.3408,15,1652233242,9:40:42,1652233241,1652233242,1,-0.285,-0.028,4.62,0.189,403,17,0.4,0.09,-3.490919268,-0.210815958,0.034418633,1,1.804915152,0.215303347,0.170666405,1,0.658292756,0.032124397,0.00598861,1,3,3,3月3日,100,100,4.619,0.2137,4.445291379,0.000676004,-7.65E-07,4.25E-10,0.065174227,-0.023951514,0.002092542,-1.49E-05,2,2268,1,30,6.2,6.2,18,504.852,455.312,25.0001,28.2914,30.0003,28.2715,28.1509,19.303,24.165,67.8154,25,403.537,17.25,87.6512,101.315
174,1652233618,394,20220511 09:46:58,9:46:58,0,1652233618,0.00166911,1.669109687,8.124139868,400.002,256.4697211,25.81805357,40.26702653,0.098163336,3.018218277,0.096423573,0.060418476,118.5277771,27.32982602,26.6141,3.498836559,50.13825074,1.802151829,3.594365184,1.69668473,-73.60773718,74.54119996,5.3215677,124.7828076,7.99996377,1.66609157,8.124139868,410.5891821,407.2830424,-2.50E-06,66.83704872,1.669109687,17.24656478,17.90215165,-2.10E-07,86.59541668,0,0,1,0,53094.06311,-,-,0,0,#DIV/0!,0,-,-,0,0,#DIV/0!,0.5,604.142544,8.124139868,#DIV/0!,0.013447389,#DIV/0!,#DIV/0!,-,0,#DIV/0!,#DIV/0!,#DIV/0!,#DIV/0!,#DIV/0!,#DIV/0!,#DIV/0!,#DIV/0!,716.658,604.142544,0.842999791,0.165389596,2,0.5,0: Broadleaf,2,TRUE,1652233618,400.002,403.468,17.9021,17.2477,395.383,17.6884,500.081,100.567,0.100063,27.0722,26.6141,999.9,0,0,9986.25,0,3.39244,716.658,0.900003,0.0999966,0,1.8154,0,3602.34,6920.67,40.5,43.625,42.25,42.437,40.687,644.99,71.66,0,1652233618,0,1.807230769,-0.124512819,-268.1463249,3635.49,15,1652233242,9:40:42,1652233241,1652233242,1,-0.285,-0.028,4.62,0.189,403,17,0.4,0.09,-3.49557122,-0.149067596,0.030195519,1,1.793074286,0.149530333,0.16873731,1,0.658915512,0.009762523,0.005272293,1,3,3,3月3日,100,100,4.619,0.2137,4.445291379,0.000676004,-7.65E-07,4.25E-10,0.065174227,-0.023951514,0.002092542,-1.49E-05,2,2268,1,30,6.3,6.3,18,504.826,455.353,25.0001,28.292,30.0003,28.2721,28.152,19.3029,24.165,67.8154,25,403.431,17.2522,87.6511,101.314
175,1652233620,396,20220511 09:47:00,9:47:00,0,1652233620,0.001668031,1.668030764,8.062748096,399.983,257.440534,25.91594887,40.26537241,0.098147547,3.02318859,0.096411143,0.060410414,118.2556942,27.32754521,26.6096,3.497909268,50.13809798,1.802082866,3.594238591,1.695826402,-73.56015667,75.29959819,5.366735595,125.3618713,8.167991171,1.662289169,8.062748096,410.5626172,407.2820848,-1.89E-05,66.83704872,1.668030764,17.24685882,17.90191538,-3.14E-07,86.59541668,0,0,1,0,53247.41231,-,-,0,0,#DIV/0!,0,-,-,0,0,#DIV/0!,0.5,602.752014,8.062748096,#DIV/0!,0.013376559,#DIV/0!,#DIV/0!,-,0,#DIV/0!,#DIV/0!,#DIV/0!,#DIV/0!,#DIV/0!,#DIV/0!,#DIV/0!,#DIV/0!,715.008,602.752014,0.843000378,0.165390729,2,0.5,0: Broadleaf,2,TRUE,1652233620,399.983,403.515,17.9013,17.2485,395.364,17.6876,500.163,100.568,0.0997094,27.0716,26.6096,999.9,0,0,10016.2,0,3.36782,715.008,0.899993,0.100007,0,1.7227,0,3593.88,6904.72,40.437,43.687,42.25,42.5,40.687,643.5,71.51,0,1652233621,0,1.803961538,-0.410789738,-265.9001709,3624.906923,15,1652233242,9:40:42,1652233241,1652233242,1,-0.285,-0.028,4.62,0.189,403,17,0.4,0.09,-3.494597561,-0.106339443,0.031115416,1,1.804524242,-0.14326274,0.167771976,1,0.659370561,-0.015683477,0.004588344,1,3,3,3月3日,100,100,4.619,0.2137,4.445291379,0.000676004,-7.65E-07,4.25E-10,0.065174227,-0.023951514,0.002092542,-1.49E-05,2,2268,1,30,6.3,6.3,18,504.805,455.464,25.0001,28.2932,30.0002,28.2733,28.1532,19.3013,24.165,67.8154,25,403.513,17.2557,87.6516,101.314
176,1652233622,398,20220511 09:47:02,9:47:02,0,1652233622,0.001664236,1.664236304,8.087445248,400.004,256.7294433,25.84366378,40.2663939,0.097903031,3.02056071,0.096173711,0.060261398,117.9775576,27.32711802,26.6101,3.49801229,50.13337676,1.801913174,3.594238591,1.696099115,-73.39282103,75.15272244,5.360940842,125.0983998,8.241514204,1.658368069,8.087445248,410.5739966,407.2831273,-2.28E-06,66.83704872,1.664236304,17.24749116,17.9010967,-2.20E-07,86.59541668,0,0,1,0,53166.29852,-,-,0,0,#DIV/0!,0,-,-,0,0,#DIV/0!,0.5,601.340172,8.087445248,#DIV/0!,0.013449035,#DIV/0!,#DIV/0!,-,0,#DIV/0!,#DIV/0!,#DIV/0!,#DIV/0!,#DIV/0!,#DIV/0!,#DIV/0!,#DIV/0!,713.334,601.340172,0.842999453,0.165388945,2,0.5,0: Broadleaf,2,TRUE,1652233622,400.004,403.565,17.9001,17.2488,395.385,17.6865,500.133,100.565,0.0999781,27.0716,26.6101,999.9,0,0,10000.6,0,3.34046,713.334,0.900015,0.0999852,0,1.8498,0,3585.28,6888.59,40.437,43.625,42.187,42.5,40.687,642.01,71.32,0,1652233622,0,1.779788,-0.468807688,-268.6976918,3615.7256,15,1652233242,9:40:42,1652233241,1652233242,1,-0.285,-0.028,4.62,0.189,403,17,0.4,0.09,-3.500222439,-0.153007317,0.033181516,1,1.7831,-0.233726002,0.173337913,1,0.659383439,-0.039441324,0.004539587,1,3,3,3月3日,100,100,4.619,0.2136,4.445291379,0.000676004,-7.65E-07,4.25E-10,0.065174227,-0.023951514,0.002092542,-1.49E-05,2,2268,1,30,6.3,6.3,18,504.842,455.473,25.0001,28.2938,30.0001,28.2739,28.1544,19.2997,24.165,67.8154,25,403.406,17.2577,87.6521,101.313
177,1652233624,400,20220511 09:47:04,9:47:04,0,1652233624,0.001657235,1.657235006,8.157590723,400.04,255.0419207,25.67376932,40.2699864,0.097477436,3.021189169,0.095763327,0.060003575,117.6587768,27.32361156,26.6101,3.49801229,50.14054325,1.801811103,3.593521302,1.696201187,-73.08406377,74.61457236,5.321354728,124.5106401,7.999070582,1.653716973,8.157590723,410.6356289,407.3151636,7.32E-05,66.83704872,1.657235006,17.24843199,17.89941429,-8.33E-08,86.59541668,0,0,1,0,53186.27606,-,-,0,0,#DIV/0!,0,-,-,0,0,#DIV/0!,0.5,599.711886,8.157590723,#DIV/0!,0.013602516,#DIV/0!,#DIV/0!,-,0,#DIV/0!,#DIV/0!,#DIV/0!,#DIV/0!,#DIV/0!,#DIV/0!,#DIV/0!,#DIV/0!,711.402,599.711886,0.843,0.16539,2,0.5,0: Broadleaf,2,TRUE,1652233624,400.04,403.504,17.8991,17.2495,395.421,17.6855,500.036,100.565,0.0998995,27.0682,26.6101,999.9,0,0,10004.4,0,3.33773,711.402,0.900004,0.0999956,0,1.8753,0,3574.43,6869.92,40.437,43.625,42.187,42.5,40.687,640.26,71.14,0,1652233624,0,1.802338462,-0.148013676,-262.0167523,3609.131923,15,1652233242,9:40:42,1652233241,1652233242,1,-0.285,-0.028,4.62,0.189,403,17,0.4,0.09,-3.505035854,-0.203886063,0.036201085,1,1.810397143,-0.188935421,0.165015389,1,0.658456024,-0.050922084,0.005120681,1,3,3,3月3日,100,100,4.619,0.2136,4.445291379,0.000676004,-7.65E-07,4.25E-10,0.065174227,-0.023951514,0.002092542,-1.49E-05,2,2268,1,30,6.4,6.4,18,504.758,455.415,25,28.295,30.0002,28.2751,28.1556,19.301,24.165,67.8154,25,403.436,17.2379,87.6521,101.314
178,1652233626,402,20220511 09:47:06,9:47:06,0,1652233626,0.001656191,1.656191434,8.030423035,400.043,257.1068472,25.88162843,40.27027827,0.097452328,3.023568618,0.095740417,0.059989064,117.4259074,27.3188547,26.6071,3.497394199,50.15195441,1.801850916,3.592783047,1.695543284,-73.03804224,74.59183451,5.315373805,124.2950735,7.940259352,1.65117772,8.030423035,410.6089595,407.3412848,6.95E-05,66.83704872,1.656191434,17.24869375,17.89906593,-4.39E-07,86.59541668,0,0,1,0,53260.29932,-,-,0,0,#DIV/0!,0,-,-,0,0,#DIV/0!,0.5,598.530243,8.030423035,#DIV/0!,0.013416904,#DIV/0!,#DIV/0!,-,0,#DIV/0!,#DIV/0!,#DIV/0!,#DIV/0!,#DIV/0!,#DIV/0!,#DIV/0!,#DIV/0!,710.001,598.530243,0.842999155,0.165388369,2,0.5,0: Broadleaf,2,TRUE,1652233626,400.043,403.482,17.8995,17.2511,395.424,17.6859,500.192,100.565,0.0998742,27.0647,26.6071,999.9,0,0,10018.8,0,3.33773,710.001,0.900029,0.0999707,0,2.0219,0,3567.19,6856.43,40.437,43.625,42.187,42.5,40.687,639.02,70.98,0,1652233627,0,1.819896154,0.555401711,-256.6670085,3598.534231,15,1652233242,9:40:42,1652233241,1652233242,1,-0.285,-0.028,4.62,0.189,403,17,0.4,0.09,-3.501769512,-0.063199024,0.039877338,1,1.818045455,0.080350461,0.174670115,1,0.656917732,-0.05310485,0.005299568,1,3,3,3月3日,100,100,4.619,0.2136,4.445291379,0.000676004,-7.65E-07,4.25E-10,0.065174227,-0.023951514,0.002092542,-1.49E-05,2,2268,1,30,6.4,6.4,18,504.815,455.32,25.0001,28.2961,30.0002,28.2763,28.1562,19.2992,24.165,67.8154,25,403.418,17.2334,87.6517,101.315
179,1652233628,404,20220511 09:47:08,9:47:08,0,1652233628,0.00165538,1.655380245,7.955849987,400.031,258.2678016,25.99832887,40.26881179,0.097413429,3.019306518,0.095700502,0.059964204,117.1590014,27.31906417,26.6063,3.497229391,50.14753935,1.801819216,3.593036148,1.695410175,-73.00226881,74.81224163,5.338616044,124.3075903,8.0494344,1.647099624,7.955849987,410.5596064,407.3227697,-2.49E-05,66.83704872,1.655380245,17.24921535,17.89926923,-3.07E-07,86.59541668,0,0,1,0,53128.63518,-,-,0,0,#DIV/0!,0,-,-,0,0,#DIV/0!,0.5,597.161328,7.955849987,#DIV/0!,0.013322782,#DIV/0!,#DIV/0!,-,0,#DIV/0!,#DIV/0!,#DIV/0!,#DIV/0!,#DIV/0!,#DIV/0!,#DIV/0!,#DIV/0!,708.376,597.161328,0.843000508,0.165390981,2,0.5,0: Broadleaf,2,TRUE,1652233628,400.031,403.513,17.8993,17.2525,395.412,17.6857,500.191,100.564,0.100228,27.0659,26.6063,999.9,0,0,9993.12,0,3.33773,708.376,0.899986,0.100014,0,1.8471,0,3559.06,6840.66,40.437,43.625,42.187,42.5,40.687,637.53,70.85,0,1652233628,0,1.803516,0.126607694,-255.404615,3589.4032,15,1652233242,9:40:42,1652233241,1652233242,1,-0.285,-0.028,4.62,0.189,403,17,0.4,0.09,-3.500230244,0.114658955,0.042004517,1,1.800772727,0.068511771,0.180417409,1,0.655173512,-0.052079352,0.005199365,1,3,3,3月3日,100,100,4.619,0.2136,4.445291379,0.000676004,-7.65E-07,4.25E-10,0.065174227,-0.023951514,0.002092542,-1.49E-05,2,2268,1,30,6.5,6.4,18,504.866,455.262,25.0001,28.2961,30.0002,28.2769,28.1574,19.298,24.165,67.8154,25,403.428,17.2317,87.6523,101.315
180,1652233630,406,20220511 09:47:10,9:47:10,0,1652233630,0.001649857,1.649856724,7.986487081,400.04,257.3330947,25.90394988,40.26927092,0.097083972,3.018670864,0.095382151,0.059764261,116.8764076,27.31999005,26.6055,3.49706459,50.14066325,1.801688493,3.593268171,1.695376097,-72.75868151,75.10570235,5.360694112,124.5841225,7.987139013,1.64191134,7.986487081,410.5800773,407.3299394,1.98E-06,66.83704872,1.649856724,17.25077552,17.8987956,3.78E-08,86.59541668,0,0,1,0,53108.83695,-,-,0,0,#DIV/0!,0,-,-,0,0,#DIV/0!,0.5,595.725972,7.986487081,#DIV/0!,0.01340631,#DIV/0!,#DIV/0!,-,0,#DIV/0!,#DIV/0!,#DIV/0!,#DIV/0!,#DIV/0!,#DIV/0!,#DIV/0!,#DIV/0!,706.674,595.725972,0.842999703,0.165389426,2,0.5,0: Broadleaf,2,TRUE,1652233630,400.04,403.497,17.8982,17.2533,395.421,17.6846,500.085,100.563,0.100111,27.067,26.6055,999.9,0,0,9989.38,0,3.33773,706.674,0.900009,0.0999911,0,1.827,0,3549.65,6824.26,40.437,43.625,42.25,42.5,40.687,636.01,70.66,0,1652233630,0,1.784134615,0.255347012,-256.6970942,3582.836538,15,1652233242,9:40:42,1652233241,1652233242,1,-0.285,-0.028,4.62,0.189,403,17,0.4,0.09,-3.502203902,0.223061394,0.040574061,1,1.794134286,0.03343092,0.174183043,1,0.653364024,-0.048033972,0.004769671,1,3,3,3月3日,100,100,4.619,0.2136,4.445291379,0.000676004,-7.65E-07,4.25E-10,0.065174227,-0.023951514,0.002092542,-1.49E-05,2,2268,1,30,6.5,6.5,18,504.861,455.252,25.0001,28.2973,30.0003,28.2781,28.1581,19.2981,24.165,67.8154,25,403.388,17.2315,87.6536,101.314
181,1652233632,408,20220511 09:47:12,9:47:12,0,1652233632,0.001645249,1.645248733,8.016347327,400.039,256.3704718,25.80723897,40.26946629,0.096738978,3.021900123,0.095050889,0.05955602,116.6486326,27.31789731,26.611,3.498197736,50.14491527,1.801661472,3.592909595,1.696536263,-72.55546912,74.01304745,5.277160537,123.3833714,7.892214875,1.640518761,8.016347327,410.5944774,407.3329091,1.20E-05,66.83704872,1.645248733,17.25236185,17.89841978,-1.39E-07,86.59541668,0,0,1,0,53208.69287,-,-,0,0,#DIV/0!,0,-,-,0,0,#DIV/0!,0.5,594.562872,8.016347327,#DIV/0!,0.013482758,#DIV/0!,#DIV/0!,-,0,#DIV/0!,#DIV/0!,#DIV/0!,#DIV/0!,#DIV/0!,#DIV/0!,#DIV/0!,#DIV/0!,705.294,594.562872,0.843000043,0.165390082,2,0.5,0: Broadleaf,2,TRUE,1652233632,400.039,403.457,17.8978,17.2536,395.42,17.6842,500.204,100.564,0.099851,27.0653,26.611,999.9,0,0,10008.8,0,3.33773,705.294,0.9,0.0999997,0,1.8045,0,3543.33,6810.93,40.437,43.625,42.187,42.5,40.687,634.76,70.53,0,1652233633,0,1.773265385,0.114355555,-254.677265,3572.715,15,1652233242,9:40:42,1652233241,1652233242,1,-0.285,-0.028,4.62,0.189,403,17,0.4,0.09,-3.495842195,0.30054,0.04350694,1,1.790536364,-0.219774529,0.176367897,1,0.651725976,-0.0444037,0.004395268,1,3,3,3月3日,100,100,4.619,0.2136,4.445291379,0.000676004,-7.65E-07,4.25E-10,0.065174227,-0.023951514,0.002092542,-1.49E-05,2,2268,1,30,6.5,6.5,18,504.804,455.26,25.0001,28.2986,30.0003,28.2787,28.1592,19.2987,24.165,67.8154,25,403.465,17.2326,87.6538,101.314
182,1652233634,410,20220511 09:47:14,9:47:14,0,1652233634,0.001640798,1.640798212,7.968113675,400.017,256.7614655,25.8466698,40.26736369,0.096455378,3.018168931,0.094775044,0.059382935,116.288711,27.31555041,26.6129,3.49858926,50.15146035,1.801716816,3.592551051,1.696872445,-72.35920116,73.33588641,5.235348035,122.5007442,7.948441241,1.642174168,7.968113675,410.5512267,407.3093212,-4.20E-05,66.83704872,1.640798212,17.25312017,17.89748132,-1.39E-07,86.59541668,0,0,1,0,53094.00093,-,-,0,0,#DIV/0!,0,-,-,0,0,#DIV/0!,0.5,592.726215,7.968113675,#DIV/0!,0.013443161,#DIV/0!,#DIV/0!,-,0,#DIV/0!,#DIV/0!,#DIV/0!,#DIV/0!,#DIV/0!,#DIV/0!,#DIV/0!,#DIV/0!,703.115,592.726215,0.843000384,0.165390741,2,0.5,0: Broadleaf,2,TRUE,1652233634,400.017,403.458,17.8983,17.2534,395.398,17.6847,500.165,100.564,0.100131,27.0636,26.6129,999.9,0,0,9986.25,0,3.33773,703.115,0.899986,0.100014,0,2.194,0,3531.31,6789.85,40.437,43.625,42.187,42.5,40.687,632.79,70.32,0,1652233634,0,1.80432,-0.064861537,-260.9038458,3563.62,15,1652233242,9:40:42,1652233241,1652233242,1,-0.285,-0.028,4.62,0.189,403,17,0.4,0.09,-3.483500244,0.302599861,0.043529608,1,1.781393939,-0.158110581,0.17597499,1,0.650310439,-0.043480934,0.004309203,1,3,3,3月3日,100,100,4.619,0.2136,4.445291379,0.000676004,-7.65E-07,4.25E-10,0.065174227,-0.023951514,0.002092542,-1.49E-05,2,2268,1,30,6.5,6.5,18,504.86,455.135,25,28.2992,30.0003,28.2799,28.1604,19.2982,24.165,67.8154,25,403.447,17.2232,87.653,101.314
183,1652233636,412,20220511 09:47:16,9:47:16,0,1652233636,0.00163967,1.639670496,7.990670221,399.992,256.4096063,25.81122815,40.26481269,0.096482363,3.020957746,0.09480262,0.05940012,116.0046286,27.3116908,26.6049,3.496940994,50.1581895,1.801715277,3.592066011,1.695225717,-72.30946889,74.3319849,5.301286351,123.3284309,8.066255282,1.640018997,7.990670221,410.5379066,407.2866848,-6.03E-05,66.83704872,1.639670496,17.25351337,17.89747802,-1.41E-07,86.59541668,0,0,1,0,53180.34203,-,-,0,0,#DIV/0!,0,-,-,0,0,#DIV/0!,0.5,591.283272,7.990670221,#DIV/0!,0.013514115,#DIV/0!,#DIV/0!,-,0,#DIV/0!,#DIV/0!,#DIV/0!,#DIV/0!,#DIV/0!,#DIV/0!,#DIV/0!,#DIV/0!,701.404,591.283272,0.842999572,0.165389175,2,0.5,0: Broadleaf,2,TRUE,1652233636,399.992,403.48,17.8983,17.2542,395.373,17.6847,500.129,100.564,0.100045,27.0613,26.6049,999.9,0,0,10003.1,0,3.33773,701.404,0.90001,0.0999901,0,1.7236,0,3522.21,6773.38,40.437,43.625,42.25,42.5,40.687,631.27,70.13,0,1652233636,0,1.807146154,0.04708376,-261.4294019,3557.060385,15,1652233242,9:40:42,1652233241,1652233242,1,-0.285,-0.028,4.62,0.189,403,17,0.4,0.09,-3.476971707,0.241667247,0.041045717,1,1.792402857,0.213245401,0.182161192,1,0.649064171,-0.041078091,0.004102053,1,3,3,3月3日,100,100,4.619,0.2136,4.445291379,0.000676004,-7.65E-07,4.25E-10,0.065174227,-0.023951514,0.002092542,-1.49E-05,2,2268,1,30,6.6,6.6,18,504.979,455.106,24.9999,28.3004,30.0003,28.2811,28.161,19.2989,24.165,67.8154,25,403.482,17.2234,87.6523,101.313
184,1652233638,414,20220511 09:47:18,9:47:18,0,1652233638,0.001643518,1.6435179,8.027505156,399.996,256.2153207,25.79134722,40.26471055,0.096780916,3.024047528,0.095092553,0.059582085,115.6781157,27.3080115,26.5988,3.495684646,50.15876694,1.801672556,3.591939488,1.694012089,-72.4791394,75.30468881,5.36499151,123.8686566,8.014196341,1.634564044,8.027505156,410.5622148,407.2959515,2.84E-06,66.83704872,1.6435179,17.25347036,17.89888791,-2.66E-07,86.59541668,0,0,1,0,53275.74795,-,-,0,0,#DIV/0!,0,-,-,0,0,#DIV/0!,0.5,589.616901,8.027505156,#DIV/0!,0.013614781,#DIV/0!,#DIV/0!,-,0,#DIV/0!,#DIV/0!,#DIV/0!,#DIV/0!,#DIV/0!,#DIV/0!,#DIV/0!,#DIV/0!,699.427,589.616901,0.842999914,0.165389834,2,0.5,0: Broadleaf,2,TRUE,1652233638,399.996,403.462,17.8981,17.2562,395.376,17.6845,500.174,100.563,0.099783,27.0607,26.5988,999.9,0,0,10021.9,0,3.33773,699.427,0.899998,0.100002,0,1.8022,0,3512.54,6754.26,40.437,43.625,42.187,42.5,40.687,629.48,69.94,0,1652233639,0,1.824038462,-0.044321365,-261.4690599,3546.495,15,1652233242,9:40:42,1652233241,1652233242,1,-0.285,-0.028,4.62,0.189,403,17,0.4,0.09,-3.474333902,0.190355749,0.040083559,1,1.808539394,0.255651314,0.178844849,1,0.647889293,-0.036819345,0.003728931,1,3,3,3月3日,100,100,4.62,0.2136,4.445291379,0.000676004,-7.65E-07,4.25E-10,0.065174227,-0.023951514,0.002092542,-1.49E-05,2,2268,1,30,6.6,6.6,18,504.865,455.166,24.9999,28.301,30.0003,28.2823,28.1622,19.3002,24.165,67.8154,25,403.502,17.2205,87.6523,101.314
185,1652233640,416,20220511 09:47:20,9:47:20,0,1652233640,0.001640365,1.640365257,7.972151635,400.02,256.9447739,25.86511416,40.26765288,0.096624637,3.019824558,0.094939363,0.059486069,115.4938466,27.30697512,26.5968,3.495272814,50.16434352,1.801756509,3.59170754,1.693516305,-72.34010782,75.34605292,5.375361701,123.8751534,7.952723859,1.63344833,7.972151635,410.5533335,407.308703,3.74E-05,66.83704872,1.640365257,17.25392009,17.89823626,1.46E-07,86.59541668,0,0,1,0,53145.71358,-,-,0,0,#DIV/0!,0,-,-,0,0,#DIV/0!,0.5,588.674757,7.972151635,#DIV/0!,0.01354254,#DIV/0!,#DIV/0!,-,0,#DIV/0!,#DIV/0!,#DIV/0!,#DIV/0!,#DIV/0!,#DIV/0!,#DIV/0!,#DIV/0!,698.309,588.674757,0.843000387,0.165390746,2,0.5,0: Broadleaf,2,TRUE,1652233640,400.02,403.462,17.8987,17.2571,395.401,17.6851,500.066,100.564,0.100099,27.0596,26.5968,999.9,0,0,9996.25,0,3.33773,698.309,0.899991,0.100009,0,1.6915,0,3507.11,6743.46,40.437,43.625,42.187,42.5,40.687,628.47,69.84,0,1652233640,0,1.787228,0.268269227,-266.0338458,3537.3704,15,1652233242,9:40:42,1652233241,1652233242,1,-0.285,-0.028,4.62,0.189,403,17,0.4,0.09,-3.471038049,0.243195052,0.041406058,1,1.806348485,0.081220882,0.178051215,1,0.64665539,-0.034297066,0.003477151,1,3,3,3月3日,100,100,4.619,0.2136,4.445291379,0.000676004,-7.65E-07,4.25E-10,0.065174227,-0.023951514,0.002092542,-1.49E-05,2,2268,1,30,6.7,6.6,18,504.72,455.172,24.9998,28.3022,30.0002,28.2835,28.1629,19.2974,24.165,67.8154,25,403.455,17.215,87.653,101.314
186,1652233642,418,20220511 09:47:22,9:47:22,0,1652233642,0.001637336,1.637336341,7.965869273,400.002,256.9847781,25.86936927,40.26619601,0.09657941,3.022528015,0.094897176,0.059459437,115.2614734,27.30390312,26.5857,3.492987919,50.17268113,1.801812663,3.5912226,1.691175255,-72.20653266,76.8474701,5.47720548,125.3796163,7.980782303,1.63576044,7.965869273,410.5373197,407.2960667,-1.37E-05,66.83704872,1.637336341,17.25576814,17.89878681,6.03E-08,86.59541668,0,0,1,0,53229.50206,-,-,0,0,#DIV/0!,0,-,-,0,0,#DIV/0!,0.5,587.495643,7.965869273,#DIV/0!,0.013559027,#DIV/0!,#DIV/0!,-,0,#DIV/0!,#DIV/0!,#DIV/0!,#DIV/0!,#DIV/0!,#DIV/0!,#DIV/0!,#DIV/0!,696.911,587.495643,0.842999526,0.165389086,2,0.5,0: Broadleaf,2,TRUE,1652233642,400.002,403.455,17.8991,17.2567,395.382,17.6855,500.15,100.565,0.0999867,27.0573,26.5857,999.9,0,0,10012.5,0,3.33773,696.911,0.900016,0.0999838,0,1.3869,0,3500.09,6730,40.437,43.625,42.187,42.5,40.687,627.23,69.68,0,1652233642,0,1.75755,0.066588029,-260.2608549,3530.870385,15,1652233242,9:40:42,1652233241,1652233242,1,-0.285,-0.028,4.62,0.189,403,17,0.4,0.09,-3.463165366,0.167620139,0.036749607,1,1.800768571,-0.490555773,0.186548451,1,0.645545024,-0.030198732,0.003073472,1,3,3,3月3日,100,100,4.62,0.2136,4.445291379,0.000676004,-7.65E-07,4.25E-10,0.065174227,-0.023951514,0.002092542,-1.49E-05,2,2268,1,30,6.7,6.7,18,504.798,455.214,24.9998,28.3034,30.0001,28.2835,28.164,19.3011,24.165,67.8154,25,403.528,17.2143,87.6532,101.314
187,1652233644,420,20220511 09:47:24,9:47:24,0,1652233644,0.00163758,1.637580488,8.04487456,399.972,255.7843235,25.74854427,40.26320538,0.096677384,3.02056071,0.09499069,0.059518273,115.0378248,27.30270955,26.579,3.491609379,50.17327828,1.801834108,3.5912226,1.689775271,-72.21729953,77.88850952,5.554833789,126.2638686,7.962868857,1.633149179,8.04487456,410.5455479,407.2727455,-5.51E-05,66.83704872,1.637580488,17.25700316,17.90004286,-1.62E-08,86.59541668,0,0,1,0,53168.8323,-,-,0,0,#DIV/0!,0,-,-,0,0,#DIV/0!,0.5,586.354371,8.04487456,#DIV/0!,0.013720158,#DIV/0!,#DIV/0!,-,0,#DIV/0!,#DIV/0!,#DIV/0!,#DIV/0!,#DIV/0!,#DIV/0!,#DIV/0!,#DIV/0!,695.557,586.354371,0.842999741,0.165389501,2,0.5,0: Broadleaf,2,TRUE,1652233644,399.972,403.417,17.8993,17.258,395.353,17.6857,500.208,100.565,0.10006,27.0573,26.579,999.9,0,0,10000.6,0,3.33773,695.557,0.900008,0.0999925,0,1.8549,0,3492.61,6716.91,40.437,43.625,42.187,42.5,40.625,626.01,69.55,0,1652233645,0,1.782626923,-0.495353854,-252.2444445,3520.631923,15,1652233242,9:40:42,1652233241,1652233242,1,-0.285,-0.028,4.62,0.189,403,17,0.4,0.09,-3.453096098,0.010912683,0.020528516,1,1.781521212,-0.379729316,0.187852693,1,0.644657366,-0.024336732,0.002531506,1,3,3,3月3日,100,100,4.619,0.2136,4.445291379,0.000676004,-7.65E-07,4.25E-10,0.065174227,-0.023951514,0.002092542,-1.49E-05,2,2268,1,30,6.7,6.7,18,504.839,455.173,24.9998,28.304,30.0002,28.2847,28.1652,19.3018,24.165,67.8154,25,403.569,17.2137,87.6528,101.314
188,1652233646,422,20220511 09:47:26,9:47:26,0,1652233646,0.001636487,1.636487172,8.018936538,399.963,255.9756498,25.76727177,40.26146755,0.0965148,3.01991236,0.094833367,0.059419485,114.6285095,27.30178862,26.587,3.493255452,50.17068346,1.801857279,3.591454521,1.691398172,-72.1690843,76.74840544,5.474948397,124.6827791,8.178300667,1.631341832,8.018936538,410.5129939,407.2496667,-5.43E-05,66.83704872,1.636487172,17.25680508,17.89962418,3.16E-07,86.59541668,0,0,1,0,53148.61044,-,-,0,0,#DIV/0!,0,-,-,0,0,#DIV/0!,0.5,584.265687,8.018936538,#DIV/0!,0.013724812,#DIV/0!,#DIV/0!,-,0,#DIV/0!,#DIV/0!,#DIV/0!,#DIV/0!,#DIV/0!,#DIV/0!,#DIV/0!,#DIV/0!,693.079,584.265687,0.84300013,0.165390251,2,0.5,0: Broadleaf,2,TRUE,1652233646,399.963,403.495,17.8999,17.2591,395.343,17.6863,500.044,100.563,0.0999802,27.0584,26.587,999.9,0,0,9996.88,0,3.33773,693.079,0.89999,0.10001,0,1.5317,0,3479.85,6692.95,40.437,43.625,42.187,42.5,40.625,623.76,69.31,0,1652233646,0,1.762928,-0.690092311,-258.4892305,3511.5664,15,1652233242,9:40:42,1652233241,1652233242,1,-0.285,-0.028,4.62,0.189,403,17,0.4,0.09,-3.454152927,-0.033399303,0.020613687,1,1.765866667,-0.108293779,0.174967645,1,0.643850732,-0.020398683,0.002135048,1,3,3,3月3日,100,100,4.62,0.2136,4.445291379,0.000676004,-7.65E-07,4.25E-10,0.065174227,-0.023951514,0.002092542,-1.49E-05,2,2268,1,30,6.8,6.7,18,504.756,455.044,24.9999,28.3052,30.0003,28.2859,28.1658,19.3,24.165,67.8154,25,403.567,17.2074,87.6524,101.313
189,1652233648,424,20220511 09:47:28,9:47:28,0,1652233648,0.001634003,1.634003031,8.20371419,399.938,252.677305,25.43549807,40.25934275,0.096365656,3.021470331,0.094690215,0.05932949,114.5296556,27.30173278,26.587,3.493255452,50.17061112,1.801854681,3.591454521,1.69140077,-72.05953369,76.78799989,5.474948397,124.7330702,8.367798792,1.631719937,8.20371419,410.5526714,407.2150364,-7.65E-05,66.83704872,1.634003031,17.25784531,17.89954066,1.95E-07,86.59541668,0,0,1,0,53196.6614,-,-,0,0,#DIV/0!,0,-,-,0,0,#DIV/0!,0.5,583.767657,8.20371419,#DIV/0!,0.014053047,#DIV/0!,#DIV/0!,-,0,#DIV/0!,#DIV/0!,#DIV/0!,#DIV/0!,#DIV/0!,#DIV/0!,#DIV/0!,#DIV/0!,692.489,583.767657,0.842999177,0.165388411,2,0.5,0: Broadleaf,2,TRUE,1652233648,399.938,403.545,17.8997,17.2589,395.319,17.6861,500.16,100.564,0.0999598,27.0584,26.587,999.9,0,0,10006.2,0,3.33773,692.489,0.900023,0.0999774,0,2.082,0,3476.85,6687.31,40.437,43.625,42.187,42.5,40.625,623.26,69.23,0,1652233648,0,1.799323077,-0.149073509,-245.7979489,3505.324231,15,1652233242,9:40:42,1652233241,1652233242,1,-0.285,-0.028,4.62,0.189,403,17,0.4,0.09,-3.467769756,-0.187266481,0.041122032,1,1.780648571,0.185349511,0.182290698,1,0.643165659,-0.017179296,0.001804052,1,3,3,3月3日,100,100,4.619,0.2136,4.445291379,0.000676004,-7.65E-07,4.25E-10,0.065174227,-0.023951514,0.002092542,-1.49E-05,2,2268,1,30,6.8,6.8,18,504.76,455.087,25,28.3058,30.0003,28.2865,28.167,19.3011,24.165,67.8154,25,403.526,17.2079,87.6522,101.313
190,1652233650,426,20220511 09:47:30,9:47:30,0,1652233650,0.001631384,1.631383563,8.278434927,399.966,251.3768034,25.30486049,40.26260059,0.09629976,3.020254666,0.094625927,0.059289168,114.0804652,27.29821197,26.5796,3.491732811,50.17588559,1.801864272,3.591096103,1.689868539,-71.94401515,77.68522428,5.540897328,125.3625717,8.119551941,1.629346029,8.278434927,410.6211382,407.2527939,4.60E-05,66.83704872,1.631383563,17.25891737,17.89951758,-1.05E-08,86.59541668,0,0,1,0,53159.50485,-,-,0,0,#DIV/0!,0,-,-,0,0,#DIV/0!,0.5,581.466714,8.278434927,#DIV/0!,0.01423716,#DIV/0!,#DIV/0!,-,0,#DIV/0!,#DIV/0!,#DIV/0!,#DIV/0!,#DIV/0!,#DIV/0!,#DIV/0!,#DIV/0!,689.758,581.466714,0.843001044,0.165392015,2,0.5,0: Broadleaf,2,TRUE,1652233650,399.966,403.473,17.8996,17.2598,395.347,17.686,500.213,100.565,0.100058,27.0567,26.5796,999.9,0,0,9998.75,0,3.32678,689.758,0.899971,0.100029,0,1.9682,0,3462.45,6660.85,40.437,43.625,42.187,42.5,40.687,620.76,69,0,1652233651,0,1.772542308,0.075818793,-244.9326496,3495.214615,15,1652233242,9:40:42,1652233241,1652233242,1,-0.285,-0.028,4.62,0.189,403,17,0.4,0.09,-3.476731463,-0.359374913,0.051649608,1,1.776654545,-0.161214823,0.1876358,1,0.642580463,-0.015242697,0.001609439,1,3,3,3月3日,100,100,4.619,0.2136,4.445291379,0.000676004,-7.65E-07,4.25E-10,0.065174227,-0.023951514,0.002092542,-1.49E-05,2,2268,1,30,6.8,6.8,18,504.863,455.093,25,28.307,30.0003,28.2877,28.1677,19.3029,24.165,67.8154,25,403.5,17.2022,87.6528,101.313
191,1652233652,428,20220511 09:47:32,9:47:32,0,1652233652,0.001633849,1.633848701,7.993590401,400.028,256.7118577,25.84165399,40.26843659,0.096680832,3.017444923,0.09499231,0.059519445,113.8437423,27.29584029,26.5607,3.487846534,50.17967104,1.801936738,3.59096961,1.685909797,-72.05272769,80.5899335,5.752867083,128.1338152,8.009731962,1.628630392,7.993590401,410.576791,407.3228121,0.000156921,66.83704872,1.633848701,17.25866793,17.90041868,-1.48E-07,86.59541668,0,0,1,0,53073.03397,-,-,0,0,#DIV/0!,0,-,-,0,0,#DIV/0!,0.5,580.264899,7.993590401,#DIV/0!,0.013775761,#DIV/0!,#DIV/0!,-,0,#DIV/0!,#DIV/0!,#DIV/0!,#DIV/0!,#DIV/0!,#DIV/0!,#DIV/0!,#DIV/0!,688.333,580.264899,0.843000261,0.165390505,2,0.5,0: Broadleaf,2,TRUE,1652233652,400.028,403.492,17.9005,17.2608,395.409,17.6868,500.071,100.564,0.100045,27.0561,26.5607,999.9,0,0,9981.88,0,3.29942,688.333,0.899996,0.100004,0,1.7898,0,3455.07,6647.12,40.375,43.625,42.187,42.5,40.687,619.5,68.84,0,1652233652,0,1.771276,0.631492294,-252.0507689,3486.3028,15,1652233242,9:40:42,1652233241,1652233242,1,-0.285,-0.028,4.62,0.189,403,17,0.4,0.09,-3.479108293,-0.32689547,0.0513137,1,1.796745455,-0.066176604,0.184409699,1,0.642051463,-0.014607847,0.00154796,1,3,3,3月3日,100,100,4.619,0.2137,4.445291379,0.000676004,-7.65E-07,4.25E-10,0.065174227,-0.023951514,0.002092542,-1.49E-05,2,2268,1,30,6.8,6.8,18,504.993,455.017,24.9999,28.3082,30.0002,28.2883,28.1688,19.3007,24.165,67.8154,25,403.504,17.2017,87.653,101.313
192,1652233654,430,20220511 09:47:34,9:47:34,0,1652233654,0.001632862,1.632861763,7.978973578,400.045,256.9494674,25.8653325,40.26977384,0.09666187,3.018462205,0.094974562,0.059508246,113.7538114,27.29439893,26.5571,3.487106719,50.18216524,1.801909934,3.590737716,1.685196785,-72.00920376,81.0239314,5.781762587,128.5503016,8.064913065,1.626974052,7.978973578,410.5750652,407.328303,6.21E-05,66.83704872,1.632861763,17.2594833,17.90069451,9.53E-08,86.59541668,0,0,1,0,53104.5338,-,-,0,0,#DIV/0!,0,-,-,0,0,#DIV/0!,0.5,579.807843,7.978973578,#DIV/0!,0.01376141,#DIV/0!,#DIV/0!,-,0,#DIV/0!,#DIV/0!,#DIV/0!,#DIV/0!,#DIV/0!,#DIV/0!,#DIV/0!,#DIV/0!,687.791,579.807843,0.843000044,0.165390084,2,0.5,0: Broadleaf,2,TRUE,1652233654,400.045,403.53,17.9004,17.2615,395.426,17.6867,500.188,100.563,0.10011,27.055,26.5571,999.9,0,0,9988.12,0,3.28301,687.791,0.899993,0.100007,0,1.4266,0,3452.45,6641.89,40.375,43.625,42.187,42.5,40.625,619.01,68.78,0,1652233654,0,1.757884615,0.445517938,-247.3517951,3480.200769,15,1652233242,9:40:42,1652233241,1652233242,1,-0.285,-0.028,4.62,0.189,403,17,0.4,0.09,-3.483758537,-0.218834843,0.048471778,1,1.787665714,-0.21334638,0.190961419,1,0.641577073,-0.014229533,0.001503667,1,3,3,3月3日,100,100,4.619,0.2137,4.445291379,0.000676004,-7.65E-07,4.25E-10,0.065174227,-0.023951514,0.002092542,-1.49E-05,2,2268,1,30,6.9,6.9,18,504.94,455.094,24.9999,28.3088,30.0003,28.2895,28.17,19.2997,24.165,67.8154,25,403.484,17.197,87.6525,101.313
193,1652233656,432,20220511 09:47:36,9:47:36,0,1652233656,0.001628042,1.62804182,8.018403138,400.05,255.6261441,25.73254467,40.2709376,0.096176681,3.023766757,0.094508988,0.059215544,113.382825,27.29020034,26.5735,3.490478097,50.1926545,1.801979752,3.590126423,1.688498345,-71.79664426,78.0200862,5.558020359,125.1642873,7.87518608,1.626220511,8.018403138,410.609079,407.3464364,3.51E-05,66.83704872,1.62804182,17.26072024,17.90003407,2.70E-07,86.59541668,0,0,1,0,53268.65163,-,-,0,0,#DIV/0!,0,-,-,0,0,#DIV/0!,0.5,577.9185,8.018403138,#DIV/0!,0.013874626,#DIV/0!,#DIV/0!,-,0,#DIV/0!,#DIV/0!,#DIV/0!,#DIV/0!,#DIV/0!,#DIV/0!,#DIV/0!,#DIV/0!,685.55,577.9185,0.842999781,0.165389578,2,0.5,0: Broadleaf,2,TRUE,1652233656,400.05,403.459,17.9008,17.2622,395.431,17.6871,500.191,100.565,0.0997609,27.0521,26.5735,999.9,0,0,10020,0,3.28301,685.55,0.900013,0.0999867,0,1.6477,0,3441.05,6620.28,40.375,43.625,42.187,42.5,40.625,617,68.55,0,1652233657,0,1.758923077,-0.322543605,-250.8882052,3470.154615,15,1652233242,9:40:42,1652233241,1652233242,1,-0.285,-0.028,4.62,0.189,403,17,0.4,0.09,-3.484856585,-0.114445923,0.047794854,1,1.761712121,-0.16483901,0.200033415,1,0.641020341,-0.01409216,0.001481566,1,3,3,3月3日,100,100,4.619,0.2137,4.445291379,0.000676004,-7.65E-07,4.25E-10,0.065174227,-0.023951514,0.002092542,-1.49E-05,2,2268,1,30,6.9,6.9,18,504.764,455.065,24.9999,28.31,30.0003,28.2907,28.1706,19.3017,24.165,67.8154,25,403.499,17.1935,87.6533,101.312
194,1652233658,434,20220511 09:47:38,9:47:38,0,1652233658,0.001628643,1.628643139,7.954156187,400.036,256.7191011,25.84258264,40.26955277,0.096205323,3.021089954,0.094535194,0.059232136,112.9750478,27.28850854,26.5745,3.490683761,50.19231889,1.80203118,3.59025289,1.688652581,-71.82316243,77.88586937,5.553419576,124.5911743,7.908028726,1.624943928,7.954156187,410.5723238,407.3350667,-1.51E-05,66.83704872,1.628643139,17.26132738,17.90108132,-9.95E-08,86.59541668,0,0,1,0,53185.96429,-,-,0,0,#DIV/0!,0,-,-,0,0,#DIV/0!,0.5,575.838186,7.954156187,#DIV/0!,0.013813179,#DIV/0!,#DIV/0!,-,0,#DIV/0!,#DIV/0!,#DIV/0!,#DIV/0!,#DIV/0!,#DIV/0!,#DIV/0!,#DIV/0!,683.082,575.838186,0.843000088,0.16539017,2,0.5,0: Broadleaf,2,TRUE,1652233658,400.036,403.459,17.9013,17.263,395.417,17.6876,500.033,100.565,0.0998221,27.0527,26.5745,999.9,0,0,10003.8,0,3.28301,683.082,0.899996,0.100004,0,1.7856,0,3427.36,6596.42,40.375,43.625,42.187,42.5,40.625,614.77,68.31,0,1652233658,0,1.767552,-0.362838474,-261.8730767,3461.028,15,1652233242,9:40:42,1652233241,1652233242,1,-0.285,-0.028,4.62,0.189,403,17,0.4,0.09,-3.477710244,0.016738328,0.053188023,1,1.748745455,0.064924296,0.211256944,1,0.640464366,-0.013151561,0.001371011,1,3,3,3月3日,100,100,4.619,0.2137,4.445291379,0.000676004,-7.65E-07,4.25E-10,0.065174227,-0.023951514,0.002092542,-1.49E-05,2,2268,1,30,7,6.9,18,504.712,455.091,25,28.3106,30.0001,28.2919,28.1718,19.2986,24.165,67.8154,25,403.523,17.1904,87.6537,101.312
195,1652233660,436,20220511 09:47:40,9:47:40,0,1652233660,0.001629755,1.629755155,7.933295669,400.031,257.1951997,25.89003568,40.26831323,0.096302481,3.020325993,0.094628594,0.05929084,112.7456768,27.28806831,26.5719,3.490149057,50.18928144,1.802038499,3.590484757,1.688110557,-71.87220232,78.46865163,5.596346374,124.9384725,8.042598298,1.623983445,7.933295669,410.5386965,407.3107455,-5.21E-05,66.83704872,1.629755155,17.26199641,17.90206264,4.37E-08,86.59541668,0,0,1,0,53162.17401,-,-,0,0,#DIV/0!,0,-,-,0,0,#DIV/0!,0.5,574.666686,7.933295669,#DIV/0!,0.013805038,#DIV/0!,#DIV/0!,-,0,#DIV/0!,#DIV/0!,#DIV/0!,#DIV/0!,#DIV/0!,#DIV/0!,#DIV/0!,#DIV/0!,681.692,574.666686,0.843000484,0.165390934,2,0.5,0: Broadleaf,2,TRUE,1652233660,400.031,403.507,17.9017,17.2639,395.412,17.688,500.129,100.563,0.0999817,27.0538,26.5719,999.9,0,0,9999.38,0,3.28301,681.692,0.899988,0.100012,0,1.761,0,3420.3,6582.98,40.375,43.625,42.187,42.5,40.625,613.51,68.18,0,1652233660,0,1.761165385,-0.424516249,-258.6977781,3454.409615,15,1652233242,9:40:42,1652233241,1652233242,1,-0.285,-0.028,4.62,0.189,403,17,0.4,0.09,-3.476400976,0.122493031,0.053803012,1,1.748902857,0.000648141,0.205809212,1,0.640110293,-0.013372265,0.001385629,1,3,3,3月3日,100,100,4.619,0.2137,4.445291379,0.000676004,-7.65E-07,4.25E-10,0.065174227,-0.023951514,0.002092542,-1.49E-05,2,2268,1,30,7,7,18,504.831,455.147,25.0001,28.3118,30.0001,28.2932,28.1725,19.2967,24.165,67.8154,25,403.381,17.1878,87.653,101.312
196,1652233662,438,20220511 09:47:42,9:47:42,0,1652233662,0.001628385,1.628385068,8.031693837,400.009,255.3771136,25.70653402,40.26533475,0.096188721,3.018843288,0.094517944,0.05922141,112.4670439,27.28522469,26.5744,3.490663194,50.19417977,1.802034511,3.590126423,1.688628683,-71.81178151,77.74657276,5.547593553,123.9494288,7.974740564,1.621387308,8.031693837,410.5774465,407.3097212,-2.60E-05,66.83704872,1.628385068,17.2629044,17.90235055,2.24E-07,86.59541668,0,0,1,0,53116.74275,-,-,0,0,#DIV/0!,0,-,-,0,0,#DIV/0!,0.5,573.252315,8.031693837,#DIV/0!,0.014010748,#DIV/0!,#DIV/0!,-,0,#DIV/0!,#DIV/0!,#DIV/0!,#DIV/0!,#DIV/0!,#DIV/0!,#DIV/0!,#DIV/0!,680.015,573.252315,0.842999515,0.165389063,2,0.5,0: Broadleaf,2,TRUE,1652233662,400.009,403.457,17.902,17.2653,395.389,17.6883,500.192,100.561,0.100072,27.0521,26.5744,999.9,0,0,9990.62,0,3.27207,680.015,0.900013,0.0999874,0,1.6988,0,3411.78,6566.83,40.375,43.625,42.187,42.5,40.625,612.02,67.99,0,1652233663,0,1.765311538,-0.296003426,-267.8800001,3444.143462,15,1652233242,9:40:42,1652233241,1652233242,1,-0.285,-0.028,4.62,0.189,403,17,0.4,0.09,-3.478973415,0.197524599,0.052702876,1,1.768736364,-0.117266205,0.196156088,1,0.639754512,-0.01438823,0.001459508,1,3,3,3月3日,100,100,4.62,0.2137,4.445291379,0.000676004,-7.65E-07,4.25E-10,0.065174227,-0.023951514,0.002092542,-1.49E-05,2,2268,1,30,7,7,18,504.955,455.038,24.9999,28.313,30.0002,28.2932,28.1735,19.2997,24.4423,67.8154,25,403.53,17.1871,87.6525,101.312
197,1652233664,440,20220511 09:47:44,9:47:44,0,1652233664,0.001624159,1.624158742,8.049486318,399.991,254.915622,25.66004103,40.26346205,0.096071039,3.02142098,0.094405705,0.059150785,112.1963917,27.28345639,26.5628,3.488278156,50.19678486,1.802011658,3.589894577,1.686266498,-71.62540051,79.52331193,5.669171376,125.7634745,7.966148087,1.619232028,8.049486318,410.5650388,407.2893879,-3.87E-05,66.83704872,1.624158742,17.26359091,17.90152418,2.89E-07,86.59541668,0,0,1,0,53196.38637,-,-,0,0,#DIV/0!,0,-,-,0,0,#DIV/0!,0.5,571.869342,8.049486318,#DIV/0!,0.014075744,#DIV/0!,#DIV/0!,-,0,#DIV/0!,#DIV/0!,#DIV/0!,#DIV/0!,#DIV/0!,#DIV/0!,#DIV/0!,#DIV/0!,678.374,571.869342,0.843000088,0.165390171,2,0.5,0: Broadleaf,2,TRUE,1652233664,399.991,403.436,17.9018,17.2658,395.372,17.6881,500.077,100.561,0.09992,27.051,26.5628,999.9,0,0,10006.2,0,3.24471,678.374,0.900002,0.0999981,0,1.7227,0,3403.32,6550.97,40.375,43.625,42.187,42.5,40.625,610.54,67.84,0,1652233664,0,1.753684,-0.371353858,-267.4615382,3434.5496,15,1652233242,9:40:42,1652233241,1652233242,1,-0.285,-0.028,4.62,0.189,403,17,0.4,0.09,-3.478447073,0.290331638,0.053049023,1,1.763330303,-0.27234914,0.199013751,1,0.639164951,-0.015263436,0.001558473,1,3,3,3月3日,100,100,4.619,0.2137,4.445291379,0.000676004,-7.65E-07,4.25E-10,0.065174227,-0.023951514,0.002092542,-1.49E-05,2,2268,1,30,7,7,18,504.965,454.914,24.9998,28.313,30.0003,28.2944,28.1747,19.3,24.4423,67.8154,25,403.546,17.1808,87.6525,101.312
198,1652233666,442,20220511 09:47:46,9:47:46,0,1652233666,0.001619277,1.619277106,8.026128636,399.996,255.0955551,25.67814413,40.26395104,0.095905345,3.023899069,0.094247031,0.059050999,112.104534,27.28108566,26.5519,3.48603834,50.2047534,1.801990885,3.58928341,1.684047455,-71.41012038,80.8927304,5.761672835,127.3488169,8.034689268,1.619716226,8.026128636,410.5300611,407.2644303,-4.79E-05,66.83704872,1.619277106,17.26502003,17.90094725,1.08E-07,86.59541668,0,0,1,0,53273.35836,-,-,0,0,#DIV/0!,0,-,-,0,0,#DIV/0!,0.5,571.4022,8.026128636,#DIV/0!,0.014046373,#DIV/0!,#DIV/0!,-,0,#DIV/0!,#DIV/0!,#DIV/0!,#DIV/0!,#DIV/0!,#DIV/0!,#DIV/0!,#DIV/0!,677.82,571.4022,0.842999911,0.165389829,2,0.5,0: Broadleaf,2,TRUE,1652233666,399.996,403.468,17.9016,17.2655,395.376,17.6879,500.148,100.561,0.0998842,27.0481,26.5519,999.9,0,0,10021.2,0,3.20367,677.82,0.899998,0.100002,0,1.9026,0,3400.51,6545.61,40.375,43.625,42.187,42.5,40.625,610.04,67.78,0,1652233666,0,1.762803846,0.307381186,-259.2964105,3428.25,15,1652233242,9:40:42,1652233241,1652233242,1,-0.285,-0.028,4.62,0.189,403,17,0.4,0.09,-3.479488537,0.344024111,0.052713384,1,1.770791429,0.051583562,0.198679044,1,0.638591073,-0.016276265,0.001663121,1,3,3,3月3日,100,100,4.62,0.2137,4.445291379,0.000676004,-7.65E-07,4.25E-10,0.065174227,-0.023951514,0.002092542,-1.49E-05,2,2268,1,30,7.1,7.1,18,504.897,454.952,24.9999,28.3143,30.0003,28.2956,28.1753,19.2984,24.4423,67.8154,25,403.383,17.1798,87.6525,101.312
199,1652233668,444,20220511 09:47:48,9:47:48,0,1652233668,0.001620134,1.620134213,8.054818952,399.977,254.6511859,25.63373027,40.26253597,0.095946363,3.020610606,0.094284871,0.059074926,111.6960127,27.27706476,26.5531,3.486284863,50.21010451,1.802003084,3.588925181,1.684281779,-71.4479188,80.33250354,5.727984837,126.3085822,8.115404493,1.620122926,8.054818952,410.5505256,407.2733091,-7.02E-06,66.83704872,1.620134213,17.26569467,17.9019011,-3.24E-07,86.59541668,0,0,1,0,53172.23715,-,-,0,0,#DIV/0!,0,-,-,0,0,#DIV/0!,0.5,569.315442,8.054818952,#DIV/0!,0.014148253,#DIV/0!,#DIV/0!,-,0,#DIV/0!,#DIV/0!,#DIV/0!,#DIV/0!,#DIV/0!,#DIV/0!,#DIV/0!,#DIV/0!,675.344,569.315442,0.843000666,0.165391286,2,0.5,0: Broadleaf,2,TRUE,1652233668,399.977,403.481,17.9015,17.2653,395.358,17.6878,500.195,100.562,0.100128,27.0464,26.5531,999.9,0,0,10001.2,0,3.17631,675.344,0.899982,0.100018,0,2.1188,0,3388.1,6521.68,40.375,43.625,42.187,42.5,40.625,607.8,67.55,0,1652233669,0,1.747376923,0.877346995,-261.4793163,3418.036538,15,1652233242,9:40:42,1652233241,1652233242,1,-0.285,-0.028,4.62,0.189,403,17,0.4,0.09,-3.474580244,0.189406202,0.047280887,1,1.749366667,0.111005831,0.185973836,1,0.638145073,-0.015438481,0.001600644,1,3,3,3月3日,100,100,4.619,0.2137,4.445291379,0.000676004,-7.65E-07,4.25E-10,0.065174227,-0.023951514,0.002092542,-1.49E-05,2,2268,1,30,7.1,7.1,18,504.949,454.995,24.9999,28.3155,30.0003,28.2962,28.1765,19.3005,24.4423,67.8154,25,403.516,17.177,87.6526,101.311
200,1652233670,446,20220511 09:47:50,9:47:50,0,1652233670,0.00161978,1.619779518,8.050789147,400.009,254.8684558,25.65557563,40.26571716,0.096026476,3.019377902,0.094361567,0.059123161,111.3264319,27.27512343,26.5446,3.484538981,50.20949368,1.801981162,3.588925181,1.68255782,-71.43227676,81.68335598,5.826435478,127.4039466,7.992055669,1.616943072,8.050789147,410.5748838,407.2982485,4.67E-05,66.83704872,1.619779518,17.26558834,17.9018022,-1.29E-08,86.59541668,0,0,1,0,53134.2445,-,-,0,0,#DIV/0!,0,-,-,0,0,#DIV/0!,0.5,567.435915,8.050789147,#DIV/0!,0.014188015,#DIV/0!,#DIV/0!,-,0,#DIV/0!,#DIV/0!,#DIV/0!,#DIV/0!,#DIV/0!,#DIV/0!,#DIV/0!,#DIV/0!,673.115,567.435915,0.842999955,0.165389914,2,0.5,0: Broadleaf,2,TRUE,1652233670,400.009,403.464,17.9013,17.2662,395.39,17.6876,500.078,100.562,0.100028,27.0464,26.5446,999.9,0,0,9993.75,0,3.14895,673.115,0.900002,0.0999978,0,1.7939,0,3375.77,6500.18,40.375,43.625,42.187,42.5,40.625,605.8,67.31,0,1652233670,0,1.783372,0.519007683,-260.887692,3408.4836,15,1652233242,9:40:42,1652233241,1652233242,1,-0.285,-0.028,4.62,0.189,403,17,0.4,0.09,-3.464676829,-0.034673101,0.030091083,1,1.776109091,0.196957799,0.187929462,1,0.637701463,-0.013859164,0.001469649,1,3,3,3月3日,100,100,4.619,0.2137,4.445291379,0.000676004,-7.65E-07,4.25E-10,0.065174227,-0.023951514,0.002092542,-1.49E-05,2,2268,1,30,7.2,7.1,18,504.959,454.884,25,28.3161,30.0003,28.2974,28.1772,19.2992,24.726,67.8154,25,403.36,17.1743,87.6526,101.311
201,1652233672,448,20220511 09:47:52,9:47:52,0,1652233672,0.001618934,1.618934153,7.962159115,400.023,256.2153209,25.79114282,40.26710927,0.095923818,3.018240385,0.09426182,0.059060563,111.1438414,27.27207083,26.5488,3.485401557,50.21541142,1.801950195,3.588440569,1.683451362,-71.39499616,80.59490675,5.751018084,126.0947701,7.955913515,1.622222635,7.962159115,410.5576126,407.3173818,5.56E-05,66.83704872,1.618934153,17.26520452,17.90101209,1.33E-07,86.59541668,0,0,1,0,53099.60939,-,-,0,0,#DIV/0!,0,-,-,0,0,#DIV/0!,0.5,566.505243,7.962159115,#DIV/0!,0.014054873,#DIV/0!,#DIV/0!,-,0,#DIV/0!,#DIV/0!,#DIV/0!,#DIV/0!,#DIV/0!,#DIV/0!,#DIV/0!,#DIV/0!,672.011,566.505243,0.842999955,0.165389914,2,0.5,0: Broadleaf,2,TRUE,1652233672,400.023,403.464,17.901,17.2639,395.404,17.6874,500.136,100.562,0.0999851,27.0441,26.5488,999.9,0,0,9986.88,0,3.13254,672.011,0.899996,0.100004,0,1.709,0,3370.44,6489.51,40.375,43.625,42.187,42.437,40.625,604.81,67.2,0,1652233672,0,1.766011538,-0.142348722,-253.477949,3401.951154,15,1652233242,9:40:42,1652233241,1652233242,1,-0.285,-0.028,4.62,0.189,403,17,0.4,0.09,-3.458529268,-0.048162857,0.028599104,1,1.752651429,0.057233659,0.190465812,1,0.637204073,-0.014067429,0.001489959,1,3,3,3月3日,100,100,4.619,0.2136,4.445291379,0.000676004,-7.65E-07,4.25E-10,0.065174227,-0.023951514,0.002092542,-1.49E-05,2,2268,1,30,7.2,7.2,18,504.825,454.892,24.9999,28.3173,30.0004,28.298,28.1783,19.2994,24.726,67.8154,25,403.543,17.1712,87.6528,101.311
202,1652233674,450,20220511 09:47:54,9:47:54,0,1652233674,0.001617318,1.617318113,7.958875185,399.988,255.7625859,25.74557829,40.26359966,0.095593407,3.018859737,0.093943064,0.058860319,110.783341,27.26576936,26.5677,3.489285455,50.22590608,1.801840074,3.587471515,1.687445381,-71.32372879,76.78675507,5.478546941,121.7249143,8.089410602,1.678681055,7.958875185,410.5388512,407.3007939,-1.84E-05,66.83704872,1.617318113,17.26519667,17.9003,-2.21E-08,86.59541668,0,0,1,0,53119.50159,-,-,0,0,#DIV/0!,0,-,-,0,0,#DIV/0!,0.5,564.662985,7.958875185,#DIV/0!,0.014094912,#DIV/0!,#DIV/0!,-,0,#DIV/0!,#DIV/0!,#DIV/0!,#DIV/0!,#DIV/0!,#DIV/0!,#DIV/0!,#DIV/0!,669.825,564.662985,0.843000761,0.165391469,2,0.5,0: Broadleaf,2,TRUE,1652233674,399.988,403.491,17.8999,17.2407,395.369,17.6863,500.192,100.562,0.100019,27.0395,26.5677,999.9,0,0,9990.62,0,3.15716,669.825,0.899981,0.100019,0,1.6092,0,3358.79,6468.37,40.375,43.625,42.187,42.5,40.625,602.83,67,0,1652233675,0,1.778273077,0.210348719,-257.9063248,3391.636923,15,1652233242,9:40:42,1652233241,1652233242,1,-0.285,-0.028,4.62,0.189,403,17,0.4,0.09,-3.456553902,-0.064511289,0.028320347,1,1.7699,0.441000254,0.19605938,1,0.637649244,0.001666683,0.003025578,1,3,3,3月3日,100,100,4.619,0.2136,4.445291379,0.000676004,-7.65E-07,4.25E-10,0.065174227,-0.023951514,0.002092542,-1.49E-05,2,2268,1,30,7.2,7.2,18,504.849,454.901,24.9999,28.3179,30.0004,28.2992,28.1795,19.2998,24.726,67.8154,25,403.538,17.17,87.6526,101.31
203,1652233676,452,20220511 09:47:56,9:47:56,0,1652233676,0.001606464,1.606463978,8.113557734,399.987,252.3071277,25.39799078,40.26388882,0.094979465,3.019394351,0.093350341,0.058488006,110.5026161,27.2663669,26.5626,3.488237047,50.21636214,1.801444801,3.587366197,1.686792246,-70.84506143,77.54914865,5.531807265,122.7385105,8.005981402,1.738365491,8.113557734,410.5609807,407.2596545,-8.24E-05,66.83704872,1.606463978,17.26659886,17.89758791,1.66E-07,86.59541668,0,0,1,0,53136.08336,-,-,0,0,#DIV/0!,0,-,-,0,0,#DIV/0!,0.5,563.237685,8.113557734,#DIV/0!,0.014405211,#DIV/0!,#DIV/0!,-,0,#DIV/0!,#DIV/0!,#DIV/0!,#DIV/0!,#DIV/0!,#DIV/0!,#DIV/0!,#DIV/0!,668.135,563.237685,0.84299982,0.165389653,2,0.5,0: Broadleaf,2,TRUE,1652233676,399.987,403.467,17.8958,17.213,395.368,17.6823,500.075,100.563,0.0999936,27.039,26.5626,999.9,0,0,9993.75,0,3.1982,668.135,0.900006,0.0999941,0,1.8364,0,3349.95,6452.1,40.375,43.625,42.187,42.5,40.625,601.33,66.81,0,1652233676,0,1.790632,-0.096007691,-264.7069227,3382.3936,15,1652233242,9:40:42,1652233241,1652233242,1,-0.285,-0.028,4.62,0.189,403,17,0.4,0.09,-3.45905561,-0.155909268,0.030439946,1,1.774748485,0.143339291,0.177657544,1,0.640615951,0.052816118,0.010075787,1,3,3,3月3日,100,100,4.619,0.2135,4.445291379,0.000676004,-7.65E-07,4.25E-10,0.065174227,-0.023951514,0.002092542,-1.49E-05,2,2268,1,30,7.2,7.2,18,504.875,454.886,24.9999,28.3191,30.0002,28.3004,28.1796,19.2995,24.726,67.8154,25,403.409,17.1752,87.652,101.31
204,1652233678,454,20220511 09:47:58,9:47:58,0,1652233678,0.00163408,1.634079734,8.035929781,399.993,255.9308135,25.76247046,40.26403741,0.096647587,3.02330459,0.094963424,0.059501011,110.4126026,27.25970298,26.5576,3.487209463,50.18870148,1.800568801,3.5875979,1.686640662,-72.06291626,78.64383158,5.602529318,122.5960472,7.955647523,1.7432642,8.035929781,410.5429303,407.2734303,-4.47E-06,66.83704872,1.634079734,17.24776922,17.88948791,2.69E-07,86.59541668,0,0,1,0,53256.45139,-,-,0,0,#DIV/0!,0,-,-,0,0,#DIV/0!,0.5,562.777557,8.035929781,#DIV/0!,0.014279052,#DIV/0!,#DIV/0!,-,0,#DIV/0!,#DIV/0!,#DIV/0!,#DIV/0!,#DIV/0!,#DIV/0!,#DIV/0!,#DIV/0!,667.589,562.777557,0.843000045,0.165390087,2,0.5,0: Broadleaf,2,TRUE,1652233678,399.993,403.453,17.8873,17.2027,395.374,17.6741,500.17,100.562,0.0998551,27.0401,26.5576,999.9,0,0,10017.5,0,3.22556,667.589,0.900002,0.0999977,0,1.7842,0,3348.11,6446.82,40.375,43.625,42.187,42.437,40.625,600.83,66.76,0,1652233678,0,1.769153846,-0.225873504,-257.0608549,3376.101154,15,1652233242,9:40:42,1652233241,1652233242,1,-0.285,-0.028,4.62,0.189,403,17,0.4,0.09,-3.464923171,-0.096045784,0.026664598,1,1.778197143,-0.225902935,0.173967241,1,0.645135366,0.116464432,0.01640448,0,2,3,2月3日,100,100,4.619,0.2132,4.445291379,0.000676004,-7.65E-07,4.25E-10,0.065174227,-0.023951514,0.002092542,-1.49E-05,2,2268,1,30,7.3,7.3,18,504.849,454.877,24.9999,28.3203,30.0002,28.301,28.1807,19.2999,24.726,67.8154,25,403.498,17.1804,87.6517,101.311
205,1652233680,456,20220511 09:48:00,9:48:00,0,1652233680,0.001684608,1.684608408,7.93132602,400.014,261.5153625,26.32491019,40.26659284,0.099598735,3.022495114,0.097810705,0.061289664,110.0475622,27.24320398,26.5601,3.487723222,50.16451668,1.799521517,3.587239819,1.688201705,-74.29123081,77.93839027,5.553783355,119.248505,7.993182143,1.724405689,7.93132602,410.517538,407.2903879,3.76E-05,66.83704872,1.684608408,17.2172903,17.87886484,-7.15E-07,86.59541668,0,0,1,0,53231.79642,-,-,0,0,#DIV/0!,0,-,-,0,0,#DIV/0!,0.5,560.914014,7.93132602,#DIV/0!,0.014140003,#DIV/0!,#DIV/0!,-,0,#DIV/0!,#DIV/0!,#DIV/0!,#DIV/0!,#DIV/0!,#DIV/0!,#DIV/0!,#DIV/0!,665.378,560.914014,0.843000541,0.165391044,2,0.5,0: Broadleaf,2,TRUE,1652233680,400.014,403.486,17.8767,17.1995,395.395,17.6638,500.171,100.563,0.0999589,27.0384,26.5601,999.9,0,0,10012.5,0,3.22829,665.378,0.899988,0.100012,0,1.671,0,3336.37,6425.44,40.312,43.625,42.187,42.5,40.625,598.83,66.55,0,1652233681,0,1.784034615,-0.250335039,-261.6680343,3365.985,15,1652233242,9:40:42,1652233241,1652233242,1,-0.285,-0.028,4.62,0.189,403,17,0.4,0.09,-3.469371951,-0.027894564,0.023057323,1,1.782454545,0.016290205,0.170821465,1,0.649404171,0.161050997,0.019519991,0,2,3,2月3日,100,100,4.619,0.2129,4.445291379,0.000676004,-7.65E-07,4.25E-10,0.065174227,-0.023951514,0.002092542,-1.49E-05,2,2268,1,30,7.3,7.3,18,504.921,454.753,24.9999,28.3203,30.0002,28.3022,28.182,19.298,24.726,67.8154,25,403.415,17.1813,87.6515,101.31
206,1652233682,458,20220511 09:48:02,9:48:02,0,1652233682,0.001697399,1.697398628,8.00693711,400.015,261.385655,26.31216138,40.26716476,0.100455056,3.018064574,0.098633833,0.061807025,109.6791888,27.23753663,26.5497,3.485586419,50.14385967,1.798717132,3.587113444,1.686869287,-74.85527951,79.41870087,5.667264344,119.9098745,8.027917777,1.706883549,8.00693711,410.5416055,407.2830485,-4.27E-07,66.83704872,1.697398628,17.2035015,17.87029121,-2.41E-06,86.59541668,0,0,1,0,53095.3524,-,-,0,0,#DIV/0!,0,-,-,0,0,#DIV/0!,0.5,559.041171,8.00693711,#DIV/0!,0.014322625,#DIV/0!,#DIV/0!,-,0,#DIV/0!,#DIV/0!,#DIV/0!,#DIV/0!,#DIV/0!,#DIV/0!,#DIV/0!,#DIV/0!,663.157,559.041171,0.842999729,0.165389476,2,0.5,0: Broadleaf,2,TRUE,1652233682,400.015,403.499,17.8685,17.198,395.396,17.656,500.04,100.564,0.100137,27.0378,26.5497,999.9,0,0,9985.62,0,3.22829,663.157,0.900008,0.099992,0,1.9211,0,3324.46,6404.02,40.312,43.625,42.187,42.437,40.625,596.85,66.31,0,1652233682,0,1.792548,0.073215392,-258.7238459,3356.5676,15,1652233242,9:40:42,1652233241,1652233242,1,-0.285,-0.028,4.62,0.189,403,17,0.4,0.09,-3.470967805,-0.051859233,0.023599932,1,1.77930303,0.109176969,0.168609958,1,0.653021561,0.178824544,0.020474413,0,2,3,2月3日,100,100,4.619,0.2125,4.445291379,0.000676004,-7.65E-07,4.25E-10,0.065174227,-0.023951514,0.002092542,-1.49E-05,2,2268,1,30,7.3,7.3,18,504.88,454.796,24.9999,28.3215,30.0002,28.3028,28.1831,19.2978,24.726,67.8154,25,403.406,17.1813,87.6516,101.31
207,1652233684,460,20220511 09:48:04,9:48:04,0,1652233684,0.001691436,1.691435605,7.955483167,400.029,261.9204171,26.36572035,40.26815803,0.10020613,3.019187435,0.098394495,0.061656599,109.4064773,27.23741145,26.5381,3.48320441,50.12846853,1.798165034,3.587113444,1.685039376,-74.59231017,81.33638537,5.801613852,121.9521664,7.89386633,1.693214318,7.955483167,410.557814,407.3210303,5.62E-05,66.83704872,1.691435605,17.19985349,17.86407582,-3.07E-06,86.59541668,0,0,1,0,53129.92022,-,-,0,0,#DIV/0!,0,-,-,0,0,#DIV/0!,0.5,557.649558,7.955483167,#DIV/0!,0.014266098,#DIV/0!,#DIV/0!,-,0,#DIV/0!,#DIV/0!,#DIV/0!,#DIV/0!,#DIV/0!,#DIV/0!,#DIV/0!,#DIV/0!,661.506,557.649558,0.843,0.16539,2,0.5,0: Broadleaf,2,TRUE,1652233684,400.029,403.456,17.8632,17.1983,395.41,17.6508,500.216,100.563,0.100097,27.0378,26.5381,999.9,0,0,9992.5,0,3.22829,661.506,0.899998,0.100002,0,1.728,0,3316.2,6388.07,40.375,43.625,42.187,42.5,40.625,595.35,66.15,0,1652233684,0,1.780688462,0.226102573,-253.8170943,3350.053462,15,1652233242,9:40:42,1652233241,1652233242,1,-0.285,-0.028,4.62,0.189,403,17,0.4,0.09,-3.470779024,0.00407561,0.024391888,1,1.791285714,-0.025484149,0.163505513,1,0.656088488,0.171103254,0.020144248,0,2,3,2月3日,100,100,4.619,0.2124,4.445291379,0.000676004,-7.65E-07,4.25E-10,0.065174227,-0.023951514,0.002092542,-1.49E-05,2,2268,1,30,7.4,7.4,18,504.905,454.872,25,28.3227,30.0003,28.304,28.1843,19.2989,24.726,67.8154,25,403.467,17.1813,87.652,101.31
208,1652233686,462,20220511 09:48:06,9:48:06,0,1652233686,0.001683883,1.683883077,7.912336069,400.03,262.0391288,26.37787518,40.26857156,0.099746551,3.022197608,0.097953088,0.06137913,109.1782062,27.23672633,26.5358,3.482732284,50.11694102,1.79763542,3.586881768,1.685096864,-74.2592437,81.61299816,5.815447171,122.3474078,7.749340188,1.678354454,7.912336069,410.5271846,407.3080788,4.12E-06,66.83704872,1.683883077,17.1981646,17.85945165,-2.44E-06,86.59541668,0,0,1,0,53222.94144,-,-,0,0,#DIV/0!,0,-,-,0,0,#DIV/0!,0.5,556.483929,7.912336069,#DIV/0!,0.014218445,#DIV/0!,#DIV/0!,-,0,#DIV/0!,#DIV/0!,#DIV/0!,#DIV/0!,#DIV/0!,#DIV/0!,#DIV/0!,#DIV/0!,660.123,556.483929,0.843000364,0.165390702,2,0.5,0: Broadleaf,2,TRUE,1652233686,400.03,403.397,17.8578,17.1987,395.411,17.6456,500.192,100.564,0.0998791,27.0367,26.5358,999.9,0,0,10010.6,0,3.22829,660.123,0.899989,0.100011,0,1.9468,0,3309.44,6374.69,40.312,43.625,42.187,42.437,40.625,594.1,66.02,0,1652233687,0,1.782030769,0.288704282,-255.4051283,3339.912308,15,1652233242,9:40:42,1652233241,1652233242,1,-0.285,-0.028,4.62,0.189,403,17,0.4,0.09,-3.465068537,0.148072265,0.032773236,1,1.77680303,0.081361278,0.17253688,1,0.658728805,0.142901164,0.01904729,0,2,3,2月3日,100,100,4.619,0.2122,4.445291379,0.000676004,-7.65E-07,4.25E-10,0.065174227,-0.023951514,0.002092542,-1.49E-05,2,2268,1,30,7.4,7.4,18,504.931,454.86,25,28.3239,30.0003,28.3052,28.1849,19.3,24.726,67.8154,25,403.452,17.1813,87.6523,101.309
209,1652233688,464,20220511 09:48:08,9:48:08,0,1652233688,0.001669645,1.669645215,7.84322593,400.007,262.084264,26.3827376,40.26674306,0.098915198,3.018806426,0.097149278,0.060874334,108.8552654,27.23808479,26.5315,3.481849764,50.10499899,1.797143759,3.586755405,1.684706004,-73.63135396,82.12359553,5.858260586,123.2057676,7.849313423,1.666145735,7.84322593,410.467534,407.2759576,-5.94E-05,66.83704872,1.669645215,17.19827415,17.85415934,-1.65E-06,86.59541668,0,0,1,0,53118.52557,-,-,0,0,#DIV/0!,0,-,-,0,0,#DIV/0!,0.5,554.842128,7.84322593,#DIV/0!,0.01413596,#DIV/0!,#DIV/0!,-,0,#DIV/0!,#DIV/0!,#DIV/0!,#DIV/0!,#DIV/0!,#DIV/0!,#DIV/0!,#DIV/0!,658.176,554.842128,0.842999635,0.165389296,2,0.5,0: Broadleaf,2,TRUE,1652233688,400.007,403.413,17.8527,17.1982,395.387,17.6407,500.046,100.565,0.100096,27.0361,26.5315,999.9,0,0,9990,0,3.22829,658.176,0.900012,0.0999882,0,1.7342,0,3298.92,6355.93,40.312,43.625,42.187,42.5,40.625,592.37,65.81,0,1652233688,0,1.7854,0.440876928,-259.367692,3330.722,15,1652233242,9:40:42,1652233241,1652233242,1,-0.285,-0.028,4.62,0.189,403,17,0.4,0.09,-3.454631951,0.226106132,0.039297526,1,1.799039394,0.054667864,0.178125121,1,0.660804976,0.09820108,0.017576651,1,3,3,3月3日,100,100,4.62,0.212,4.445291379,0.000676004,-7.65E-07,4.25E-10,0.065174227,-0.023951514,0.002092542,-1.49E-05,2,2268,1,30,7.5,7.4,18,504.858,454.886,24.9999,28.3251,30.0003,28.3058,28.1861,19.2997,24.726,67.4438,25,403.438,17.1813,87.6521,101.309
210,1652233690,466,20220511 09:48:10,9:48:10,0,1652233690,0.001659923,1.659922801,7.825863099,400.007,261.6407006,26.33784266,40.26637065,0.09834349,3.018582987,0.096597604,0.060527782,108.763656,27.24003219,26.5291,3.481357279,50.09836118,1.796905677,3.586755405,1.684451602,-73.20259554,82.50808792,5.88605325,123.9552016,7.955552787,1.66388729,7.825863099,410.4687808,407.2850424,-8.26E-06,66.83704872,1.659922801,17.19862738,17.85048242,-1.70E-06,86.59541668,0,0,1,0,53111.62091,-,-,0,0,#DIV/0!,0,-,-,0,0,#DIV/0!,0.5,554.3736,7.825863099,#DIV/0!,0.014116587,#DIV/0!,#DIV/0!,-,0,#DIV/0!,#DIV/0!,#DIV/0!,#DIV/0!,#DIV/0!,#DIV/0!,#DIV/0!,#DIV/0!,657.62,554.3736,0.842999909,0.165389824,2,0.5,0: Broadleaf,2,TRUE,1652233690,400.007,403.454,17.8505,17.1971,395.388,17.6386,500.21,100.564,0.100165,27.0361,26.5291,999.9,0,0,9988.75,0,3.22829,657.62,0.900008,0.0999919,0,1.8828,0,3296.83,6350.56,40.312,43.625,42.125,42.437,40.625,591.86,65.76,0,1652233690,0,1.797884615,0.337251287,-252.660855,3324.456538,15,1652233242,9:40:42,1652233241,1652233242,1,-0.285,-0.028,4.62,0.189,403,17,0.4,0.09,-3.447771707,0.19665115,0.037910109,1,1.792722857,0.207264188,0.165661886,1,0.662476415,0.040810787,0.015908054,1,3,3,3月3日,100,100,4.619,0.2119,4.445291379,0.000676004,-7.65E-07,4.25E-10,0.065174227,-0.023951514,0.002092542,-1.49E-05,2,2268,1,30,7.5,7.5,18,504.945,454.826,24.9999,28.3251,30.0004,28.307,28.1868,19.3002,24.726,67.4438,25,403.475,17.1813,87.6523,101.309
211,1652233692,468,20220511 09:48:12,9:48:12,0,1652233692,0.00165842,1.658419956,7.988903787,399.988,258.7965272,26.0509531,40.26355662,0.098215581,3.021239029,0.096475692,0.060451062,108.3956134,27.2369359,26.531,3.481747158,50.09712091,1.796734589,3.58650269,1.685012569,-73.13632004,82.07575531,5.850084014,123.1851327,8.098830575,1.672091301,7.988903787,410.5125019,407.2621939,-3.21E-05,66.83704872,1.658419956,17.19812789,17.84946923,-1.55E-06,86.59541668,0,0,1,0,53193.65153,-,-,0,0,#DIV/0!,0,-,-,0,0,#DIV/0!,0.5,552.502443,7.988903787,#DIV/0!,0.01445949,#DIV/0!,#DIV/0!,-,0,#DIV/0!,#DIV/0!,#DIV/0!,#DIV/0!,#DIV/0!,#DIV/0!,#DIV/0!,#DIV/0!,655.401,552.502443,0.842999085,0.165388233,2,0.5,0: Broadleaf,2,TRUE,1652233692,399.988,403.494,17.8492,17.1925,395.369,17.6373,500.151,100.562,0.0999114,27.0349,26.531,999.9,0,0,10005,0,3.22829,655.401,0.90003,0.0999704,0,1.5746,0,3285.6,6329.17,40.312,43.625,42.125,42.437,40.625,589.88,65.52,0,1652233693,0,1.764465385,-0.986902561,-254.7541882,3314.601538,15,1652233242,9:40:42,1652233241,1652233242,1,-0.285,-0.028,4.62,0.189,403,17,0.4,0.09,-3.450126098,0.164276237,0.037973437,1,1.775057576,-0.541479845,0.183395177,1,0.664347512,-0.023536829,0.013518574,1,3,3,3月3日,100,100,4.619,0.2119,4.445291379,0.000676004,-7.65E-07,4.25E-10,0.065174227,-0.023951514,0.002092542,-1.49E-05,2,2268,1,30,7.5,7.5,18,504.982,454.767,25,28.3263,30.0002,28.3076,28.1879,19.2987,24.726,67.4438,25,403.514,17.1813,87.6523,101.309
212,1652233694,470,20220511 09:48:14,9:48:14,0,1652233694,0.001653954,1.653954202,8.072753162,399.993,257.1198859,25.88218409,40.26406757,0.097977113,3.021040604,0.096245471,0.060306451,107.995461,27.23348411,26.5272,3.480967439,50.09631744,1.796463143,3.586018363,1.684504296,-72.93938029,82.31467037,5.867319372,123.2380705,8.09531812,1.678528923,8.072753162,410.5427873,407.2579515,-1.70E-05,66.83704872,1.653954202,17.19789814,17.84754945,-6.56E-07,86.59541668,0,0,1,0,53187.94064,-,-,0,0,#DIV/0!,0,-,-,0,0,#DIV/0!,0.5,550.4541,8.072753162,#DIV/0!,0.014665625,#DIV/0!,#DIV/0!,-,0,#DIV/0!,#DIV/0!,#DIV/0!,#DIV/0!,#DIV/0!,#DIV/0!,#DIV/0!,#DIV/0!,652.97,550.4541,0.843000597,0.165391153,2,0.5,0: Broadleaf,2,TRUE,1652233694,399.993,403.499,17.8465,17.1872,395.374,17.6347,500.098,100.562,0.0999305,27.0326,26.5272,999.9,0,0,10003.8,0,3.22829,652.97,0.899976,0.100024,0,1.817,0,3272.05,6305.6,40.312,43.625,42.187,42.437,40.625,587.66,65.31,0,1652233694,0,1.764492,-0.865592302,-255.7653844,3305.3776,15,1652233242,9:40:42,1652233241,1652233242,1,-0.285,-0.028,4.62,0.189,403,17,0.4,0.09,-3.456213902,0.104352334,0.040641793,1,1.753787879,-0.261836303,0.172256559,1,0.666099293,-0.079966453,0.011119433,1,3,3,3月3日,100,100,4.619,0.2118,4.445291379,0.000676004,-7.65E-07,4.25E-10,0.065174227,-0.023951514,0.002092542,-1.49E-05,2,2268,1,30,7.5,7.5,18,504.898,454.793,25,28.3275,30.0001,28.3088,28.1891,19.2983,24.726,67.4438,25,403.444,17.1813,87.6521,101.309
213,1652233696,472,20220511 09:48:16,9:48:16,0,1652233696,0.001653282,1.65328158,8.107986666,400.005,256.5129284,25.82131997,40.26563947,0.097943409,3.023931971,0.096214569,0.060286893,107.8053284,27.23128625,26.5241,3.480331465,50.08512759,1.795945868,3.585786749,1.684385597,-72.90971766,82.71950425,5.890414132,123.5055292,8.013613278,1.669805219,8.107986666,410.5487702,407.250497,-1.76E-05,66.83704872,1.65328158,17.19381122,17.84302308,-2.25E-07,86.59541668,0,0,1,0,53277.36543,-,-,0,0,#DIV/0!,0,-,-,0,0,#DIV/0!,0.5,549.489228,8.107986666,#DIV/0!,0.014755497,#DIV/0!,#DIV/0!,-,0,#DIV/0!,#DIV/0!,#DIV/0!,#DIV/0!,#DIV/0!,#DIV/0!,#DIV/0!,#DIV/0!,651.826,549.489228,0.842999862,0.165389734,2,0.5,0: Broadleaf,2,TRUE,1652233696,400.005,403.476,17.8412,17.1855,395.386,17.6296,500.233,100.563,0.0998404,27.0315,26.5241,999.9,0,0,10021.2,0,3.22829,651.826,0.900006,0.0999944,0,1.8016,0,3265.89,6294.6,40.312,43.625,42.125,42.437,40.562,586.65,65.18,0,1652233696,0,1.755238462,-0.725805127,-253.0803422,3298.876154,15,1652233242,9:40:42,1652233241,1652233242,1,-0.285,-0.028,4.62,0.189,403,17,0.4,0.09,-3.457251951,-0.022963902,0.041493444,1,1.755168571,-0.272198043,0.166806514,1,0.665719634,-0.099490202,0.011050708,1,3,3,3月3日,100,100,4.619,0.2116,4.445291379,0.000676004,-7.65E-07,4.25E-10,0.065174227,-0.023951514,0.002092542,-1.49E-05,2,2268,1,30,7.6,7.6,18,505.032,454.798,25,28.3281,30.0002,28.31,28.1897,19.297,24.726,67.4438,25,403.318,17.1813,87.6521,101.309
214,1652233698,474,20220511 09:48:18,9:48:18,0,1652233698,0.001652774,1.652773585,8.024399667,400.014,257.7440417,25.9450315,40.26621047,0.097840932,3.018964045,0.096112888,0.060223271,107.5277129,27.22952975,26.5278,3.481090542,50.07328098,1.795457817,3.585660419,1.685632726,-72.88731512,81.8837458,5.840585892,122.3647295,7.934480242,1.654507587,8.024399667,410.5336895,407.2682061,1.68E-05,66.83704872,1.652773585,17.18806463,17.83728681,-5.49E-07,86.59541668,0,0,1,0,53124.23777,-,-,0,0,#DIV/0!,0,-,-,0,0,#DIV/0!,0.5,548.077656,8.024399667,#DIV/0!,0.01464099,#DIV/0!,#DIV/0!,-,0,#DIV/0!,#DIV/0!,#DIV/0!,#DIV/0!,#DIV/0!,#DIV/0!,#DIV/0!,#DIV/0!,650.152,548.077656,0.842999262,0.165388575,2,0.5,0: Broadleaf,2,TRUE,1652233698,400.014,403.452,17.8365,17.1866,395.394,17.6251,500.076,100.562,0.100003,27.0309,26.5278,999.9,0,0,9991.25,0,3.22829,650.152,0.900031,0.0999691,0,1.9881,0,3257.95,6278.48,40.312,43.562,42.187,42.5,40.625,585.16,65,0,1652233699,0,1.747869231,-0.352512824,-256.6581198,3288.553462,15,1652233242,9:40:42,1652233241,1652233242,1,-0.285,-0.028,4.62,0.189,403,17,0.4,0.09,-3.454668293,-0.082105087,0.040371386,1,1.759021212,-0.594027128,0.162869985,1,0.662905683,-0.086061721,0.009951981,1,3,3,3月3日,100,100,4.62,0.2114,4.445291379,0.000676004,-7.65E-07,4.25E-10,0.065174227,-0.023951514,0.002092542,-1.49E-05,2,2268,1,30,7.6,7.6,18,504.975,454.891,25.0001,28.3294,30.0002,28.3106,28.1909,19.2978,24.726,67.4438,25,403.383,17.1813,87.6519,101.309
215,1652233700,476,20220511 09:48:20,9:48:20,0,1652233700,0.001654768,1.654768149,7.893666085,400.024,259.9186214,26.16365809,40.26680006,0.097865317,3.019361452,0.096136644,0.060238173,107.1686764,27.22644263,26.5351,3.482588605,50.07226735,1.795368759,3.585555147,1.687219846,-72.97527538,80.62484218,5.750229696,120.5684729,7.816614807,1.650270967,7.893666085,410.5089788,407.2966788,5.26E-05,66.83704872,1.654768149,17.18529448,17.83527253,-1.62E-06,86.59541668,0,0,1,0,53136.54964,-,-,0,0,#DIV/0!,0,-,-,0,0,#DIV/0!,0.5,546.239943,7.893666085,#DIV/0!,0.014450913,#DIV/0!,#DIV/0!,-,0,#DIV/0!,#DIV/0!,#DIV/0!,#DIV/0!,#DIV/0!,#DIV/0!,#DIV/0!,#DIV/0!,647.971,546.239943,0.843000602,0.165391162,2,0.5,0: Broadleaf,2,TRUE,1652233700,400.024,403.414,17.8358,17.1876,395.405,17.6244,500.104,100.561,0.0999605,27.0304,26.5351,999.9,0,0,9993.75,0,3.23924,647.971,0.899979,0.100021,0,1.57,0,3246.46,6257.33,40.312,43.562,42.125,42.5,40.562,583.16,64.81,0,1652233700,0,1.713228,-0.306015386,-263.490769,3279.4444,15,1652233242,9:40:42,1652233241,1652233242,1,-0.285,-0.028,4.62,0.189,403,17,0.4,0.09,-3.450203902,-0.062582091,0.041091755,1,1.746390909,-0.430022672,0.167773027,1,0.659508707,-0.068003812,0.007952135,1,3,3,3月3日,100,100,4.619,0.2114,4.445291379,0.000676004,-7.65E-07,4.25E-10,0.065174227,-0.023951514,0.002092542,-1.49E-05,2,2268,1,30,7.7,7.6,18,504.892,454.813,25,28.33,30.0002,28.3118,28.1916,19.2994,24.726,67.4438,25,403.383,17.1813,87.6518,101.309
216,1652233702,478,20220511 09:48:22,9:48:22,0,1652233702,0.001651889,1.651888744,7.828902593,400.026,260.7140238,26.24376486,40.26706399,0.09766087,3.019465728,0.095939401,0.060114265,107.077009,27.22713871,26.5369,3.482958077,50.0663834,1.795210493,3.585660419,1.687747584,-72.8482936,80.41600556,5.735203211,120.3799242,7.805753764,1.64506846,7.828902593,410.4878486,407.3028061,2.86E-05,66.83704872,1.651888744,17.18607071,17.83475824,-1.38E-06,86.59541668,0,0,1,0,53139.67435,-,-,0,0,#DIV/0!,0,-,-,0,0,#DIV/0!,0.5,545.771385,7.828902593,#DIV/0!,0.014344656,#DIV/0!,#DIV/0!,-,0,#DIV/0!,#DIV/0!,#DIV/0!,#DIV/0!,#DIV/0!,#DIV/0!,#DIV/0!,#DIV/0!,647.415,545.771385,0.843000834,0.16539161,2,0.5,0: Broadleaf,2,TRUE,1652233702,400.026,403.41,17.8342,17.1882,395.406,17.6228,500.226,100.561,0.100117,27.0309,26.5369,999.9,0,0,9994.38,0,3.26659,647.415,0.899976,0.100024,0,1.4057,0,3244.01,6251.96,40.312,43.625,42.125,42.437,40.562,582.66,64.76,0,1652233702,0,1.716711538,-0.273411969,-258.4700858,3272.998846,15,1652233242,9:40:42,1652233241,1652233242,1,-0.285,-0.028,4.62,0.189,403,17,0.4,0.09,-3.441413415,-0.011509129,0.04396962,1,1.736754286,-0.384603523,0.175191233,1,0.656609439,-0.055018348,0.006417421,1,3,3,3月3日,100,100,4.62,0.2114,4.445291379,0.000676004,-7.65E-07,4.25E-10,0.065174227,-0.023951514,0.002092542,-1.49E-05,2,2268,1,30,7.7,7.7,18,504.959,454.721,25,28.3312,30.0003,28.3124,28.1927,19.2998,24.726,67.4438,25,403.477,17.1813,87.6513,101.309
217,1652233704,480,20220511 09:48:24,9:48:24,0,1652233704,0.00164197,1.641969903,7.842869617,400.007,259.698389,26.14197,40.26582928,0.097069821,3.024460168,0.095371686,0.0597574,106.7070976,27.22492299,26.5357,3.482711758,50.06949612,1.795079654,3.585176192,1.687632104,-72.41087272,80.36965994,5.722332284,120.3882171,7.895693899,1.639797806,7.842869617,410.4696004,407.2783576,-3.06E-05,66.83704872,1.641969903,17.18761246,17.83256813,-3.54E-07,86.59541668,0,0,1,0,53294.18845,-,-,0,0,#DIV/0!,0,-,-,0,0,#DIV/0!,0.5,543.890172,7.842869617,#DIV/0!,0.014419951,#DIV/0!,#DIV/0!,-,0,#DIV/0!,#DIV/0!,#DIV/0!,#DIV/0!,#DIV/0!,#DIV/0!,#DIV/0!,#DIV/0!,645.184,543.890172,0.843000093,0.165390179,2,0.5,0: Broadleaf,2,TRUE,1652233704,400.007,403.427,17.8326,17.1885,395.388,17.6214,500.095,100.563,0.0998116,27.0286,26.5357,999.9,0,0,10024.4,0,3.28301,645.184,0.899997,0.100003,0,1.7249,0,3232.57,6230.44,40.312,43.625,42.125,42.437,40.562,580.66,64.52,0,1652233705,0,1.698819231,0.322929908,-266.0868377,3262.835385,15,1652233242,9:40:42,1652233241,1652233242,1,-0.285,-0.028,4.62,0.189,403,17,0.4,0.09,-3.433102195,0.023929756,0.045506758,1,1.72749697,-0.275914307,0.173551975,1,0.654196024,-0.048599854,0.005652707,1,3,3,3月3日,100,100,4.619,0.2112,4.445291379,0.000676004,-7.65E-07,4.25E-10,0.065174227,-0.023951514,0.002092542,-1.49E-05,2,2268,1,30,7.7,7.7,18,504.923,454.697,25,28.3324,30.0003,28.3136,28.1939,19.2993,24.726,67.4438,25,403.483,17.1813,87.6501,101.309
218,1652233706,482,20220511 09:48:26,9:48:26,0,1652233706,0.001639549,1.639548547,7.908675556,399.988,258.369309,26.00788635,40.26346042,0.09690047,3.028251811,0.095210279,0.059655826,106.3376243,27.21979199,26.5369,3.482958077,50.07667939,1.794978783,3.584460481,1.687979293,-72.30409091,79.71942421,5.668866019,119.4218237,7.987184307,1.636235521,7.908675556,410.4662103,407.2483515,-5.98E-05,66.83704872,1.639548547,17.18820493,17.83220989,-5.59E-07,86.59541668,0,0,1,0,53411.94124,-,-,0,0,#DIV/0!,0,-,-,0,0,#DIV/0!,0.5,542.011458,7.908675556,#DIV/0!,0.014591344,#DIV/0!,#DIV/0!,-,0,#DIV/0!,#DIV/0!,#DIV/0!,#DIV/0!,#DIV/0!,#DIV/0!,#DIV/0!,#DIV/0!,642.956,542.011458,0.8429993,0.165388649,2,0.5,0: Broadleaf,2,TRUE,1652233706,399.988,403.444,17.8318,17.1891,395.369,17.6206,500.096,100.562,0.0996709,27.0252,26.5369,999.9,0,0,10047.5,0,3.28301,642.956,0.900017,0.0999826,0,1.653,0,3220.53,6208.97,40.312,43.625,42.125,42.437,40.562,578.67,64.28,0,1652233706,0,1.732764,0.405146147,-264.2138459,3253.2932,15,1652233242,9:40:42,1652233241,1652233242,1,-0.285,-0.028,4.62,0.189,403,17,0.4,0.09,-3.435406341,0.050824808,0.044999591,1,1.740390909,0.008300738,0.172653763,1,0.652191878,-0.046110962,0.005380865,1,3,3,3月3日,100,100,4.619,0.2112,4.445291379,0.000676004,-7.65E-07,4.25E-10,0.065174227,-0.023951514,0.002092542,-1.49E-05,2,2268,1,30,7.8,7.7,18,504.917,454.651,25,28.333,30.0002,28.3149,28.1945,19.3003,24.726,67.4438,25,403.457,17.1813,87.6501,101.309
219,1652233708,484,20220511 09:48:28,9:48:28,0,1652233708,0.001636917,1.636917406,7.995542235,399.985,256.6582674,25.8358033,40.26339727,0.096705679,3.019584793,0.095017472,0.059535144,106.1173088,27.21911549,26.54,3.483594469,50.07621327,1.794898834,3.584334193,1.688695635,-72.18805762,78.8889331,5.625981588,118.4441659,7.938038817,1.632516364,7.995542235,410.4994528,407.2467455,-2.12E-05,66.83704872,1.636917406,17.18854641,17.83137692,-3.59E-07,86.59541668,0,0,1,0,53144.48092,-,-,0,0,#DIV/0!,0,-,-,0,0,#DIV/0!,0.5,540.879486,7.995542235,#DIV/0!,0.014782484,#DIV/0!,#DIV/0!,-,0,#DIV/0!,#DIV/0!,#DIV/0!,#DIV/0!,#DIV/0!,#DIV/0!,#DIV/0!,#DIV/0!,641.612,540.879486,0.843000888,0.165391715,2,0.5,0: Broadleaf,2,TRUE,1652233708,399.985,403.42,17.8309,17.1898,395.366,17.6197,500.205,100.562,0.100268,27.0246,26.54,999.9,0,0,9995,0,3.28301,641.612,0.899973,0.100027,0,1.8332,0,3214.14,6195.91,40.312,43.625,42.125,42.437,40.562,577.43,64.18,0,1652233708,0,1.753680769,0.16738119,-258.0827353,3246.730769,15,1652233242,9:40:42,1652233241,1652233242,1,-0.285,-0.028,4.62,0.189,403,17,0.4,0.09,-3.44302561,0.139471986,0.040357554,1,1.726034286,0.3494818,0.153467953,1,0.650600537,-0.049302627,0.005642484,1,3,3,3月3日,100,100,4.619,0.2112,4.445291379,0.000676004,-7.65E-07,4.25E-10,0.065174227,-0.023951514,0.002092542,-1.49E-05,2,2268,1,30,7.8,7.8,18,504.953,454.694,25,28.3342,30.0003,28.3155,28.1957,19.3014,24.726,67.4438,25,403.458,17.1813,87.6507,101.308
220,1652233710,486,20220511 09:48:30,9:48:30,0,1652233710,0.001632912,1.632912241,8.00212716,399.962,256.2245165,25.79261086,40.26181556,0.096481402,3.0194108,0.094800848,0.059399083,105.8370799,27.21853198,26.5388,3.483348112,50.07628309,1.794901337,3.584334193,1.688446775,-72.01142983,79.07972639,5.639879187,118.5452557,8.082095386,1.631755353,8.00212716,410.4862938,407.2304303,-2.56E-05,66.83704872,1.632912241,17.18899911,17.83035495,-1.85E-07,86.59541668,0,0,1,0,53139.1621,-,-,0,0,#DIV/0!,0,-,-,0,0,#DIV/0!,0.5,539.456715,8.00212716,#DIV/0!,0.014833678,#DIV/0!,#DIV/0!,-,0,#DIV/0!,#DIV/0!,#DIV/0!,#DIV/0!,#DIV/0!,#DIV/0!,#DIV/0!,#DIV/0!,639.925,539.456715,0.842999906,0.165389819,2,0.5,0: Broadleaf,2,TRUE,1652233710,399.962,403.455,17.8306,17.1897,395.342,17.6194,500.128,100.564,0.100102,27.0246,26.5388,999.9,0,0,9993.75,0,3.28301,639.925,0.899998,0.100002,0,1.5612,0,3205.64,6179.66,40.312,43.625,42.125,42.437,40.562,575.93,63.99,0,1652233711,0,1.75075,0.191661535,-258.1921369,3236.380769,15,1652233242,9:40:42,1652233241,1652233242,1,-0.285,-0.028,4.62,0.189,403,17,0.4,0.09,-3.446975366,0.175663066,0.039412081,1,1.725163636,0.703856334,0.158631112,1,0.649317049,-0.057499986,0.006157991,1,3,3,3月3日,100,100,4.62,0.2112,4.445291379,0.000676004,-7.65E-07,4.25E-10,0.065174227,-0.023951514,0.002092542,-1.49E-05,2,2268,1,30,7.8,7.8,18,504.917,454.62,25.0001,28.3348,30.0003,28.3167,28.1969,19.3013,24.726,67.4438,25,403.559,17.1813,87.6514,101.308
221,1652233712,488,20220511 09:48:32,9:48:32,0,1652233712,0.001628879,1.62887878,8.017421545,399.98,255.6901557,25.73879639,40.26359072,0.096262067,3.017859153,0.094588229,0.059265607,105.5214912,27.21673525,26.5363,3.482834916,50.07582085,1.794768833,3.584102673,1.688066082,-71.83355421,79.26686639,5.656030579,118.6108339,8.234227375,1.62640327,8.017421545,410.4960052,407.2337515,3.71E-06,66.83704872,1.62887878,17.18979377,17.82956703,-1.63E-07,86.59541668,0,0,1,0,53091.55656,-,-,0,0,#DIV/0!,0,-,-,0,0,#DIV/0!,0.5,537.845229,8.017421545,#DIV/0!,0.014906559,#DIV/0!,#DIV/0!,-,0,#DIV/0!,#DIV/0!,#DIV/0!,#DIV/0!,#DIV/0!,#DIV/0!,#DIV/0!,#DIV/0!,638.013,537.845229,0.843000423,0.165390817,2,0.5,0: Broadleaf,2,TRUE,1652233712,399.98,403.533,17.8293,17.1905,395.361,17.6181,500.127,100.564,0.10001,27.0235,26.5363,999.9,0,0,9984.38,0,3.28301,638.013,0.899985,0.100015,0,1.3803,0,3195.43,6161.18,40.312,43.625,42.125,42.437,40.562,574.2,63.81,0,1652233712,0,1.732184,-0.200700008,-261.2761536,3227.3376,15,1652233242,9:40:42,1652233241,1652233242,1,-0.285,-0.028,4.62,0.189,403,17,0.4,0.09,-3.451725122,0.054744251,0.043466788,1,1.744272727,0.103184966,0.135529912,1,0.647976561,-0.063811066,0.00654287,1,3,3,3月3日,100,100,4.619,0.2112,4.445291379,0.000676004,-7.65E-07,4.25E-10,0.065174227,-0.023951514,0.002092542,-1.49E-05,2,2268,1,30,7.8,7.8,18,504.844,454.562,25.0001,28.3354,30.0002,28.3172,28.1981,19.2981,24.726,67.4438,25,403.435,17.1813,87.652,101.308
222,1652233714,490,20220511 09:48:34,9:48:34,0,1652233714,0.001626907,1.626907247,8.126309656,400.003,253.6845894,25.53667389,40.26553679,0.096109576,3.01639081,0.094440191,0.059172692,105.3850527,27.21763886,26.5388,3.483348112,50.07072302,1.794702046,3.584334193,1.688646066,-71.74660961,79.00063148,5.639879187,118.2789538,8.109278806,1.623352235,8.126309656,410.5643977,407.2581455,4.44E-05,66.83704872,1.626907247,17.1897043,17.8286022,-2.43E-07,86.59541668,0,0,1,0,53046.13426,-,-,0,0,#DIV/0!,0,-,-,0,0,#DIV/0!,0.5,537.149001,8.126309656,#DIV/0!,0.015128595,#DIV/0!,#DIV/0!,-,0,#DIV/0!,#DIV/0!,#DIV/0!,#DIV/0!,#DIV/0!,#DIV/0!,#DIV/0!,#DIV/0!,637.187,537.149001,0.843000565,0.16539109,2,0.5,0: Broadleaf,2,TRUE,1652233714,400.003,403.505,17.8288,17.1913,395.384,17.6177,500.207,100.563,0.100087,27.0246,26.5388,999.9,0,0,9975.62,0,3.28301,637.187,0.899979,0.100021,0,1.9418,0,3191.49,6153.19,40.312,43.625,42.125,42.437,40.562,573.45,63.73,0,1652233714,0,1.744646154,0.357935037,-255.4451285,3220.855,15,1652233242,9:40:42,1652233241,1652233242,1,-0.285,-0.028,4.62,0.189,403,17,0.4,0.09,-3.455007073,-0.154203554,0.047976653,1,1.750665714,0.070924462,0.151190508,1,0.646124902,-0.062533693,0.006415629,1,3,3,3月3日,100,100,4.619,0.2111,4.445291379,0.000676004,-7.65E-07,4.25E-10,0.065174227,-0.023951514,0.002092542,-1.49E-05,2,2268,1,30,7.9,7.9,18,504.947,454.652,25,28.3366,30.0002,28.3185,28.1988,19.2994,24.726,67.4438,25,403.466,17.1813,87.6521,101.307
223,1652233716,492,20220511 09:48:36,9:48:36,0,1652233716,0.001626436,1.626436047,8.122288289,400.02,253.7547991,25.54367849,40.26714886,0.096096263,3.02166879,0.094430197,0.059166156,105.0139835,27.2165171,26.5375,3.483081242,50.06847563,1.794747955,3.584586774,1.688333286,-71.72582966,79.54612467,5.668900057,118.5031786,7.945442391,1.621171815,8.122288289,410.5757426,407.2703879,2.98E-05,66.83704872,1.626436047,17.19031976,17.82919121,-5.12E-07,86.59541668,0,0,1,0,53208.54086,-,-,0,0,#DIV/0!,0,-,-,0,0,#DIV/0!,0.5,535.261887,8.122288289,#DIV/0!,0.015174419,#DIV/0!,#DIV/0!,-,0,#DIV/0!,#DIV/0!,#DIV/0!,#DIV/0!,#DIV/0!,#DIV/0!,#DIV/0!,#DIV/0!,634.949,535.261887,0.842999811,0.165389635,2,0.5,0: Broadleaf,2,TRUE,1652233716,400.02,403.457,17.8293,17.1925,395.401,17.6182,500.084,100.563,0.099839,27.0258,26.5375,999.9,0,0,10007.5,0,3.28301,634.949,0.900001,0.0999986,0,1.6236,0,3179.92,6131.61,40.25,43.625,42.125,42.437,40.562,571.45,63.49,0,1652233717,0,1.736973077,-0.216789748,-258.9124787,3210.682692,15,1652233242,9:40:42,1652233241,1652233242,1,-0.285,-0.028,4.62,0.189,403,17,0.4,0.09,-3.455547073,-0.311181324,0.04864583,1,1.738572727,-0.02935401,0.16008971,1,0.644019122,-0.05246446,0.005366515,1,3,3,3月3日,100,100,4.619,0.2111,4.445291379,0.000676004,-7.65E-07,4.25E-10,0.065174227,-0.023951514,0.002092542,-1.49E-05,2,2268,1,30,7.9,7.9,18,504.833,454.644,25,28.3372,30.0002,28.3197,28.1999,19.299,24.726,67.4438,25,403.334,17.1813,87.6527,101.307
224,1652233718,494,20220511 09:48:38,9:48:38,0,1652233718,0.001626654,1.626653795,8.077541156,400.01,254.4989741,25.61862341,40.26619591,0.09610231,3.021883672,0.094436152,0.059169887,104.6881816,27.21458295,26.5381,3.48320441,50.06854238,1.794750348,3.584586774,1.688454062,-71.73543235,79.45403202,5.661951369,118.0687326,8.014795248,1.618513816,8.077541156,410.5482567,407.2616242,-1.25E-05,66.83704872,1.626653795,17.19111897,17.83001648,-1.23E-07,86.59541668,0,0,1,0,53215.16891,-,-,0,0,#DIV/0!,0,-,-,0,0,#DIV/0!,0.5,533.604972,8.077541156,#DIV/0!,0.01513768,#DIV/0!,#DIV/0!,-,0,#DIV/0!,#DIV/0!,#DIV/0!,#DIV/0!,#DIV/0!,#DIV/0!,#DIV/0!,#DIV/0!,632.984,533.604972,0.842999147,0.165388354,2,0.5,0: Broadleaf,2,TRUE,1652233718,400.01,403.474,17.8293,17.1936,395.391,17.6181,500.128,100.563,0.0999732,27.0258,26.5381,999.9,0,0,10008.8,0,3.28301,632.984,0.900024,0.0999762,0,2.2988,0,3169.3,6112.67,40.25,43.625,42.125,42.437,40.562,569.7,63.28,0,1652233718,0,1.778504,0.258969237,-258.0338458,3201.538,15,1652233242,9:40:42,1652233241,1652233242,1,-0.285,-0.028,4.62,0.189,403,17,0.4,0.09,-3.454374146,-0.359218537,0.048366271,1,1.746457576,-0.012298914,0.163423397,1,0.642218854,-0.042047101,0.004215534,1,3,3,3月3日,100,100,4.619,0.2112,4.445291379,0.000676004,-7.65E-07,4.25E-10,0.065174227,-0.023951514,0.002092542,-1.49E-05,2,2268,1,30,8,7.9,18,504.683,454.569,25.0002,28.3384,30.0002,28.3203,28.2011,19.2987,24.726,67.4438,25,403.427,17.1813,87.6522,101.307
225,1652233720,496,20220511 09:48:40,9:48:40,0,1652233720,0.001620841,1.620840881,8.011784506,399.995,255.1446201,25.68370454,40.26482468,0.095785846,3.015873403,0.094127305,0.058976187,104.509751,27.21368147,26.5351,3.482588605,50.0703431,1.794635735,3.584228955,1.68795287,-71.47908284,79.50737401,5.676910228,118.2149524,8.05326705,1.614525706,8.011784506,410.5295328,407.2702606,3.27E-06,66.83704872,1.620840881,17.19224707,17.82872418,3.39E-07,86.59541668,0,0,1,0,53030.29943,-,-,0,0,#DIV/0!,0,-,-,0,0,#DIV/0!,0.5,532.687815,8.011784506,#DIV/0!,0.0150403,#DIV/0!,#DIV/0!,-,0,#DIV/0!,#DIV/0!,#DIV/0!,#DIV/0!,#DIV/0!,#DIV/0!,#DIV/0!,#DIV/0!,631.895,532.687815,0.843000522,0.165391008,2,0.5,0: Broadleaf,2,TRUE,1652233720,399.995,403.473,17.8281,17.1941,395.376,17.617,500.234,100.563,0.10032,27.0241,26.5351,999.9,0,0,9972.5,0,3.28301,631.895,0.89998,0.10002,0,1.52,0,3164.56,6102.09,40.25,43.562,42.125,42.437,40.562,568.69,63.2,0,1652233720,0,1.764807692,-0.227938456,-251.4369233,3195.202692,15,1652233242,9:40:42,1652233241,1652233242,1,-0.285,-0.028,4.62,0.189,403,17,0.4,0.09,-3.456479024,-0.329782369,0.047976487,1,1.74582,0.166612133,0.184366844,1,0.640783854,-0.038169993,0.003806641,1,3,3,3月3日,100,100,4.619,0.2111,4.445291379,0.000676004,-7.65E-07,4.25E-10,0.065174227,-0.023951514,0.002092542,-1.49E-05,2,2268,1,30,8,8,18,504.879,454.507,25.0002,28.3396,30.0004,28.3214,28.2017,19.2989,24.726,67.4438,25,403.445,17.1813,87.6508,101.307
226,1652233722,498,20220511 09:48:42,9:48:42,0,1652233722,0.001614427,1.614427295,7.957993309,400.02,255.6474424,25.73450514,40.26763048,0.095474121,3.01620164,0.093826433,0.05878719,104.190333,27.2094528,26.529,3.48133676,50.08246527,1.794648625,3.58338715,1.686688135,-71.19624372,79.85750719,5.701001508,118.552598,7.849515946,1.611540882,7.957993309,410.5213269,407.2829333,2.56E-05,66.83704872,1.614427295,17.193278,17.82741209,1.66E-08,86.59541668,0,0,1,0,53041.12896,-,-,0,0,#DIV/0!,0,-,-,0,0,#DIV/0!,0.5,531.0645,7.957993309,#DIV/0!,0.014984985,#DIV/0!,#DIV/0!,-,0,#DIV/0!,#DIV/0!,#DIV/0!,#DIV/0!,#DIV/0!,#DIV/0!,#DIV/0!,#DIV/0!,629.97,531.0645,0.842999667,0.165389357,2,0.5,0: Broadleaf,2,TRUE,1652233722,400.02,403.417,17.8281,17.1951,395.4,17.6169,500.098,100.564,0.100043,27.0201,26.529,999.9,0,0,9974.38,0,3.28301,629.97,0.900005,0.0999955,0,1.3967,0,3154.6,6083.54,40.25,43.562,42.125,42.437,40.562,566.98,62.99,0,1652233723,0,1.749053846,-0.114844432,-255.2912821,3184.942692,15,1652233242,9:40:42,1652233241,1652233242,1,-0.285,-0.028,4.62,0.189,403,17,0.4,0.09,-3.46078878,-0.170665087,0.044434472,1,1.766430303,0.051419589,0.171745447,1,0.639412244,-0.036836948,0.003663139,1,3,3,3月3日,100,100,4.62,0.2112,4.445291379,0.000676004,-7.65E-07,4.25E-10,0.065174227,-0.023951514,0.002092542,-1.49E-05,2,2268,1,30,8,8,18,504.977,454.5,25.0002,28.3402,30.0003,28.322,28.2029,19.2996,24.726,67.4438,25,403.392,17.1813,87.6509,101.307
227,1652233724,500,20220511 09:48:44,9:48:44,0,1652233724,0.001615065,1.61506503,7.879032797,400.005,257.0608908,25.87698306,40.26642316,0.095544717,3.02180087,0.093897614,0.058831629,103.86946,27.20482619,26.5266,3.480844339,50.09213525,1.794752712,3.58290319,1.686091627,-71.22436782,80.02204456,5.702028272,118.3691651,7.847196819,1.613227937,7.879032797,410.4861948,407.2803636,3.55E-06,66.83704872,1.61506503,17.19401992,17.82834505,-4.57E-07,86.59541668,0,0,1,0,53214.07718,-,-,0,0,#DIV/0!,0,-,-,0,0,#DIV/0!,0.5,529.425285,7.879032797,#DIV/0!,0.014882237,#DIV/0!,#DIV/0!,-,0,#DIV/0!,#DIV/0!,#DIV/0!,#DIV/0!,#DIV/0!,#DIV/0!,#DIV/0!,#DIV/0!,628.025,529.425285,0.843000334,0.165390645,2,0.5,0: Broadleaf,2,TRUE,1652233724,400.005,403.401,17.829,17.1954,395.385,17.6178,500.147,100.565,0.0997996,27.0178,26.5266,999.9,0,0,10008.1,0,3.28301,628.025,0.899991,0.100009,0,1.7754,0,3144.84,6064.73,40.25,43.562,42.125,42.437,40.562,565.22,62.81,0,1652233724,0,1.734652,-0.024246144,-256.967692,3175.9992,15,1652233242,9:40:42,1652233241,1652233242,1,-0.285,-0.028,4.62,0.189,403,17,0.4,0.09,-3.460958049,0.09280453,0.044204814,1,1.751406061,-0.284976851,0.192005003,1,0.638205683,-0.0356063,0.003548645,1,3,3,3月3日,100,100,4.62,0.2112,4.445291379,0.000676004,-7.65E-07,4.25E-10,0.065174227,-0.023951514,0.002092542,-1.49E-05,2,2268,1,30,8.1,8,18,504.94,454.64,25.0001,28.3414,30.0003,28.3233,28.2037,19.3012,24.726,67.4438,25,403.538,17.1813,87.6519,101.307
228,1652233726,502,20220511 09:48:46,9:48:46,0,1652233726,0.001613781,1.613781349,7.921771802,399.983,256.3148595,25.8016967,40.26391631,0.095535544,3.0194108,0.093887475,0.058825376,103.7326908,27.20510471,26.5203,3.479552023,50.0866354,1.794618889,3.583029435,1.684933133,-71.16775751,81.08195083,5.781961178,119.4288453,7.953613276,1.610196369,7.921771802,410.4612847,407.2384909,-6.62E-05,66.83704872,1.613781349,17.19495599,17.82876374,-5.46E-08,86.59541668,0,0,1,0,53140.26024,-,-,0,0,#DIV/0!,0,-,-,0,0,#DIV/0!,0.5,528.727371,7.921771802,#DIV/0!,0.014982716,#DIV/0!,#DIV/0!,-,0,#DIV/0!,#DIV/0!,#DIV/0!,#DIV/0!,#DIV/0!,#DIV/0!,#DIV/0!,#DIV/0!,627.197,528.727371,0.843000478,0.165390923,2,0.5,0: Broadleaf,2,TRUE,1652233726,399.983,403.421,17.8278,17.1954,395.363,17.6167,500.155,100.564,0.100069,27.0184,26.5203,999.9,0,0,9993.75,0,3.28301,627.197,0.899985,0.100015,0,1.566,0,3140.62,6056.73,40.25,43.562,42.125,42.437,40.562,564.47,62.73,0,1652233726,0,1.735734615,-0.016010251,-253.1753848,3169.633846,15,1652233242,9:40:42,1652233241,1652233242,1,-0.285,-0.028,4.62,0.189,403,17,0.4,0.09,-3.461835854,0.224387038,0.043385855,1,1.745751429,-0.150244227,0.186220105,1,0.637166341,-0.032534948,0.00327768,1,3,3,3月3日,100,100,4.62,0.2111,4.445291379,0.000676004,-7.65E-07,4.25E-10,0.065174227,-0.023951514,0.002092542,-1.49E-05,2,2268,1,30,8.1,8.1,18,504.904,454.632,25.0001,28.342,30.0003,28.3245,28.2047,19.3023,24.726,67.4438,25,403.42,17.1813,87.6516,101.307
229,1652233728,504,20220511 09:48:48,9:48:48,0,1652233728,0.001610056,1.610055563,7.993008271,399.991,254.7518988,25.64453687,40.26499506,0.095265556,3.022742794,0.093628476,0.058662539,103.3637138,27.20484025,26.5238,3.480269925,50.0820546,1.794570678,3.583260894,1.685699247,-71.00345034,80.78031768,5.754234308,118.8948154,8.028487838,1.604943616,7.993008271,410.4817802,407.229,-3.66E-05,66.83704872,1.610055563,17.19528416,17.82779011,2.72E-07,86.59541668,0,0,1,0,53242.83589,-,-,0,0,#DIV/0!,0,-,-,0,0,#DIV/0!,0.5,526.851186,7.993008271,#DIV/0!,0.015171283,#DIV/0!,#DIV/0!,-,0,#DIV/0!,#DIV/0!,#DIV/0!,#DIV/0!,#DIV/0!,#DIV/0!,#DIV/0!,#DIV/0!,624.972,526.851186,0.842999664,0.165389351,2,0.5,0: Broadleaf,2,TRUE,1652233728,399.991,403.459,17.8272,17.1967,395.372,17.6161,500.026,100.565,0.0997526,27.0195,26.5238,999.9,0,0,10013.8,0,3.30763,624.972,0.900008,0.0999924,0,1.733,0,3128.94,6035.28,40.25,43.562,42.125,42.437,40.562,562.48,62.49,0,1652233729,0,1.771457692,-0.022430761,-256.2810257,3159.456923,15,1652233242,9:40:42,1652233241,1652233242,1,-0.285,-0.028,4.62,0.189,403,17,0.4,0.09,-3.461435122,0.252719582,0.043615777,1,1.753372727,0.248514747,0.194614678,1,0.636143073,-0.030299185,0.003070817,1,3,3,3月3日,100,100,4.619,0.2111,4.445291379,0.000676004,-7.65E-07,4.25E-10,0.065174227,-0.023951514,0.002092542,-1.49E-05,2,2268,1,30,8.1,8.1,18,504.816,454.507,25.0001,28.3432,30.0001,28.3251,28.2059,19.2989,24.726,67.4438,25,403.363,17.1813,87.6517,101.307
230,1652233730,506,20220511 09:48:50,9:48:50,0,1652233730,0.001609166,1.60916596,7.923356702,400.005,255.8492762,25.7552503,40.26678929,0.095200495,3.027494075,0.093568149,0.058624421,103.048125,27.20128846,26.525,3.480516092,50.08921918,1.794648232,3.58290319,1.68586786,-70.96421882,80.43395882,5.72055588,118.2384209,8.083196415,1.604562718,7.923356702,410.4970028,407.2728242,5.79E-05,66.83704872,1.60916596,17.19531582,17.82732527,-1.72E-07,86.59541668,0,0,1,0,53389.91672,-,-,0,0,#DIV/0!,0,-,-,0,0,#DIV/0!,0.5,525.2397,7.923356702,#DIV/0!,0.015085221,#DIV/0!,#DIV/0!,-,0,#DIV/0!,#DIV/0!,#DIV/0!,#DIV/0!,#DIV/0!,#DIV/0!,#DIV/0!,#DIV/0!,623.06,525.2397,0.843000193,0.165390372,2,0.5,0: Broadleaf,2,TRUE,1652233730,400.005,403.494,17.8278,17.1976,395.386,17.6167,500.145,100.566,0.0997149,27.0178,26.525,999.9,0,0,10042.5,0,3.33499,623.06,0.89999,0.10001,0,1.4206,0,3119.99,6016.79,40.25,43.562,42.125,42.437,40.562,560.75,62.31,0,1652233730,0,1.739688,-0.702276915,-249.307692,3150.6948,15,1652233242,9:40:42,1652233241,1652233242,1,-0.285,-0.028,4.62,0.189,403,17,0.4,0.09,-3.462976341,0.263321603,0.043378685,1,1.734806061,0.101961783,0.197438641,1,0.635082024,-0.029781073,0.003018164,1,3,3,3月3日,100,100,4.619,0.2111,4.445291379,0.000676004,-7.65E-07,4.25E-10,0.065174227,-0.023951514,0.002092542,-1.49E-05,2,2268,1,30,8.2,8.1,18,504.826,454.478,25.0002,28.3445,30.0001,28.3263,28.2065,19.2999,24.726,67.4438,25,403.433,17.1813,87.6522,101.306
231,1652233732,508,20220511 09:48:52,9:48:52,0,1652233732,0.001605639,1.605639417,8.046116828,399.982,253.5790269,25.52686163,40.26470681,0.095069885,3.018408869,0.093437163,0.058542585,102.907833,27.20079136,26.5183,3.479141851,50.09077771,1.794588143,3.582671752,1.684553708,-70.80869829,81.10386393,5.78533648,118.9883351,8.121810356,1.60312365,8.046116828,410.5442997,407.2705697,1.82E-05,66.83704872,1.605639417,17.19650188,17.82709121,-1.85E-07,86.59541668,0,0,1,0,53109.73438,-,-,0,0,#DIV/0!,0,-,-,0,0,#DIV/0!,0.5,524.5233,8.046116828,#DIV/0!,0.015339865,#DIV/0!,#DIV/0!,-,0,#DIV/0!,#DIV/0!,#DIV/0!,#DIV/0!,#DIV/0!,#DIV/0!,#DIV/0!,#DIV/0!,622.21,524.5233,0.843000434,0.165390837,2,0.5,0: Broadleaf,2,TRUE,1652233732,399.982,403.486,17.8271,17.1975,395.363,17.616,500.173,100.566,0.100297,27.0167,26.5183,999.9,0,0,9987.5,0,3.33773,622.21,0.899988,0.100012,0,1.7434,0,3115.88,6008.58,40.25,43.625,42.125,42.437,40.5,559.98,62.23,0,1652233732,0,1.746834615,-0.605562392,-244.9347011,3144.618462,15,1652233242,9:40:42,1652233241,1652233242,1,-0.285,-0.028,4.62,0.189,403,17,0.4,0.09,-3.462666585,0.171059582,0.042860963,1,1.733345714,-0.060439139,0.199019125,1,0.634020195,-0.028146774,0.002846877,1,3,3,3月3日,100,100,4.619,0.2111,4.445291379,0.000676004,-7.65E-07,4.25E-10,0.065174227,-0.023951514,0.002092542,-1.49E-05,2,2268,1,30,8.2,8.2,18,504.862,454.521,25.0001,28.3451,30.0001,28.3269,28.2077,19.3012,24.726,67.4438,25,403.602,17.1813,87.6519,101.306
232,1652233734,510,20220511 09:48:54,9:48:54,0,1652233734,0.001601628,1.601628452,8.136887753,400.006,251.6915186,25.33681893,40.2670684,0.094804566,3.016959065,0.093180095,0.058381193,102.4992288,27.20064425,26.5202,3.479531513,50.08663153,1.794555519,3.58290319,1.684975994,-70.63181471,80.93478783,5.776136921,118.5783389,8.028386008,1.59740322,8.136887753,410.5574847,407.2468182,-2.74E-05,66.83704872,1.601628452,17.19763611,17.8266956,1.27E-08,86.59541668,0,0,1,0,53064.8927,-,-,0,0,#DIV/0!,0,-,-,0,0,#DIV/0!,0.5,522.438771,8.136887753,#DIV/0!,0.015574816,#DIV/0!,#DIV/0!,-,0,#DIV/0!,#DIV/0!,#DIV/0!,#DIV/0!,#DIV/0!,#DIV/0!,#DIV/0!,#DIV/0!,619.737,522.438771,0.843000775,0.165391495,2,0.5,0: Broadleaf,2,TRUE,1652233734,400.006,403.472,17.8268,17.1994,395.386,17.6157,500.136,100.566,0.100161,27.0178,26.5202,999.9,0,0,9978.75,0,3.33773,619.737,0.899971,0.100029,0,1.8946,0,3102.09,5984.66,40.25,43.625,42.125,42.437,40.562,557.75,61.99,0,1652233735,0,1.705546154,-0.002044451,-248.4902564,3134.433077,15,1652233242,9:40:42,1652233241,1652233242,1,-0.285,-0.028,4.62,0.189,403,17,0.4,0.09,-3.458152683,-0.005731568,0.037212894,1,1.719739394,-0.285138173,0.191279009,1,0.633101976,-0.028083784,0.002840533,1,3,3,3月3日,100,100,4.62,0.2111,4.445291379,0.000676004,-7.65E-07,4.25E-10,0.065174227,-0.023951514,0.002092542,-1.49E-05,2,2268,1,30,8.2,8.2,18,504.965,454.477,25,28.3463,30.0002,28.3281,28.2084,19.2983,24.726,67.4438,25,403.34,17.1813,87.6519,101.306
233,1652233736,512,20220511 09:48:56,9:48:56,0,1652233736,0.001604278,1.604277955,8.008515062,400.015,254.1418893,25.58296329,40.26714796,0.094996779,3.016511716,0.093365538,0.058497689,102.4012598,27.19713715,26.5177,3.479018808,50.09574094,1.794639486,3.582419288,1.684379322,-70.74865783,80.95531222,5.778319734,118.3862339,8.004831964,1.597148198,8.008515062,410.5301395,407.2719091,2.97E-05,66.83704872,1.604277955,17.19744088,17.82744286,-2.53E-07,86.59541668,0,0,1,0,53051.48596,-,-,0,0,#DIV/0!,0,-,-,0,0,#DIV/0!,0.5,521.944986,8.008515062,#DIV/0!,0.0153436,#DIV/0!,#DIV/0!,-,0,#DIV/0!,#DIV/0!,#DIV/0!,#DIV/0!,#DIV/0!,#DIV/0!,#DIV/0!,#DIV/0!,619.152,521.944986,0.842999758,0.165389532,2,0.5,0: Broadleaf,2,TRUE,1652233736,400.015,403.471,17.828,17.2008,395.396,17.6169,500.215,100.564,0.100095,27.0155,26.5177,999.9,0,0,9976.25,0,3.33773,619.152,0.900005,0.0999951,0,2.0402,0,3100.01,5979.07,40.25,43.562,42.062,42.437,40.5,557.24,61.91,0,1652233736,0,1.729956,0.334038454,-240.2969227,3126.184,15,1652233242,9:40:42,1652233241,1652233242,1,-0.285,-0.028,4.62,0.189,403,17,0.4,0.09,-3.453792195,-0.121817352,0.032884772,1,1.737157576,-0.266264373,0.189920416,1,0.632150829,-0.028794502,0.002910964,1,3,3,3月3日,100,100,4.619,0.2111,4.445291379,0.000676004,-7.65E-07,4.25E-10,0.065174227,-0.023951514,0.002092542,-1.49E-05,2,2268,1,30,8.2,8.2,18,504.959,454.569,25,28.3469,30.0003,28.3293,28.2095,19.2999,24.726,67.4438,25,403.514,17.1813,87.6517,101.306
234,1652233738,514,20220511 09:48:58,9:48:58,0,1652233738,0.001603088,1.603088476,7.974652191,400.014,254.8377706,25.6530031,40.2670309,0.095077254,3.016097164,0.093443053,0.058546395,102.1246947,27.19247465,26.5049,3.47639479,50.10572414,1.794638755,3.581704058,1.681756036,-70.69620181,82.47266272,5.886955155,119.7881108,7.952448668,1.597773807,7.974652191,410.5338902,407.2886121,3.48E-05,66.83704872,1.603088476,17.19864619,17.82833407,-7.21E-08,86.59541668,0,0,1,0,53039.3279,-,-,0,0,#DIV/0!,0,-,-,0,0,#DIV/0!,0.5,520.533201,7.974652191,#DIV/0!,0.015320161,#DIV/0!,#DIV/0!,-,0,#DIV/0!,#DIV/0!,#DIV/0!,#DIV/0!,#DIV/0!,#DIV/0!,#DIV/0!,#DIV/0!,617.477,520.533201,0.843000146,0.165390281,2,0.5,0: Broadleaf,2,TRUE,1652233738,400.014,403.45,17.828,17.2004,395.395,17.6168,500.092,100.564,0.100054,27.0121,26.5049,999.9,0,0,9973.75,0,3.33773,617.477,0.899993,0.100007,0,1.5545,0,3091.65,5962.88,40.25,43.562,42.062,42.437,40.562,555.72,61.75,0,1652233738,0,1.717211538,-0.205637616,-239.1001711,3119.99,15,1652233242,9:40:42,1652233241,1652233242,1,-0.285,-0.028,4.62,0.189,403,17,0.4,0.09,-3.45216561,-0.132237491,0.032098837,1,1.7302,-0.307573386,0.194736002,1,0.63116861,-0.027322307,0.002763368,1,3,3,3月3日,100,100,4.619,0.2112,4.445291379,0.000676004,-7.65E-07,4.25E-10,0.065174227,-0.023951514,0.002092542,-1.49E-05,2,2268,1,30,8.3,8.3,18,504.809,454.595,25,28.3475,30.0003,28.3299,28.2107,19.3,24.726,67.4438,25,403.44,17.1813,87.6522,101.306
235,1652233740,516,20220511 09:49:00,9:49:00,0,1652233740,0.001598593,1.598592577,7.944482185,400.037,254.9784697,25.66712024,40.26927368,0.09479509,3.021271929,0.093173216,0.058376668,101.7082178,27.19033604,26.5055,3.476517753,50.10711846,1.794625458,3.581577854,1.681892295,-70.49793263,82.41870299,5.873027008,119.5020151,7.741414359,1.592580038,7.944482185,410.5198873,407.2868,1.12E-05,66.83704872,1.598592577,17.20050195,17.82846154,2.74E-07,86.59541668,0,0,1,0,53198.85849,-,-,0,0,#DIV/0!,0,-,-,0,0,#DIV/0!,0.5,518.412786,7.944482185,#DIV/0!,0.015324626,#DIV/0!,#DIV/0!,-,0,#DIV/0!,#DIV/0!,#DIV/0!,#DIV/0!,#DIV/0!,#DIV/0!,#DIV/0!,#DIV/0!,614.962,518.412786,0.842999707,0.165389435,2,0.5,0: Broadleaf,2,TRUE,1652233740,400.037,403.388,17.8279,17.2023,395.418,17.6167,500.06,100.564,0.0998728,27.0115,26.5055,999.9,0,0,10005,0,3.33773,614.962,0.900014,0.099986,0,1.6129,0,3078.66,5938.63,40.25,43.562,42.062,42.437,40.5,553.47,61.49,0,1652233741,0,1.715626923,-0.22099488,-249.5470085,3109.976538,15,1652233242,9:40:42,1652233241,1652233242,1,-0.285,-0.028,4.62,0.189,403,17,0.4,0.09,-3.445730976,-0.066262787,0.036569064,1,1.72119697,-0.060712921,0.178487473,1,0.630309854,-0.024835819,0.002528068,1,3,3,3月3日,100,100,4.619,0.2112,4.445291379,0.000676004,-7.65E-07,4.25E-10,0.065174227,-0.023951514,0.002092542,-1.49E-05,2,2268,1,30,8.3,8.3,18,504.882,454.55,25,28.3487,30.0003,28.3311,28.2113,19.3002,24.726,67.4438,25,403.422,17.1813,87.653,101.306
236,1652233742,518,20220511 09:49:02,9:49:02,0,1652233742,0.001598294,1.598293736,7.834987122,400.017,256.7386869,25.84406814,40.26688275,0.094745786,3.021453881,0.093125679,0.058346802,101.4397981,27.18836359,26.5086,3.477153118,50.11177371,1.794739488,3.581472687,1.682413629,-70.48475374,81.8372531,5.831318434,118.6236159,7.866398309,1.593626498,7.834987122,410.454389,407.2671515,-3.03E-05,66.83704872,1.598293736,17.20068512,17.82831758,1.25E-07,86.59541668,0,0,1,0,53204.5371,-,-,0,0,#DIV/0!,0,-,-,0,0,#DIV/0!,0.5,517.043844,7.834987122,#DIV/0!,0.015153429,#DIV/0!,#DIV/0!,-,0,#DIV/0!,#DIV/0!,#DIV/0!,#DIV/0!,#DIV/0!,#DIV/0!,#DIV/0!,#DIV/0!,613.338,517.043844,0.842999853,0.165389717,2,0.5,0: Broadleaf,2,TRUE,1652233742,400.017,403.417,17.8292,17.2034,395.398,17.6181,500.228,100.563,0.0999287,27.011,26.5086,999.9,0,0,10006.2,0,3.33773,613.338,0.899998,0.100001,0,1.6087,0,3070.41,5922.92,40.25,43.562,42.062,42.437,40.5,552,61.33,0,1652233742,0,1.700976,0.111030762,-249.5738458,3101.4208,15,1652233242,9:40:42,1652233241,1652233242,1,-0.285,-0.028,4.62,0.189,403,17,0.4,0.09,-3.439235122,0.035054007,0.041370046,1,1.710863636,0.116083055,0.174107504,1,0.629511341,-0.025583812,0.002595926,1,3,3,3月3日,100,100,4.619,0.2111,4.445291379,0.000676004,-7.65E-07,4.25E-10,0.065174227,-0.023951514,0.002092542,-1.49E-05,2,2268,1,30,8.3,8.3,18,504.965,454.66,25,28.3493,30.0003,28.3317,28.2125,19.2995,24.726,67.4438,25,403.37,17.1813,87.6533,101.305
237,1652233744,520,20220511 09:49:04,9:49:04,0,1652233744,0.001596214,1.596214231,7.88861003,399.979,255.6218526,25.73193171,40.26350725,0.094621789,3.019824558,0.093005026,0.0582711,101.254702,27.18791754,26.5086,3.477153118,50.1114902,1.794729335,3.581472687,1.682423783,-70.39304759,81.79312227,5.831318434,118.4860952,7.999823476,1.594112676,7.88861003,410.4689517,407.2593333,-2.84E-05,66.83704872,1.596214231,17.20184817,17.82877363,3.90E-09,86.59541668,0,0,1,0,53154.32287,-,-,0,0,#DIV/0!,0,-,-,0,0,#DIV/0!,0.5,516.097485,7.88861003,#DIV/0!,0.015285116,#DIV/0!,#DIV/0!,-,0,#DIV/0!,#DIV/0!,#DIV/0!,#DIV/0!,#DIV/0!,#DIV/0!,#DIV/0!,#DIV/0!,612.215,516.097485,0.843000392,0.165390757,2,0.5,0: Broadleaf,2,TRUE,1652233744,399.979,403.433,17.8289,17.2028,395.36,17.6178,500.141,100.564,0.100053,27.011,26.5086,999.9,0,0,9996.25,0,3.33773,612.215,0.899994,0.100006,0,1.718,0,3064.64,5912.07,40.187,43.562,42.062,42.437,40.5,550.99,61.23,0,1652233744,0,1.697538462,0.465586318,-249.6345301,3095.397308,15,1652233242,9:40:42,1652233241,1652233242,1,-0.285,-0.028,4.62,0.189,403,17,0.4,0.09,-3.44225878,0.148873171,0.038914719,1,1.7283,-0.195778474,0.157317442,1,0.628818585,-0.025655519,0.002601716,1,3,3,3月3日,100,100,4.619,0.2111,4.445291379,0.000676004,-7.65E-07,4.25E-10,0.065174227,-0.023951514,0.002092542,-1.49E-05,2,2268,1,30,8.4,8.4,18,504.912,454.599,24.9999,28.3505,30.0003,28.3329,28.2132,19.303,24.726,67.4438,25,403.592,17.1813,87.653,101.306
238,1652233746,522,20220511 09:49:06,9:49:06,0,1652233746,0.001592992,1.59299198,7.949631111,399.972,254.2228141,25.59110442,40.26281141,0.094369987,3.019824558,0.092761738,0.058118298,100.8388038,27.18684791,26.5128,3.478014097,50.10609486,1.794588797,3.581577854,1.6834253,-70.25094634,81.19074458,5.788508894,117.567111,7.944950317,1.588862079,7.949631111,410.493155,407.2587758,-4.22E-06,66.83704872,1.59299198,17.20321643,17.82883626,1.82E-07,86.59541668,0,0,1,0,53154.23429,-,-,0,0,#DIV/0!,0,-,-,0,0,#DIV/0!,0.5,513.982671,7.949631111,#DIV/0!,0.01546673,#DIV/0!,#DIV/0!,-,0,#DIV/0!,#DIV/0!,#DIV/0!,#DIV/0!,#DIV/0!,#DIV/0!,#DIV/0!,#DIV/0!,609.707,513.982671,0.842999459,0.165388955,2,0.5,0: Broadleaf,2,TRUE,1652233746,399.972,403.403,17.8275,17.2035,395.353,17.6164,500.172,100.564,0.100075,27.0115,26.5128,999.9,0,0,9996.25,0,3.33773,609.707,0.900015,0.0999848,0,1.5968,0,3051.88,5887.88,40.187,43.562,42.062,42.437,40.5,548.75,60.96,0,1652233747,0,1.721319231,-0.190594876,-253.0150427,3085.068077,15,1652233242,9:40:42,1652233241,1652233242,1,-0.285,-0.028,4.62,0.189,403,17,0.4,0.09,-3.442478293,0.252472474,0.038818301,1,1.721633333,-0.066242627,0.156226866,1,0.628070683,-0.021836822,0.002257046,1,3,3,3月3日,100,100,4.619,0.2111,4.445291379,0.000676004,-7.65E-07,4.25E-10,0.065174227,-0.023951514,0.002092542,-1.49E-05,2,2268,1,30,8.4,8.4,18,504.938,454.535,24.9999,28.3517,30.0003,28.3342,28.2137,19.3025,24.726,67.4438,25,403.558,17.1813,87.6527,101.306
239,1652233748,524,20220511 09:49:08,9:49:08,0,1652233748,0.001591768,1.591767533,7.905981879,400.009,255.075597,25.67694469,40.26652918,0.094416266,3.019824558,0.092806454,0.058146382,100.7487904,27.18384177,26.5031,3.476025927,50.11713752,1.794689158,3.580988953,1.681336769,-70.19694822,82.31409757,5.868231592,118.7341713,7.970744,1.589032058,7.905981879,410.461452,407.2452,-9.89E-06,66.83704872,1.591767533,17.20303337,17.82810769,1.77E-08,86.59541668,0,0,1,0,53154.73038,-,-,0,0,#DIV/0!,0,-,-,0,0,#DIV/0!,0.5,513.522543,7.905981879,#DIV/0!,0.015395589,#DIV/0!,#DIV/0!,-,0,#DIV/0!,#DIV/0!,#DIV/0!,#DIV/0!,#DIV/0!,#DIV/0!,#DIV/0!,#DIV/0!,609.161,513.522543,0.842999705,0.16538943,2,0.5,0: Broadleaf,2,TRUE,1652233748,400.009,403.45,17.8285,17.2045,395.39,17.6174,500.225,100.564,0.100058,27.0087,26.5031,999.9,0,0,9996.25,0,3.33773,609.161,0.900011,0.0999887,0,1.8245,0,3049.39,5882.6,40.187,43.562,42.062,42.437,40.5,548.25,60.91,0,1652233748,0,1.737548,-0.025523078,-250.6892303,3076.5476,15,1652233242,9:40:42,1652233241,1652233242,1,-0.285,-0.028,4.62,0.189,403,17,0.4,0.09,-3.442692439,0.239939791,0.039049025,1,1.706106061,0.333246051,0.145637897,1,0.627238244,-0.019296627,0.001967552,1,3,3,3月3日,100,100,4.619,0.2111,4.445291379,0.000676004,-7.65E-07,4.25E-10,0.065174227,-0.023951514,0.002092542,-1.49E-05,2,2268,1,30,8.4,8.4,18,504.892,454.612,24.9999,28.3523,30.0002,28.3342,28.2149,19.3015,24.726,67.4438,25,403.423,17.1813,87.6531,101.306
240,1652233750,526,20220511 09:49:10,9:49:10,0,1652233750,0.001593146,1.593145784,7.960307093,400.023,254.3736634,25.60623858,40.26786515,0.094557472,3.022726344,0.092944407,0.05823289,100.4283308,27.18030144,26.4988,3.47514489,50.12507639,1.794846952,3.580736593,1.680297938,-70.25772906,82.89837396,5.904049207,118.9730249,7.969448708,1.590206619,7.960307093,410.5110045,407.2711758,3.28E-05,66.83704872,1.593145784,17.2034537,17.82931099,-3.10E-07,86.59541668,0,0,1,0,53244.4361,-,-,0,0,#DIV/0!,0,-,-,0,0,#DIV/0!,0.5,511.888086,7.960307093,#DIV/0!,0.015550874,#DIV/0!,#DIV/0!,-,0,#DIV/0!,#DIV/0!,#DIV/0!,#DIV/0!,#DIV/0!,#DIV/0!,#DIV/0!,#DIV/0!,607.222,511.888086,0.842999901,0.165389809,2,0.5,0: Broadleaf,2,TRUE,1652233750,400.023,403.465,17.8301,17.2054,395.404,17.6189,500.033,100.564,0.0998747,27.0075,26.4988,999.9,0,0,10013.8,0,3.3131,607.222,0.899997,0.100003,0,1.8705,0,3039.34,5863.85,40.187,43.562,42.062,42.437,40.5,546.5,60.72,0,1652233750,0,1.731626923,0.010376069,-257.2731625,3070.267692,15,1652233242,9:40:42,1652233241,1652233242,1,-0.285,-0.028,4.62,0.189,403,17,0.4,0.09,-3.442142439,0.161823554,0.039128712,1,1.714142857,0.271197652,0.152187687,1,0.626621049,-0.017770537,0.001824543,1,3,3,3月3日,100,100,4.619,0.2112,4.445291379,0.000676004,-7.65E-07,4.25E-10,0.065174227,-0.023951514,0.002092542,-1.49E-05,2,2268,1,30,8.5,8.5,18,504.824,454.584,24.9999,28.3535,30.0002,28.3353,28.2156,19.3014,24.726,67.4438,25,403.416,17.1813,87.6531,101.305
241,1652233752,528,20220511 09:49:12,9:49:12,0,1652233752,0.001596675,1.596674555,7.975315937,400.023,254.4520976,25.61414842,40.26788771,0.094792581,3.023337492,0.093171881,0.058375731,100.0593787,27.17726493,26.4976,3.474899054,50.12904024,1.794988887,3.580736593,1.679910167,-70.41334788,83.11072772,5.917941072,118.6746996,7.898901329,1.590603231,7.975315937,410.5355736,407.2904364,3.29E-05,66.83704872,1.596674555,17.20433747,17.83142198,2.07E-09,86.59541668,0,0,1,0,53263.29774,-,-,0,0,#DIV/0!,0,-,-,0,0,#DIV/0!,0.5,510.009642,7.975315937,#DIV/0!,0.015637579,#DIV/0!,#DIV/0!,-,0,#DIV/0!,#DIV/0!,#DIV/0!,#DIV/0!,#DIV/0!,#DIV/0!,#DIV/0!,#DIV/0!,604.994,510.009642,0.842999504,0.165389043,2,0.5,0: Broadleaf,2,TRUE,1652233752,400.023,403.436,17.8315,17.2068,395.404,17.6203,500.157,100.564,0.0999311,27.0075,26.4976,999.9,0,0,10017.5,0,3.28575,604.994,0.900021,0.0999795,0,1.5478,0,3027.91,5842.37,40.187,43.562,42.062,42.437,40.5,544.51,60.49,0,1652233753,0,1.707319231,0.030348718,-257.9617094,3059.601538,15,1652233242,9:40:42,1652233241,1652233242,1,-0.285,-0.028,4.62,0.189,403,17,0.4,0.09,-3.43575878,0.120556725,0.03735362,1,1.719036364,0.059516522,0.142290694,1,0.62615461,-0.014503317,0.001559767,1,3,3,3月3日,100,100,4.619,0.2112,4.445291379,0.000676004,-7.65E-07,4.25E-10,0.065174227,-0.023951514,0.002092542,-1.49E-05,2,2268,1,30,8.5,8.5,18,504.957,454.492,24.9999,28.3541,30.0002,28.3365,28.2167,19.3003,24.726,67.4438,25,403.438,17.1813,87.6529,101.305
242,1652233754,530,20220511 09:49:14,9:49:14,0,1652233754,0.00159499,1.594990415,7.92955455,400.019,255.0805533,25.67715698,40.26708632,0.094691742,3.022709893,0.093074127,0.058314364,99.88958934,27.17445101,26.497,3.474776142,50.13306629,1.794890583,3.580252946,1.67988556,-70.33907731,82.81644263,5.89812511,118.2650798,7.916772965,1.585674406,7.92955455,410.4974669,407.2715758,-2.20E-05,66.83704872,1.594990415,17.20495249,17.83130659,5.64E-07,86.59541668,0,0,1,0,53244.31483,-,-,0,0,#DIV/0!,0,-,-,0,0,#DIV/0!,0.5,509.143158,7.92955455,#DIV/0!,0.015574312,#DIV/0!,#DIV/0!,-,0,#DIV/0!,#DIV/0!,#DIV/0!,#DIV/0!,#DIV/0!,#DIV/0!,#DIV/0!,#DIV/0!,603.966,509.143158,0.842999702,0.165389425,2,0.5,0: Broadleaf,2,TRUE,1652233754,400.019,403.438,17.8307,17.208,395.4,17.6195,500.209,100.563,0.0999343,27.0052,26.497,999.9,0,0,10013.8,0,3.28301,603.966,0.900004,0.0999959,0,1.4083,0,3022.96,5832.43,40.187,43.562,42.062,42.437,40.5,543.57,60.39,0,1652233754,0,1.67976,-0.539400003,-253.3569227,3050.9436,15,1652233242,9:40:42,1652233241,1652233242,1,-0.285,-0.028,4.62,0.189,403,17,0.4,0.09,-3.428048293,0.04821784,0.032500671,1,1.712893939,-0.435710037,0.156783253,1,0.625656902,-0.011895554,0.001302833,1,3,3,3月3日,100,100,4.619,0.2112,4.445291379,0.000676004,-7.65E-07,4.25E-10,0.065174227,-0.023951514,0.002092542,-1.49E-05,2,2268,1,30,8.6,8.5,18,504.978,454.518,25,28.3554,30.0002,28.3371,28.2179,19.2992,24.726,67.4438,25,403.343,17.1813,87.6527,101.305
243,1652233756,532,20220511 09:49:16,9:49:16,0,1652233756,0.001587365,1.587364842,7.889669025,400.021,255.0481551,25.67410893,40.2676221,0.094186532,3.023552168,0.092586412,0.058008008,99.60702066,27.17301479,26.5007,3.475534161,50.1373636,1.794865225,3.579895504,1.680668936,-70.00278955,81.95928832,5.835511493,117.3990309,7.95167166,1.584053263,7.889669025,410.5000906,407.2890182,1.30E-05,66.83704872,1.587364842,17.20638142,17.82997912,4.97E-07,86.59541668,0,0,1,0,53270.63457,-,-,0,0,#DIV/0!,0,-,-,0,0,#DIV/0!,0.5,507.700242,7.889669025,#DIV/0!,0.015540014,#DIV/0!,#DIV/0!,-,0,#DIV/0!,#DIV/0!,#DIV/0!,#DIV/0!,#DIV/0!,#DIV/0!,#DIV/0!,#DIV/0!,602.254,507.700242,0.843000199,0.165390385,2,0.5,0: Broadleaf,2,TRUE,1652233756,400.021,403.455,17.8303,17.208,395.402,17.6191,500.019,100.564,0.0997704,27.0035,26.5007,999.9,0,0,10018.8,0,3.28301,602.254,0.900001,0.0999995,0,1.8993,0,3014.24,5815.89,40.187,43.562,42.062,42.437,40.5,542.03,60.23,0,1652233756,0,1.700984615,-0.347473507,-251.5740172,3044.982308,15,1652233242,9:40:42,1652233241,1652233242,1,-0.285,-0.028,4.62,0.189,403,17,0.4,0.09,-3.424957073,-0.040478885,0.030176402,1,1.7065,-0.257135812,0.167240984,1,0.625143951,-0.013131868,0.001435877,1,3,3,3月3日,100,100,4.619,0.2112,4.445291379,0.000676004,-7.65E-07,4.25E-10,0.065174227,-0.023951514,0.002092542,-1.49E-05,2,2268,1,30,8.6,8.6,18,504.864,454.506,25,28.3566,30.0003,28.3383,28.2185,19.3004,24.726,67.4438,25,403.487,17.1813,87.6531,101.305
244,1652233758,534,20220511 09:49:18,9:49:18,0,1652233758,0.001584813,1.584812861,7.992738609,400.001,253.0969904,25.47796483,40.26603158,0.094059211,3.023568618,0.092463383,0.057930738,99.195117,27.17129979,26.4988,3.47514489,50.13901479,1.794924336,3.579895504,1.680220554,-69.89024716,82.26944684,5.857507287,117.431824,7.958284993,1.585468355,7.992738609,410.5285553,407.2764606,-7.99E-06,66.83704872,1.584812861,17.20777102,17.83021538,-2.15E-07,86.59541668,0,0,1,0,53271.16429,-,-,0,0,#DIV/0!,0,-,-,0,0,#DIV/0!,0.5,505.5981,7.992738609,#DIV/0!,0.015808482,#DIV/0!,#DIV/0!,-,0,#DIV/0!,#DIV/0!,#DIV/0!,#DIV/0!,#DIV/0!,#DIV/0!,#DIV/0!,#DIV/0!,599.76,505.5981,0.8430007,0.165391352,2,0.5,0: Broadleaf,2,TRUE,1652233758,400.001,403.437,17.8307,17.208,395.382,17.6195,500.144,100.565,0.0998273,27.0035,26.4988,999.9,0,0,10018.8,0,3.28301,599.76,0.899982,0.100018,0,1.5394,0,3001.81,5791.78,40.187,43.562,42.062,42.437,40.5,539.77,59.99,0,1652233759,0,1.714007692,-0.145688888,-249.3309401,3034.728077,15,1652233242,9:40:42,1652233241,1652233242,1,-0.285,-0.028,4.62,0.189,403,17,0.4,0.09,-3.422492683,-0.104973659,0.028527652,1,1.71789697,0.012052734,0.160728098,1,0.624652195,-0.014126551,0.001534569,1,3,3,3月3日,100,100,4.619,0.2112,4.445291379,0.000676004,-7.65E-07,4.25E-10,0.065174227,-0.023951514,0.002092542,-1.49E-05,2,2268,1,30,8.6,8.6,18,504.947,454.482,24.9998,28.3572,30.0002,28.3389,28.2197,19.3007,24.726,67.4438,25,403.499,17.1813,87.6532,101.305
245,1652233760,536,20220511 09:49:20,9:49:20,0,1652233760,0.001583629,1.583628982,8.025218628,399.992,252.3380318,25.4013463,40.26477989,0.093926616,3.02168524,0.092334269,0.057849735,99.01208817,27.17804707,26.5037,3.476148877,50.11539361,1.794858593,3.581451654,1.681290284,-69.8380381,82.62546401,5.886884455,117.6863985,7.93353309,1.580240755,8.025218628,410.5015684,407.2367818,-6.02E-05,66.83704872,1.583628982,17.20821081,17.83014176,-3.92E-08,86.59541668,0,0,1,0,53211.71259,-,-,0,0,#DIV/0!,0,-,-,0,0,#DIV/0!,0.5,504.664929,8.025218628,#DIV/0!,0.015902073,#DIV/0!,#DIV/0!,-,0,#DIV/0!,#DIV/0!,#DIV/0!,#DIV/0!,#DIV/0!,#DIV/0!,#DIV/0!,#DIV/0!,598.653,504.664929,0.843000752,0.165391451,2,0.5,0: Broadleaf,2,TRUE,1652233760,399.992,403.417,17.8302,17.2096,395.373,17.619,500.182,100.564,0.099963,27.0109,26.5037,999.9,0,0,10007.5,0,3.28301,598.653,0.899974,0.100026,0,1.7907,0,2996.82,5781.06,40.187,43.562,42.062,42.437,40.5,538.77,59.88,0,1652233760,0,1.716348,0.230761542,-244.8407688,3026.0524,15,1652233242,9:40:42,1652233241,1652233242,1,-0.285,-0.028,4.62,0.189,403,17,0.4,0.09,-3.424575366,-0.12128676,0.027800803,1,1.713024242,0.083221359,0.153526991,1,0.624123,-0.013421206,0.001474567,1,3,3,3月3日,100,100,4.619,0.2112,4.445291379,0.000676004,-7.65E-07,4.25E-10,0.065174227,-0.023951514,0.002092542,-1.49E-05,2,2268,1,30,8.7,8.6,18,504.941,454.489,24.9998,28.3584,30.0002,28.3402,28.2204,19.3011,24.726,67.4438,25,403.397,17.1813,87.6528,101.304
246,1652233762,538,20220511 09:49:22,9:49:22,0,1652233762,0.001584651,1.58465123,7.872817121,400.024,255.0533642,25.67451153,40.26773312,0.093989965,3.015873403,0.092392472,0.057886562,98.73314949,27.18508696,26.504,3.476210354,50.09144179,1.794907045,3.583260894,1.681303309,-69.88311923,83.81605583,5.983486126,118.6495722,7.870600419,1.577144325,7.872817121,410.4803934,407.2764848,3.64E-05,66.83704872,1.58465123,17.20807292,17.83052198,-2.66E-08,86.59541668,0,0,1,0,53031.1125,-,-,0,0,#DIV/0!,0,-,-,0,0,#DIV/0!,0.5,503.246613,7.872817121,#DIV/0!,0.015644054,#DIV/0!,#DIV/0!,-,0,#DIV/0!,#DIV/0!,#DIV/0!,#DIV/0!,#DIV/0!,#DIV/0!,#DIV/0!,#DIV/0!,596.971,503.246613,0.843000101,0.165390194,2,0.5,0: Broadleaf,2,TRUE,1652233762,400.024,403.424,17.8308,17.2113,395.405,17.6195,500.088,100.563,0.100293,27.0195,26.504,999.9,0,0,9972.5,0,3.28301,596.971,0.900002,0.0999983,0,1.6059,0,2988.2,5764.87,40.187,43.562,42.062,42.437,40.5,537.28,59.7,0,1652233762,0,1.713411538,0.086697435,-253.3104274,3019.661923,15,1652233242,9:40:42,1652233241,1652233242,1,-0.285,-0.028,4.62,0.189,403,17,0.4,0.09,-3.42923439,-0.002922021,0.020959816,1,1.71182,0.058438356,0.164141733,1,0.62359922,-0.01588616,0.001709618,1,3,3,3月3日,100,100,4.619,0.2113,4.445291379,0.000676004,-7.65E-07,4.25E-10,0.065174227,-0.023951514,0.002092542,-1.49E-05,2,2268,1,30,8.7,8.7,18,504.951,454.379,24.9998,28.359,30.0003,28.3414,28.2215,19.2998,24.726,67.4438,25,403.383,17.1813,87.6531,101.305
247,1652233764,540,20220511 09:49:24,9:49:24,0,1652233764,0.001584402,1.584402312,7.833584476,400.022,255.7789369,25.74749354,40.26744339,0.094027666,3.017738328,0.092429874,0.057909965,98.37086283,27.18577595,26.4992,3.475226839,50.08197269,1.794862839,3.583850121,1.680364,-69.87214196,85.10434669,6.071639839,119.6747074,7.832852088,1.575947004,7.833584476,410.4814236,407.2941152,4.26E-05,66.83704872,1.584402312,17.20896008,17.83118132,-1.72E-07,86.59541668,0,0,1,0,53088.02662,-,-,0,0,#DIV/0!,0,-,-,0,0,#DIV/0!,0.5,501.397371,7.833584476,#DIV/0!,0.015623505,#DIV/0!,#DIV/0!,-,0,#DIV/0!,#DIV/0!,#DIV/0!,#DIV/0!,#DIV/0!,#DIV/0!,#DIV/0!,#DIV/0!,594.777,501.397371,0.843000605,0.165391168,2,0.5,0: Broadleaf,2,TRUE,1652233764,400.022,403.406,17.8304,17.2115,395.403,17.6192,500.193,100.563,0.100072,27.0223,26.4992,999.9,0,0,9983.75,0,3.28301,594.777,0.899985,0.100015,0,1.8551,0,2976.64,5743.66,40.187,43.562,42.062,42.437,40.5,535.29,59.49,0,1652233765,0,1.721423077,0.335849566,-254.8509401,3009.211154,15,1652233242,9:40:42,1652233241,1652233242,1,-0.285,-0.028,4.62,0.189,403,17,0.4,0.09,-3.426092195,0.103006829,0.025083323,1,1.714433333,0.117791008,0.174209655,1,0.623007585,-0.018594084,0.001964264,1,3,3,3月3日,100,100,4.619,0.2112,4.445291379,0.000676004,-7.65E-07,4.25E-10,0.065174227,-0.023951514,0.002092542,-1.49E-05,2,2268,1,30,8.7,8.7,18,504.987,454.355,24.9999,28.3596,30.0004,28.342,28.2227,19.3016,24.726,67.4438,25,403.423,17.1813,87.6528,101.305
248,1652233766,542,20220511 09:49:26,9:49:26,0,1652233766,0.00157881,1.578810032,7.777153538,400.029,256.284902,25.79836458,40.26805286,0.09369444,3.020428559,0.092109237,0.057708463,98.05830065,27.18706191,26.4991,3.475206352,50.07908859,1.794949194,3.584228955,1.680257158,-69.62552241,85.48960585,6.093745076,120.0161292,7.799461944,1.576048677,7.777153538,410.4673725,407.3028242,2.14E-05,66.83704872,1.578810032,17.21084302,17.83092637,2.03E-07,86.59541668,0,0,1,0,53170.59851,-,-,0,0,#DIV/0!,0,-,-,0,0,#DIV/0!,0.5,499.801842,7.777153538,#DIV/0!,0.015560474,#DIV/0!,#DIV/0!,-,0,#DIV/0!,#DIV/0!,#DIV/0!,#DIV/0!,#DIV/0!,#DIV/0!,#DIV/0!,#DIV/0!,592.884,499.801842,0.843001063,0.165392051,2,0.5,0: Broadleaf,2,TRUE,1652233766,400.029,403.4,17.8313,17.2123,395.41,17.62,500.144,100.563,0.0998341,27.0241,26.4991,999.9,0,0,10000,0,3.28301,592.884,0.899967,0.100033,0,1.6394,0,2966.78,5725.35,40.187,43.562,42.062,42.437,40.5,533.58,59.31,0,1652233766,0,1.700608,0.223999992,-261.3423073,3000.4916,15,1652233242,9:40:42,1652233241,1652233242,1,-0.285,-0.028,4.62,0.189,403,17,0.4,0.09,-3.420420488,0.193831568,0.029866905,1,1.708409091,0.053670445,0.181337854,1,0.622321659,-0.019879882,0.002089726,1,3,3,3月3日,100,100,4.619,0.2113,4.445291379,0.000676004,-7.65E-07,4.25E-10,0.065174227,-0.023951514,0.002092542,-1.49E-05,2,2268,1,30,8.8,8.7,18,504.858,454.441,25,28.3608,30.0002,28.3432,28.2229,19.3,24.726,67.4438,25,403.415,17.1813,87.6523,101.304
249,1652233768,544,20220511 09:49:28,9:49:28,0,1652233768,0.001579267,1.579267181,7.801071721,400.032,256.0728444,25.77736495,40.26889645,0.093828236,3.01547515,0.09223598,0.057788295,97.87158365,27.18442438,26.4906,3.473465315,50.08532352,1.794993468,3.583871167,1.678471846,-69.6456827,86.45488355,6.172358656,120.8531432,7.816745302,1.573804391,7.801071721,410.4693442,407.2947818,-4.58E-06,66.83704872,1.579267181,17.21147957,17.83182527,-1.26E-08,86.59541668,0,0,1,0,53018.367,-,-,0,0,#DIV/0!,0,-,-,0,0,#DIV/0!,0.5,498.849342,7.801071721,#DIV/0!,0.015638132,#DIV/0!,#DIV/0!,-,0,#DIV/0!,#DIV/0!,#DIV/0!,#DIV/0!,#DIV/0!,#DIV/0!,#DIV/0!,#DIV/0!,591.754,498.849342,0.843001217,0.165392348,2,0.5,0: Broadleaf,2,TRUE,1652233768,400.032,403.41,17.8315,17.2133,395.413,17.6203,500.078,100.564,0.100188,27.0224,26.4906,999.9,0,0,9970,0,3.28301,591.754,0.899963,0.100037,0,1.919,0,2961.66,5714.43,40.125,43.562,42.062,42.437,40.5,532.56,59.2,0,1652233768,0,1.709103846,0.158779482,-265.994872,2994.229615,15,1652233242,9:40:42,1652233241,1652233242,1,-0.285,-0.028,4.62,0.189,403,17,0.4,0.09,-3.414898537,0.252020279,0.031981326,1,1.709194286,0.030596477,0.179685088,1,0.621776268,-0.02149246,0.002204179,1,3,3,3月3日,100,100,4.619,0.2112,4.445291379,0.000676004,-7.65E-07,4.25E-10,0.065174227,-0.023951514,0.002092542,-1.49E-05,2,2268,1,30,8.8,8.8,18,504.894,454.465,25.0001,28.3614,30.0001,28.3438,28.2239,19.301,24.726,67.4438,25,403.452,17.1813,87.6525,101.304
250,1652233770,546,20220511 09:49:30,9:49:30,0,1652233770,0.001575656,1.575656176,7.884560067,400.017,254.449016,25.61386592,40.26732729,0.093691933,3.017547662,0.092105328,0.057706142,97.50007617,27.17790342,26.4833,3.471970679,50.09942257,1.794950564,3.582776949,1.677020116,-69.48643736,86.85593557,6.196344829,121.0659192,7.844806782,1.571936787,7.884560067,410.4767002,407.2692061,-3.78E-05,66.83704872,1.575656176,17.21236745,17.83112637,2.39E-07,86.59541668,0,0,1,0,53083.07896,-,-,0,0,#DIV/0!,0,-,-,0,0,#DIV/0!,0.5,496.959729,7.884560067,#DIV/0!,0.015865592,#DIV/0!,#DIV/0!,-,0,#DIV/0!,#DIV/0!,#DIV/0!,#DIV/0!,#DIV/0!,#DIV/0!,#DIV/0!,#DIV/0!,589.513,496.959729,0.843000458,0.165390884,2,0.5,0: Broadleaf,2,TRUE,1652233770,400.017,403.405,17.8311,17.2138,395.398,17.6199,500.213,100.564,0.10004,27.0172,26.4833,999.9,0,0,9982.5,0,3.28301,589.513,0.899987,0.100014,0,1.6102,0,2950.1,5692.82,40.187,43.562,42.062,42.437,40.5,530.55,58.96,0,1652233771,0,1.721788462,-0.455538464,-258.7647863,2983.740385,15,1652233242,9:40:42,1652233241,1652233242,1,-0.285,-0.028,4.62,0.189,403,17,0.4,0.09,-3.409269268,0.192599791,0.028788404,1,1.700654545,0.19441435,0.178462579,1,0.621168951,-0.023089443,0.002332339,1,3,3,3月3日,100,100,4.619,0.2112,4.445291379,0.000676004,-7.65E-07,4.25E-10,0.065174227,-0.023951514,0.002092542,-1.49E-05,2,2268,1,30,8.8,8.8,18,504.95,454.491,25.0001,28.362,30.0001,28.345,28.2251,19.3008,24.726,67.0729,25,403.419,17.1813,87.6528,101.304
251,1652233772,548,20220511 09:49:32,9:49:32,0,1652233772,0.001572264,1.572263701,7.908418709,399.997,253.7473392,25.54292509,40.26482973,0.093496898,3.021453881,0.091918838,0.057588838,97.357551,27.17325058,26.4821,3.47172504,50.11234225,1.794939042,3.581830266,1.676785998,-69.33682923,86.43082502,6.15786993,120.6094167,7.827639136,1.574797497,7.908418709,410.4808413,407.2631697,-2.37E-05,66.83704872,1.572263701,17.21298422,17.83048901,7.25E-08,86.59541668,0,0,1,0,53204.23562,-,-,0,0,#DIV/0!,0,-,-,0,0,#DIV/0!,0.5,496.2399,7.908418709,#DIV/0!,0.015936684,#DIV/0!,#DIV/0!,-,0,#DIV/0!,#DIV/0!,#DIV/0!,#DIV/0!,#DIV/0!,#DIV/0!,#DIV/0!,#DIV/0!,588.66,496.2399,0.842999185,0.165388426,2,0.5,0: Broadleaf,2,TRUE,1652233772,399.997,403.379,17.8312,17.2127,395.378,17.62,500.151,100.563,0.0998293,27.0127,26.4821,999.9,0,0,10006.2,0,3.28301,588.66,0.900021,0.0999794,0,2.1149,0,2946.49,5684.64,40.187,43.562,42,42.437,40.5,529.81,58.85,0,1652233772,0,1.743732,0.584053843,-249.8907688,2974.7568,15,1652233242,9:40:42,1652233241,1652233242,1,-0.285,-0.028,4.62,0.189,403,17,0.4,0.09,-3.404266585,0.165981951,0.026389396,1,1.716457576,0.375556413,0.189249558,1,0.620406951,-0.022487979,0.002272171,1,3,3,3月3日,100,100,4.619,0.2112,4.445291379,0.000676004,-7.65E-07,4.25E-10,0.065174227,-0.023951514,0.002092542,-1.49E-05,2,2268,1,30,8.8,8.8,18,504.882,454.463,25.0001,28.3632,30.0001,28.3462,28.2257,19.302,24.726,67.0729,25,403.419,17.1813,87.6525,101.305
252,1652233774,550,20220511 09:49:34,9:49:34,0,1652233774,0.001572129,1.572128697,7.880659533,399.995,254.2083392,25.58965622,40.26514068,0.093489497,3.018375971,0.091910105,0.057583495,97.08822183,27.16959311,26.4821,3.47172504,50.11806271,1.79490148,3.58134649,1.67682356,-69.33087552,85.96850788,6.131106707,119.8569609,7.887922466,1.589020448,7.880659533,410.4495668,407.2427091,-3.90E-05,66.83704872,1.572128697,17.21348815,17.83105385,-2.02E-07,86.59541668,0,0,1,0,53109.79341,-,-,0,0,#DIV/0!,0,-,-,0,0,#DIV/0!,0.5,494.863671,7.880659533,#DIV/0!,0.01592491,#DIV/0!,#DIV/0!,-,0,#DIV/0!,#DIV/0!,#DIV/0!,#DIV/0!,#DIV/0!,#DIV/0!,#DIV/0!,#DIV/0!,587.027,494.863671,0.842999847,0.165389704,2,0.5,0: Broadleaf,2,TRUE,1652233774,399.995,403.404,17.8306,17.2064,395.376,17.6194,500.06,100.564,0.10011,27.0104,26.4821,999.9,0,0,9987.5,0,3.28301,587.027,0.900008,0.0999917,0,1.8529,0,2938.19,5668.85,40.187,43.562,42.062,42.437,40.437,528.33,58.7,0,1652233774,0,1.757711538,0.624283756,-255.048889,2968.431538,15,1652233242,9:40:42,1652233241,1652233242,1,-0.285,-0.028,4.62,0.189,403,17,0.4,0.09,-3.403010244,0.163055331,0.026757044,1,1.753668571,0.326794521,0.182316768,1,0.619994122,-0.014589052,0.001885641,1,3,3,3月3日,100,100,4.619,0.2112,4.445291379,0.000676004,-7.65E-07,4.25E-10,0.065174227,-0.023951514,0.002092542,-1.49E-05,2,2268,1,30,8.9,8.9,18,504.852,454.338,25.0001,28.3638,30.0002,28.3462,28.2269,19.2999,24.726,67.0729,25,403.226,17.1813,87.6526,101.304
253,1652233776,552,20220511 09:49:36,9:49:36,0,1652233776,0.001569632,1.569631836,7.8765503,399.993,253.9402437,25.56262249,40.26486667,0.093257034,3.022098452,0.091687315,0.057443404,96.717318,27.16841607,26.4881,3.47295339,50.11200349,1.794737178,3.581451654,1.678216212,-69.22076395,85.17842994,6.067474536,118.7424585,8.08357835,1.606011119,7.8765503,410.4650636,407.2605394,8.53E-06,66.83704872,1.569631836,17.21360804,17.83001978,1.48E-07,86.59541668,0,0,1,0,53224.45936,-,-,0,0,#DIV/0!,0,-,-,0,0,#DIV/0!,0.5,492.9774,7.8765503,#DIV/0!,0.015977508,#DIV/0!,#DIV/0!,-,0,#DIV/0!,#DIV/0!,#DIV/0!,#DIV/0!,#DIV/0!,#DIV/0!,#DIV/0!,#DIV/0!,584.79,492.9774,0.842999025,0.165388119,2,0.5,0: Broadleaf,2,TRUE,1652233776,399.993,403.482,17.829,17.1983,395.374,17.6179,500.199,100.564,0.0999283,27.0109,26.4881,999.9,0,0,10010,0,3.28301,584.79,0.900032,0.0999677,0,1.6148,0,2926.9,5647.29,40.125,43.562,42.062,42.375,40.437,526.33,58.46,0,1652233777,0,1.7745,0.48332991,-251.0529914,2958.120769,15,1652233242,9:40:42,1652233241,1652233242,1,-0.285,-0.028,4.62,0.189,403,17,0.4,0.09,-3.404408293,0.054725854,0.029039197,1,1.770427273,0.398854728,0.183759705,1,0.620446585,0.001859958,0.002877709,1,3,3,3月3日,100,100,4.619,0.2111,4.445291379,0.000676004,-7.65E-07,4.25E-10,0.065174227,-0.023951514,0.002092542,-1.49E-05,2,2268,1,30,8.9,8.9,18,504.907,454.294,25,28.365,30.0003,28.3474,28.2276,19.3004,24.726,67.0729,25,403.495,17.1813,87.6527,101.304
254,1652233778,554,20220511 09:49:38,9:49:38,0,1652233778,0.001574703,1.574703145,8.091355591,399.972,250.727967,25.23927599,40.26277489,0.093595353,3.020858519,0.092013692,0.057648437,96.40508661,27.16310567,26.4839,3.472093505,50.10980493,1.794416041,3.580967922,1.677677464,-69.4444087,85.45291718,6.08932738,118.5029225,8.121588564,1.608349676,8.091355591,410.5291511,407.2370182,-2.54E-05,66.83704872,1.574703145,17.20813996,17.82662308,1.81E-07,86.59541668,0,0,1,0,53186.624,-,-,0,0,#DIV/0!,0,-,-,0,0,#DIV/0!,0.5,491.383557,8.091355591,#DIV/0!,0.016466476,#DIV/0!,#DIV/0!,-,0,#DIV/0!,#DIV/0!,#DIV/0!,#DIV/0!,#DIV/0!,#DIV/0!,#DIV/0!,#DIV/0!,582.899,491.383557,0.842999485,0.165389007,2,0.5,0: Broadleaf,2,TRUE,1652233778,399.972,403.477,17.8258,17.1941,395.352,17.6148,500.136,100.564,0.0999837,27.0086,26.4839,999.9,0,0,10002.5,0,3.28301,582.899,0.900013,0.099987,0,2.0176,0,2917.21,5628.99,40.125,43.562,42.062,42.437,40.437,524.62,58.28,0,1652233778,0,1.771256,0.496876927,-251.1476919,2949.2996,15,1652233242,9:40:42,1652233241,1652233242,1,-0.285,-0.028,4.62,0.189,403,17,0.4,0.09,-3.409759756,-0.134869338,0.037904677,1,1.747084848,0.310125284,0.187105581,1,0.621367927,0.021830132,0.004358823,1,3,3,3月3日,100,100,4.62,0.211,4.445291379,0.000676004,-7.65E-07,4.25E-10,0.065174227,-0.023951514,0.002092542,-1.49E-05,2,2268,1,30,8.9,8.9,18,504.949,454.252,25,28.3662,30.0003,28.3486,28.2287,19.2995,24.726,67.0729,25,403.337,17.1813,87.6525,101.304
255,1652233780,556,20220511 09:49:40,9:49:40,0,1652233780,0.001588185,1.588185233,8.077701991,399.993,252.2752676,25.39554015,40.26569226,0.094488112,3.019134142,0.09287551,0.058189787,96.21435066,27.15588555,26.4766,3.470599385,50.11229796,1.794210247,3.580379109,1.676389138,-70.03896879,86.13659269,6.141241133,118.4532157,7.956845725,1.605661625,8.077701991,410.5309374,407.2439333,2.20E-06,66.83704872,1.588185233,17.19960611,17.82344396,-3.66E-07,86.59541668,0,0,1,0,53134.0096,-,-,0,0,#DIV/0!,0,-,-,0,0,#DIV/0!,0.5,490.410042,8.077701991,#DIV/0!,0.016471323,#DIV/0!,#DIV/0!,-,0,#DIV/0!,#DIV/0!,#DIV/0!,#DIV/0!,#DIV/0!,#DIV/0!,#DIV/0!,#DIV/0!,581.744,490.410042,0.842999742,0.165389502,2,0.5,0: Broadleaf,2,TRUE,1652233780,399.993,403.432,17.8234,17.1927,395.373,17.6124,500.093,100.566,0.0999923,27.0058,26.4766,999.9,0,0,9991.88,0,3.29395,581.744,0.90001,0.0999904,0,1.4142,0,2912.09,5617.83,40.125,43.562,42.062,42.437,40.437,523.58,58.17,0,1652233780,0,1.743792308,0.015856416,-253.8728206,2943.136154,15,1652233242,9:40:42,1652233241,1652233242,1,-0.285,-0.028,4.62,0.189,403,17,0.4,0.09,-3.413382927,-0.268739582,0.04236179,1,1.7448,0.008618395,0.194297147,1,0.622229585,0.038824307,0.005249314,1,3,3,3月3日,100,100,4.62,0.211,4.445291379,0.000676004,-7.65E-07,4.25E-10,0.065174227,-0.023951514,0.002092542,-1.49E-05,2,2268,1,30,9,9,18,504.954,454.194,25,28.3662,30.0003,28.3492,28.2299,19.2999,24.726,67.0729,25,403.458,17.1813,87.6526,101.303
256,1652233782,558,20220511 09:49:42,9:49:42,0,1652233782,0.001597492,1.597492132,7.901332019,400.011,255.9764644,25.76808215,40.2674376,0.094989219,3.02315569,0.093361754,0.058494995,95.85189861,27.15007321,26.4807,3.471438479,50.11040446,1.794016013,3.580126786,1.677422466,-70.44940304,85.3875112,6.079824022,116.8698308,7.804649598,1.60294,7.901332019,410.4917709,407.2769333,5.41E-05,66.83704872,1.597492132,17.19472734,17.82209451,-1.00E-06,86.59541668,0,0,1,0,53258.24488,-,-,0,0,#DIV/0!,0,-,-,0,0,#DIV/0!,0.5,488.559957,7.901332019,#DIV/0!,0.016172697,#DIV/0!,#DIV/0!,-,0,#DIV/0!,#DIV/0!,#DIV/0!,#DIV/0!,#DIV/0!,#DIV/0!,#DIV/0!,#DIV/0!,579.549,488.559957,0.843000259,0.1653905,2,0.5,0: Broadleaf,2,TRUE,1652233782,400.011,403.388,17.8215,17.192,395.392,17.6106,500.198,100.566,0.0998257,27.0046,26.4807,999.9,0,0,10016.2,0,3.32131,579.549,0.899993,0.100007,0,1.894,0,2900.03,5596.61,40.125,43.562,42,42.375,40.437,521.59,57.96,0,1652233783,0,1.757661538,-0.631733328,-252.5230768,2933.139231,15,1652233242,9:40:42,1652233241,1652233242,1,-0.285,-0.028,4.62,0.189,403,17,0.4,0.09,-3.413013659,-0.292713659,0.042645317,1,1.737875758,-0.203933069,0.192232041,1,0.623187122,0.048341038,0.005734075,1,3,3,3月3日,100,100,4.619,0.2109,4.445291379,0.000676004,-7.65E-07,4.25E-10,0.065174227,-0.023951514,0.002092542,-1.49E-05,2,2268,1,30,9,9,18,504.948,454.216,25,28.3674,30.0003,28.3504,28.2305,19.3021,24.726,67.0729,25,403.402,17.183,87.6528,101.303
257,1652233784,560,20220511 09:49:44,9:49:44,0,1652233784,0.001594626,1.594626202,7.885251878,400.012,255.9859064,25.76878266,40.26714766,0.094800262,3.023040137,0.093179145,0.058380307,95.66986212,27.14805987,26.4805,3.471397544,50.10704798,1.793716748,3.579769356,1.677680795,-70.3230155,85.13978025,6.062358955,116.5489858,7.941934357,1.593755471,7.885251878,410.4619286,407.2534485,-1.21E-05,66.83704872,1.594626202,17.19302117,17.81936703,-6.13E-07,86.59541668,0,0,1,0,53254.95839,-,-,0,0,#DIV/0!,0,-,-,0,0,#DIV/0!,0.5,487.631844,7.885251878,#DIV/0!,0.016170502,#DIV/0!,#DIV/0!,-,0,#DIV/0!,#DIV/0!,#DIV/0!,#DIV/0!,#DIV/0!,#DIV/0!,#DIV/0!,#DIV/0!,578.448,487.631844,0.843000311,0.165390601,2,0.5,0: Broadleaf,2,TRUE,1652233784,400.012,403.443,17.8187,17.1927,395.393,17.6079,500.114,100.565,0.0998492,27.0029,26.4805,999.9,0,0,10015.6,0,3.33773,578.448,0.899984,0.100016,0,1.6733,0,2895.27,5585.97,40.125,43.562,42,42.375,40.437,520.59,57.85,0,1652233784,0,1.742676,-1.200892298,-246.2069226,2924.1996,15,1652233242,9:40:42,1652233241,1652233242,1,-0.285,-0.028,4.62,0.189,403,17,0.4,0.09,-3.415257805,-0.256714286,0.042310811,1,1.731306061,-0.292149275,0.190538069,1,0.624033341,0.049403791,0.005790048,1,3,3,3月3日,100,100,4.619,0.2108,4.445291379,0.000676004,-7.65E-07,4.25E-10,0.065174227,-0.023951514,0.002092542,-1.49E-05,2,2268,1,30,9.1,9,18,504.985,454.242,25,28.3686,30.0003,28.351,28.2317,19.2987,24.726,67.0729,25,403.366,17.1838,87.6531,101.303
258,1652233786,562,20220511 09:49:46,9:49:46,0,1652233786,0.001589695,1.58969536,7.867183573,400.03,255.8607569,25.75603018,40.26871833,0.094481345,3.017444923,0.092868086,0.058185204,95.394339,27.14737797,26.4811,3.471520352,50.10092071,1.793434207,3.579643211,1.678086145,-70.10556537,84.78698696,6.048433147,116.1241937,8.076424476,1.583099341,7.867183573,410.4896064,407.288303,3.50E-05,66.83704872,1.58969536,17.19192148,17.81631538,-4.82E-07,86.59541668,0,0,1,0,53082.55166,-,-,0,0,#DIV/0!,0,-,-,0,0,#DIV/0!,0.5,486.2259,7.867183573,#DIV/0!,0.0161801,#DIV/0!,#DIV/0!,-,0,#DIV/0!,#DIV/0!,#DIV/0!,#DIV/0!,#DIV/0!,#DIV/0!,#DIV/0!,#DIV/0!,576.78,486.2259,0.843000624,0.165391205,2,0.5,0: Broadleaf,2,TRUE,1652233786,400.03,403.513,17.816,17.1942,395.411,17.6053,500.127,100.564,0.100246,27.0023,26.4811,999.9,0,0,9981.88,0,3.33773,576.78,0.899972,0.100028,0,1.5666,0,2886.8,5569.85,40.125,43.562,42,42.375,40.437,519.09,57.69,0,1652233786,0,1.734930769,-1.544772646,-253.8078633,2917.927692,15,1652233242,9:40:42,1652233241,1652233242,1,-0.285,-0.028,4.62,0.189,403,17,0.4,0.09,-3.421409756,-0.205961603,0.040280888,1,1.717145714,-0.377673581,0.187946385,1,0.624551683,0.040327192,0.005559372,1,3,3,3月3日,100,100,4.619,0.2107,4.445291379,0.000676004,-7.65E-07,4.25E-10,0.065174227,-0.023951514,0.002092542,-1.49E-05,2,2268,1,30,9.1,9.1,18,505.02,454.215,24.9999,28.3692,30.0003,28.3516,28.2324,19.2959,24.726,67.0729,25,403.33,17.1877,87.6529,101.304
259,1652233788,564,20220511 09:49:48,9:49:48,0,1652233788,0.001585969,1.58596866,7.910437235,400.056,254.9506881,25.66443638,40.2713632,0.094334346,3.012777173,0.092723611,0.058094684,95.07357327,27.14558918,26.4744,3.470149212,50.10250453,1.793375037,3.579411956,1.676774175,-69.94121791,85.56540728,6.113181624,116.8109443,7.848371184,1.579933887,7.910437235,410.5438522,407.3250788,6.55E-05,66.83704872,1.58596866,17.19234061,17.81521758,-9.70E-07,86.59541668,0,0,1,0,52939.14342,-,-,0,0,#DIV/0!,0,-,-,0,0,#DIV/0!,0.5,484.592799,7.910437235,#DIV/0!,0.016323885,#DIV/0!,#DIV/0!,-,0,#DIV/0!,#DIV/0!,#DIV/0!,#DIV/0!,#DIV/0!,#DIV/0!,#DIV/0!,#DIV/0!,574.843,484.592799,0.843000261,0.165390504,2,0.5,0: Broadleaf,2,TRUE,1652233788,400.056,403.447,17.8154,17.1949,395.437,17.6047,500.173,100.564,0.100315,27.0012,26.4744,999.9,0,0,9953.75,0,3.33773,574.843,0.899998,0.100002,0,1.5895,0,2877.42,5551.17,40.125,43.562,42,42.375,40.437,517.36,57.49,0,1652233789,0,1.701726923,-0.77696068,-252.4560683,2907.839231,15,1652233242,9:40:42,1652233241,1652233242,1,-0.285,-0.028,4.62,0.189,403,17,0.4,0.09,-3.427673171,-0.131230035,0.038449634,1,1.731106061,-0.613858109,0.188668528,1,0.624791488,0.024509268,0.005358133,1,3,3,3月3日,100,100,4.619,0.2107,4.445291379,0.000676004,-7.65E-07,4.25E-10,0.065174227,-0.023951514,0.002092542,-1.49E-05,2,2268,1,30,9.1,9.1,18,504.968,454.118,25,28.3705,30.0001,28.3528,28.2329,19.2969,24.726,67.0729,25,403.41,17.1847,87.6532,101.304
260,1652233790,566,20220511 09:49:50,9:49:50,0,1652233790,0.001583813,1.583812964,7.892880336,400.057,255.1600003,25.68513927,40.27088786,0.09426411,3.017219666,0.092658075,0.058053313,94.79516372,27.14323899,26.4689,3.469024004,50.10530611,1.793359453,3.579180714,1.675664551,-69.84615171,86.40730093,6.164037332,117.5203503,7.746759402,1.578511494,7.892880336,410.5267537,407.3146061,8.59E-06,66.83704872,1.583812964,17.19383792,17.81602637,-8.83E-07,86.59541668,0,0,1,0,53075.98338,-,-,0,0,#DIV/0!,0,-,-,0,0,#DIV/0!,0.5,483.179301,7.892880336,#DIV/0!,0.016335303,#DIV/0!,#DIV/0!,-,0,#DIV/0!,#DIV/0!,#DIV/0!,#DIV/0!,#DIV/0!,#DIV/0!,#DIV/0!,#DIV/0!,573.167,483.179301,0.842999163,0.165388384,2,0.5,0: Broadleaf,2,TRUE,1652233790,400.057,403.408,17.8155,17.1954,395.438,17.6048,500.045,100.563,0.0998752,27.0001,26.4689,999.9,0,0,9980.62,0,3.33773,573.167,0.900023,0.099977,0,1.4114,0,2868.86,5535.02,40.125,43.562,42,42.375,40.437,515.86,57.3,0,1652233790,0,1.674632,0.337638466,-250.151538,2899.0256,15,1652233242,9:40:42,1652233241,1652233242,1,-0.285,-0.028,4.62,0.189,403,17,0.4,0.09,-3.42596439,0.019183484,0.0401334,1,1.743957576,-0.468717276,0.192990232,1,0.624998878,0.005503986,0.005140874,1,3,3,3月3日,100,100,4.619,0.2107,4.445291379,0.000676004,-7.65E-07,4.25E-10,0.065174227,-0.023951514,0.002092542,-1.49E-05,2,2268,1,30,9.2,9.1,18,504.912,454.111,25.0001,28.3711,30.0001,28.3534,28.2341,19.2947,24.726,67.0729,25,403.357,17.1889,87.6536,101.303
261,1652233792,568,20220511 09:49:52,9:49:52,0,1652233792,0.001579646,1.579645924,7.836120793,400.037,255.7734293,25.74715431,40.26928988,0.094023337,3.022098452,0.092427954,0.057908555,94.52682718,27.14133896,26.4671,3.468655823,50.10485408,1.793216885,3.578928465,1.675438938,-69.66238527,86.64477629,6.170907088,117.6801253,7.804922704,1.575838613,7.836120793,410.4803397,407.292303,-3.47E-05,66.83704872,1.579645924,17.19451691,17.81491209,-7.49E-08,86.59541668,0,0,1,0,53226.58835,-,-,0,0,#DIV/0!,0,-,-,0,0,#DIV/0!,0.5,481.802829,7.836120793,#DIV/0!,0.016264165,#DIV/0!,#DIV/0!,-,0,#DIV/0!,#DIV/0!,#DIV/0!,#DIV/0!,#DIV/0!,#DIV/0!,#DIV/0!,#DIV/0!,571.533,481.802829,0.843000892,0.165391722,2,0.5,0: Broadleaf,2,TRUE,1652233792,400.037,403.41,17.8139,17.195,395.418,17.6032,500.167,100.564,0.0999133,26.9989,26.4671,999.9,0,0,10010,0,3.33773,571.533,0.899973,0.100027,0,1.6666,0,2860.48,5519.17,40.125,43.562,42,42.437,40.437,514.36,57.17,0,1652233792,0,1.690276923,0.455070087,-252.0964104,2892.847692,15,1652233242,9:40:42,1652233241,1652233242,1,-0.285,-0.028,4.62,0.189,403,17,0.4,0.09,-3.424632683,0.152468362,0.041712824,1,1.735011429,-0.440768689,0.192645345,1,0.625276805,-0.017582906,0.004764099,1,3,3,3月3日,100,100,4.619,0.2107,4.445291379,0.000676004,-7.65E-07,4.25E-10,0.065174227,-0.023951514,0.002092542,-1.49E-05,2,2268,1,30,9.2,9.2,18,504.968,454.133,25,28.3717,30.0002,28.3546,28.2348,19.2966,24.726,67.0729,25,403.386,17.1893,87.6534,101.303
262,1652233794,570,20220511 09:49:54,9:49:54,0,1652233794,0.001568954,1.568953599,7.832136049,400.036,255.0449835,25.67407672,40.2695823,0.093452398,3.023568618,0.091876908,0.057562407,94.24998066,27.1401893,26.4598,3.467162995,50.10675434,1.793053192,3.578466049,1.674109803,-69.1908537,87.51826037,6.229790435,118.8071778,7.615618411,1.569341132,7.832136049,410.4784463,407.2921636,-1.25E-05,66.83704872,1.568953599,17.19574034,17.81188681,2.10E-07,86.59541668,0,0,1,0,53272.37179,-,-,0,0,#DIV/0!,0,-,-,0,0,#DIV/0!,0.5,480.395442,7.832136049,#DIV/0!,0.016303519,#DIV/0!,#DIV/0!,-,0,#DIV/0!,#DIV/0!,#DIV/0!,#DIV/0!,#DIV/0!,#DIV/0!,#DIV/0!,#DIV/0!,569.864,480.395442,0.843000158,0.165390305,2,0.5,0: Broadleaf,2,TRUE,1652233794,400.036,403.332,17.8121,17.1958,395.417,17.6015,500.207,100.565,0.0998959,26.9967,26.4598,999.9,0,0,10018.8,0,3.33773,569.864,0.900002,0.0999984,0,2.2435,0,2852.39,5503.1,40.062,43.562,42,42.375,40.437,512.88,56.99,0,1652233795,0,1.723207692,1.315193156,-242.0451281,2883.276923,15,1652233242,9:40:42,1652233241,1652233242,1,-0.285,-0.028,4.62,0.189,403,17,0.4,0.09,-3.420197317,0.35719338,0.0480767,1,1.716784848,0.191940167,0.180650471,1,0.625158659,-0.041236767,0.004920909,1,3,3,3月3日,100,100,4.619,0.2106,4.445291379,0.000676004,-7.65E-07,4.25E-10,0.065174227,-0.023951514,0.002092542,-1.49E-05,2,2268,1,30,9.2,9.2,18,504.947,454.125,25,28.3729,30.0003,28.3559,28.2359,19.2967,24.726,67.0729,25,403.364,17.1919,87.6532,101.303
263,1652233796,572,20220511 09:49:56,9:49:56,0,1652233796,0.001570726,1.57072572,7.649251413,400.03,258.3283062,26.00433396,40.26857864,0.093563388,3.025202624,0.091985025,0.057630233,94.06552122,27.13681417,26.4592,3.467040322,50.1112733,1.79302533,3.578087747,1.674014992,-69.26900424,87.36984359,6.215791842,118.3821524,7.638275312,1.565236578,7.649251413,410.3985848,407.2861091,-7.76E-06,66.83704872,1.57072572,17.19500239,17.81196264,-5.99E-07,86.59541668,0,0,1,0,53323.12912,-,-,0,0,#DIV/0!,0,-,-,0,0,#DIV/0!,0.5,479.454714,7.649251413,#DIV/0!,0.015954064,#DIV/0!,#DIV/0!,-,0,#DIV/0!,#DIV/0!,#DIV/0!,#DIV/0!,#DIV/0!,#DIV/0!,#DIV/0!,#DIV/0!,568.748,479.454714,0.843000264,0.165390509,2,0.5,0: Broadleaf,2,TRUE,1652233796,400.03,403.335,17.812,17.1972,395.411,17.6015,500.116,100.564,0.0998968,26.9949,26.4592,999.9,0,0,10028.8,0,3.33773,568.748,0.899993,0.100007,0,1.2569,0,2847.39,5492.31,40.062,43.562,42,42.437,40.437,511.87,56.88,0,1652233796,0,1.73532,0.837299983,-232.9215381,2874.6248,15,1652233242,9:40:42,1652233241,1652233242,1,-0.285,-0.028,4.62,0.189,403,17,0.4,0.09,-3.405479024,0.552109756,0.062762672,0,1.730109091,0.906555487,0.191818708,1,0.6242,-0.055684014,0.005634906,1,2,3,2月3日,100,100,4.619,0.2105,4.445291379,0.000676004,-7.65E-07,4.25E-10,0.065174227,-0.023951514,0.002092542,-1.49E-05,2,2268,1,30,9.2,9.2,18,504.936,454.118,25,28.3735,30.0002,28.3565,28.2371,19.2961,24.726,67.0729,25,403.398,17.1944,87.6535,101.303
264,1652233798,574,20220511 09:49:58,9:49:58,0,1652233798,0.001571918,1.57191783,7.641184133,400.008,258.7468546,26.04629,40.26609091,0.09377512,3.021883672,0.092187961,0.057757838,93.77956994,27.13052066,26.4476,3.464669384,50.12558703,1.793063499,3.577142145,1.671605884,-69.3215763,88.43069219,6.297666684,119.1863525,7.784705533,1.56523625,7.641184133,410.3784256,407.2698303,-2.56E-05,66.83704872,1.57191783,17.19556987,17.8128978,-6.01E-07,86.59541668,0,0,1,0,53221.4485,-,-,0,0,#DIV/0!,0,-,-,0,0,#DIV/0!,0.5,478.001715,7.641184133,#DIV/0!,0.015985684,#DIV/0!,#DIV/0!,-,0,#DIV/0!,#DIV/0!,#DIV/0!,#DIV/0!,#DIV/0!,#DIV/0!,#DIV/0!,#DIV/0!,567.025,478.001715,0.842999365,0.165388775,2,0.5,0: Broadleaf,2,TRUE,1652233798,400.008,403.371,17.8125,17.1978,395.388,17.6019,500.197,100.563,0.100214,26.9904,26.4476,999.9,0,0,10008.8,0,3.33773,567.025,0.900022,0.0999779,0,1.6971,0,2838.38,5475.72,40.062,43.562,42,42.375,40.437,510.33,56.69,0,1652233798,0,1.748696154,0.8156752,-240.0369232,2868.506923,15,1652233242,9:40:42,1652233241,1652233242,1,-0.285,-0.028,4.62,0.189,403,17,0.4,0.09,-3.39092,0.504650174,0.059776127,0,1.731511429,0.551030137,0.208416998,1,0.62262739,-0.057336648,0.005758635,1,2,3,2月3日,100,100,4.62,0.2106,4.445291379,0.000676004,-7.65E-07,4.25E-10,0.065174227,-0.023951514,0.002092542,-1.49E-05,2,2268,1,30,9.3,9.3,18,505.024,454.039,25,28.3747,30.0002,28.3577,28.2377,19.2978,24.726,67.0729,25,403.447,17.1949,87.6537,101.303
265,1652233800,576,20220511 09:50:00,9:50:00,0,1652233800,0.001567756,1.567756294,7.826760546,399.986,255.2884217,25.69791076,40.26349673,0.093583897,3.016686058,0.092000472,0.057640328,93.50360856,27.12221628,26.4425,3.463627437,50.14895571,1.793056662,3.575461614,1.670570775,-69.13805257,87.80694898,6.26360962,118.4361146,7.831969518,1.562154306,7.826760546,410.4281969,407.2436242,-4.41E-05,66.83704872,1.567756294,17.19708463,17.81288462,3.51E-08,86.59541668,0,0,1,0,53062.66426,-,-,0,0,#DIV/0!,0,-,-,0,0,#DIV/0!,0.5,476.593272,7.826760546,#DIV/0!,0.016422306,#DIV/0!,#DIV/0!,-,0,#DIV/0!,#DIV/0!,#DIV/0!,#DIV/0!,#DIV/0!,#DIV/0!,#DIV/0!,#DIV/0!,565.354,476.593272,0.842999735,0.165389488,2,0.5,0: Broadleaf,2,TRUE,1652233800,399.986,403.368,17.8126,17.199,395.367,17.602,500.107,100.562,0.100265,26.9824,26.4425,999.9,0,0,9977.5,0,3.33773,565.354,0.900009,0.0999907,0,1.9344,0,2829.77,5459.56,40.062,43.562,42,42.375,40.437,508.82,56.53,0,1652233801,0,1.795619231,0.899811953,-239.339829,2858.804231,15,1652233242,9:40:42,1652233241,1652233242,1,-0.285,-0.028,4.62,0.189,403,17,0.4,0.09,-3.379517073,0.371939164,0.051749743,1,1.760339394,0.78607758,0.210296957,1,0.620964463,-0.053353443,0.005412759,1,3,3,3月3日,100,100,4.619,0.2106,4.445291379,0.000676004,-7.65E-07,4.25E-10,0.065174227,-0.023951514,0.002092542,-1.49E-05,2,2268,1,30,9.3,9.3,18,505.045,454.031,25.0001,28.3759,30.0002,28.3583,28.2389,19.2977,24.726,67.0729,25,403.436,17.196,87.6535,101.302
266,1652233802,578,20220511 09:50:02,9:50:02,0,1652233802,0.00156506,1.565059566,7.873600537,399.959,254.1679755,25.58529849,40.26105326,0.093379534,3.019601242,0.091804448,0.057517082,93.18625839,27.11525324,26.446,3.464342469,50.16637326,1.793078949,3.574264657,1.67126352,-69.01912686,86.39410827,6.156808547,116.7180484,7.895124863,1.562273163,7.873600537,410.4207948,407.2174364,-4.98E-05,66.83704872,1.565059566,17.1976425,17.81233626,1.22E-07,86.59541668,0,0,1,0,53153.49554,-,-,0,0,#DIV/0!,0,-,-,0,0,#DIV/0!,0.5,474.972543,7.873600537,#DIV/0!,0.016576959,#DIV/0!,#DIV/0!,-,0,#DIV/0!,#DIV/0!,#DIV/0!,#DIV/0!,#DIV/0!,#DIV/0!,#DIV/0!,#DIV/0!,563.431,474.972543,0.843000373,0.165390719,2,0.5,0: Broadleaf,2,TRUE,1652233802,399.959,403.366,17.8127,17.1991,395.34,17.6021,500.145,100.563,0.0999511,26.9767,26.446,999.9,0,0,9995,0,3.33773,563.431,0.899992,0.100008,0,1.8599,0,2820.11,5440.96,40.062,43.5,42,42.375,40.437,507.08,56.35,0,1652233802,0,1.8193,0.854238442,-242.7961534,2850.2912,15,1652233242,9:40:42,1652233241,1652233242,1,-0.285,-0.028,4.62,0.189,403,17,0.4,0.09,-3.37480561,0.267502578,0.048900582,1,1.785333333,0.804821656,0.206766819,1,0.619299488,-0.047272599,0.004837468,1,3,3,3月3日,100,100,4.619,0.2106,4.445291379,0.000676004,-7.65E-07,4.25E-10,0.065174227,-0.023951514,0.002092542,-1.49E-05,2,2268,1,30,9.3,9.3,18,505.008,454.071,25.0001,28.3759,30.0003,28.3595,28.2396,19.2995,24.726,67.0729,25,403.47,17.1959,87.654,101.301
267,1652233804,580,20220511 09:50:04,9:50:04,0,1652233804,0.001560316,1.560315805,7.879572156,399.954,253.8048089,25.54893532,40.26085607,0.093191304,3.025400572,0.091625457,0.057404404,92.90470645,27.11229148,26.437,3.462504075,50.17156146,1.793022118,3.573781773,1.669481957,-68.80992702,87.65283963,6.23418478,117.9818038,7.941516526,1.560344374,7.879572156,410.4236458,407.2178727,-1.10E-05,66.83704872,1.560315805,17.19896298,17.81175165,3.78E-08,86.59541668,0,0,1,0,53332.88869,-,-,0,0,#DIV/0!,0,-,-,0,0,#DIV/0!,0.5,473.543028,7.879572156,#DIV/0!,0.016639612,#DIV/0!,#DIV/0!,-,0,#DIV/0!,#DIV/0!,#DIV/0!,#DIV/0!,#DIV/0!,#DIV/0!,#DIV/0!,#DIV/0!,561.736,473.543028,0.842999252,0.165388557,2,0.5,0: Broadleaf,2,TRUE,1652233804,399.954,403.379,17.812,17.1992,395.335,17.6015,500.18,100.564,0.0997165,26.9744,26.437,999.9,0,0,10030,0,3.32678,561.736,0.900024,0.0999765,0,1.5353,0,2811.46,5424.64,40.062,43.562,42,42.375,40.437,505.58,56.16,0,1652233804,0,1.826403846,-0.000119677,-248.5634189,2844.133846,15,1652233242,9:40:42,1652233241,1652233242,1,-0.285,-0.028,4.62,0.189,403,17,0.4,0.09,-3.377882683,0.139350523,0.051027524,1,1.784342857,0.550205871,0.201348821,1,0.617729683,-0.038473986,0.003913432,1,3,3,3月3日,100,100,4.619,0.2105,4.445291379,0.000676004,-7.65E-07,4.25E-10,0.065174227,-0.023951514,0.002092542,-1.49E-05,2,2268,1,30,9.4,9.4,18,504.909,454.091,25.0002,28.3771,30.0003,28.3607,28.2401,19.3013,24.726,67.0729,25,403.487,17.1664,87.6542,101.301
268,1652233806,582,20220511 09:50:06,9:50:06,0,1652233806,0.0015621,1.562099754,7.984593098,399.966,252.0672836,25.37431249,40.26251296,0.093234561,3.023964873,0.091666543,0.057430273,92.63100261,27.10973515,26.4434,3.46381129,50.17726951,1.793162908,3.573655812,1.670648382,-68.88859913,86.47004814,6.153158774,116.3656104,7.917197705,1.559444091,7.984593098,410.4570629,407.2077273,-8.92E-06,66.83704872,1.562099754,17.19909467,17.81273956,-1.97E-07,86.59541668,0,0,1,0,53288.67312,-,-,0,0,#DIV/0!,0,-,-,0,0,#DIV/0!,0.5,472.146357,7.984593098,#DIV/0!,0.016911267,#DIV/0!,#DIV/0!,-,0,#DIV/0!,#DIV/0!,#DIV/0!,#DIV/0!,#DIV/0!,#DIV/0!,#DIV/0!,#DIV/0!,560.079,472.146357,0.842999571,0.165389173,2,0.5,0: Broadleaf,2,TRUE,1652233806,399.966,403.382,17.8132,17.2006,395.347,17.6026,500.054,100.565,0.0998389,26.9738,26.4434,999.9,0,0,10021.2,0,3.29942,560.079,0.900011,0.0999894,0,1.8938,0,2803.36,5408.62,40.062,43.5,42,42.375,40.375,504.08,56,0,1652233807,0,1.813611538,-0.472188048,-248.6656409,2834.327308,15,1652233242,9:40:42,1652233241,1652233242,1,-0.285,-0.028,4.62,0.189,403,17,0.4,0.09,-3.378348537,-0.051011916,0.051407761,1,1.79650303,-0.099484746,0.205895602,1,0.616524244,-0.031452732,0.003209918,1,3,3,3月3日,100,100,4.619,0.2106,4.445291379,0.000676004,-7.65E-07,4.25E-10,0.065174227,-0.023951514,0.002092542,-1.49E-05,2,2268,1,30,9.4,9.4,18,504.956,454.084,25.0001,28.3783,30.0002,28.3607,28.2413,19.3017,24.726,67.0729,25,403.401,17.1607,87.654,101.301
269,1652233808,584,20220511 09:50:08,9:50:08,0,1652233808,0.001566348,1.566348302,7.92550701,399.98,253.3060623,25.49906667,40.2640055,0.093389291,3.020047849,0.091814108,0.057523129,92.40465822,27.10642829,26.453,3.46577292,50.18399619,1.793287413,3.573424895,1.672485507,-69.07596014,84.61590117,6.029284606,113.9738839,7.873845372,1.558953493,7.92550701,410.4461132,407.2212485,1.53E-05,66.83704872,1.566348302,17.19909324,17.8142989,-1.71E-07,86.59541668,0,0,1,0,53168.01463,-,-,0,0,#DIV/0!,0,-,-,0,0,#DIV/0!,0.5,470.990814,7.92550701,#DIV/0!,0.016827307,#DIV/0!,#DIV/0!,-,0,#DIV/0!,#DIV/0!,#DIV/0!,#DIV/0!,#DIV/0!,#DIV/0!,#DIV/0!,#DIV/0!,558.708,470.990814,0.842999946,0.165389896,2,0.5,0: Broadleaf,2,TRUE,1652233808,399.98,403.378,17.8144,17.2021,395.361,17.6037,500.141,100.565,0.100047,26.9727,26.453,999.9,0,0,9997.5,0,3.28301,558.708,0.9,0.1,0,1.9032,0,2796.38,5395.37,40.062,43.562,42,42.375,40.375,502.84,55.87,0,1652233808,0,1.825708,-0.165761553,-251.8061534,2825.726,15,1652233242,9:40:42,1652233241,1652233242,1,-0.285,-0.028,4.62,0.189,403,17,0.4,0.09,-3.373291463,-0.229065784,0.045515169,1,1.811563636,0.060192598,0.206175027,1,0.615631707,-0.027325735,0.002852276,1,3,3,3月3日,100,100,4.619,0.2107,4.445291379,0.000676004,-7.65E-07,4.25E-10,0.065174227,-0.023951514,0.002092542,-1.49E-05,2,2268,1,30,9.4,9.4,18,504.981,454.023,25.0002,28.3783,30.0002,28.3619,28.242,19.3013,24.726,67.0729,25,403.439,17.1566,87.6538,101.3
270,1652233810,586,20220511 09:50:10,9:50:10,0,1652233810,0.001563691,1.563691134,7.810427177,399.996,255.1746578,25.68691375,40.26521614,0.093299918,3.018789977,0.091727078,0.057468529,92.08477761,27.10591785,26.4468,3.464505923,50.1820106,1.793279665,3.573550848,1.671226258,-68.958779,85.68735127,6.108003541,114.9213534,8.02798119,1.556249438,7.810427177,410.4252895,407.2473152,3.90E-05,66.83704872,1.563691134,17.19994941,17.81406923,4.44E-07,86.59541668,0,0,1,0,53129.11772,-,-,0,0,#DIV/0!,0,-,-,0,0,#DIV/0!,0.5,469.356657,7.810427177,#DIV/0!,0.016640708,#DIV/0!,#DIV/0!,-,0,#DIV/0!,#DIV/0!,#DIV/0!,#DIV/0!,#DIV/0!,#DIV/0!,#DIV/0!,#DIV/0!,556.769,469.356657,0.8430007,0.165391352,2,0.5,0: Broadleaf,2,TRUE,1652233810,399.996,403.455,17.8145,17.2033,395.376,17.6038,500.172,100.564,0.100047,26.9733,26.4468,999.9,0,0,9990,0,3.28301,556.769,0.899985,0.100015,0,1.5,0,2787.05,5376.62,40.062,43.5,42,42.375,40.375,501.08,55.69,0,1652233810,0,1.789488462,-0.331025652,-254.831795,2819.019615,15,1652233242,9:40:42,1652233241,1652233242,1,-0.285,-0.028,4.62,0.189,403,17,0.4,0.09,-3.377612683,-0.341419024,0.048818547,1,1.797448571,-0.163695499,0.205669643,1,0.614750415,-0.023937366,0.002527088,1,3,3,3月3日,100,100,4.62,0.2107,4.445291379,0.000676004,-7.65E-07,4.25E-10,0.065174227,-0.023951514,0.002092542,-1.49E-05,2,2268,1,30,9.5,9.5,18,504.944,454.031,25.0001,28.3795,30.0002,28.3631,28.2431,19.3,24.726,67.0729,25,403.373,17.1488,87.6536,101.3
271,1652233812,588,20220511 09:50:12,9:50:12,0,1652233812,0.001560535,1.560535292,7.975395919,400.006,252.1487329,25.3823114,40.26622198,0.093156984,3.017340522,0.091588176,0.057381361,91.89665439,27.10739632,26.4429,3.463709148,50.1781251,1.793319895,3.573907737,1.670389253,-68.81960636,86.55716579,6.172902094,115.8071159,8.033625069,1.558087656,7.975395919,410.5030614,407.2576364,2.36E-05,66.83704872,1.560535292,17.20156101,17.81452088,2.54E-07,86.59541668,0,0,1,0,53084.16745,-,-,0,0,#DIV/0!,0,-,-,0,0,#DIV/0!,0.5,468.404943,7.975395919,#DIV/0!,0.017026712,#DIV/0!,#DIV/0!,-,0,#DIV/0!,#DIV/0!,#DIV/0!,#DIV/0!,#DIV/0!,#DIV/0!,#DIV/0!,#DIV/0!,555.641,468.404943,0.842999244,0.165388541,2,0.5,0: Broadleaf,2,TRUE,1652233812,400.006,403.468,17.8149,17.2029,395.387,17.6042,500.108,100.564,0.100045,26.975,26.4429,999.9,0,0,9981.25,0,3.28301,555.641,0.900019,0.0999815,0,1.7955,0,2781.64,5365.77,40.062,43.5,42,42.375,40.375,500.09,55.55,0,1652233813,0,1.80605,-0.701336757,-247.5230769,2809.193462,15,1652233242,9:40:42,1652233241,1652233242,1,-0.285,-0.028,4.62,0.189,403,17,0.4,0.09,-3.385735854,-0.435928223,0.053062842,1,1.806957576,-0.414399307,0.199206353,1,0.613891537,-0.019731868,0.002069222,1,3,3,3月3日,100,100,4.619,0.2107,4.445291379,0.000676004,-7.65E-07,4.25E-10,0.065174227,-0.023951514,0.002092542,-1.49E-05,2,2268,1,30,9.5,9.5,18,504.965,454.057,25.0001,28.3808,30.0002,28.3637,28.2443,19.2984,24.726,67.0729,25,403.402,17.1467,87.6535,101.3
272,1652233814,590,20220511 09:50:14,9:50:14,0,1652233814,0.001558568,1.558567679,7.977425923,400.022,251.9347231,25.36075274,40.26780789,0.093023342,3.018582987,0.091459624,0.057300569,91.581231,27.10653411,26.444,3.463933863,50.17633885,1.793308728,3.57401271,1.670625136,-68.73283464,86.49516514,6.165990847,115.5095524,7.93471827,1.557762073,7.977425923,410.5174895,407.2716242,2.30E-05,66.83704872,1.558567679,17.20308828,17.8152044,4.68E-09,86.59541668,0,0,1,0,53122.35033,-,-,0,0,#DIV/0!,0,-,-,0,0,#DIV/0!,0.5,466.7943,7.977425923,#DIV/0!,0.01708981,#DIV/0!,#DIV/0!,-,0,#DIV/0!,#DIV/0!,#DIV/0!,#DIV/0!,#DIV/0!,#DIV/0!,#DIV/0!,#DIV/0!,553.73,466.7943,0.842999837,0.165389686,2,0.5,0: Broadleaf,2,TRUE,1652233814,400.022,403.444,17.8148,17.203,395.403,17.6041,500.167,100.564,0.0999832,26.9755,26.444,999.9,0,0,9988.75,0,3.28301,553.73,0.900002,0.0999977,0,1.4213,0,2771.76,5347.29,40.062,43.5,42,42.375,40.375,498.36,55.37,0,1652233814,0,1.775516,-0.790961549,-248.4776919,2800.4912,15,1652233242,9:40:42,1652233241,1652233242,1,-0.285,-0.028,4.62,0.189,403,17,0.4,0.09,-3.392946341,-0.46978892,0.054159161,1,1.803018182,-0.383497882,0.21132977,1,0.613240146,-0.014574627,0.001512701,1,3,3,3月3日,100,100,4.619,0.2107,4.445291379,0.000676004,-7.65E-07,4.25E-10,0.065174227,-0.023951514,0.002092542,-1.49E-05,2,2268,1,30,9.6,9.5,18,504.944,454.062,25.0003,28.3814,30.0003,28.3649,28.2449,19.2969,24.726,67.0729,25,403.323,17.141,87.6532,101.3
273,1652233816,592,20220511 09:50:16,9:50:16,0,1652233816,0.001557456,1.557456376,7.979327839,400,251.6680102,25.33416151,40.266002,0.092882972,3.016942617,0.091323095,0.057214901,91.216356,27.10428825,26.4506,3.465282422,50.1788853,1.793347064,3.573907737,1.671935358,-68.68382616,85.29335079,6.08380856,113.9096892,7.906582512,1.556259009,7.979327839,410.5049254,407.2580121,-1.57E-05,66.83704872,1.557456376,17.20320584,17.81497473,2.10E-07,86.59541668,0,0,1,0,53071.93619,-,-,0,0,#DIV/0!,0,-,-,0,0,#DIV/0!,0.5,464.9316,7.979327839,#DIV/0!,0.017162369,#DIV/0!,#DIV/0!,-,0,#DIV/0!,#DIV/0!,#DIV/0!,#DIV/0!,#DIV/0!,#DIV/0!,#DIV/0!,#DIV/0!,551.52,464.9316,0.843000435,0.16539084,2,0.5,0: Broadleaf,2,TRUE,1652233816,400,403.411,17.815,17.2037,395.381,17.6043,500.093,100.565,0.100005,26.975,26.4506,999.9,0,0,9978.75,0,3.28301,551.52,0.899986,0.100014,0,1.7122,0,2760.36,5325.93,40.062,43.5,41.937,42.375,40.375,496.36,55.16,0,1652233816,0,1.75155,-0.473507703,-249.1326497,2794.156538,15,1652233242,9:40:42,1652233241,1652233242,1,-0.285,-0.028,4.62,0.189,403,17,0.4,0.09,-3.406612927,-0.329073031,0.042161553,1,1.768511429,-0.324321722,0.200962067,1,0.612841171,-0.011671735,0.001257569,1,3,3,3月3日,100,100,4.619,0.2107,4.445291379,0.000676004,-7.65E-07,4.25E-10,0.065174227,-0.023951514,0.002092542,-1.49E-05,2,2268,1,30,9.6,9.6,18,504.934,454.038,25.0002,28.3826,30.0003,28.3655,28.2461,19.2992,24.726,67.0729,25,403.404,17.1373,87.653,101.3
274,1652233818,594,20220511 09:50:18,9:50:18,0,1652233818,0.001558888,1.55888807,7.991538222,399.982,251.5736683,25.32442608,40.26381085,0.092974134,3.017133358,0.091411318,0.057270298,90.89187717,27.09975686,26.4504,3.46524155,50.18716478,1.79340064,3.573424895,1.671840909,-68.74696387,84.95715796,6.059369629,113.1614409,7.945382218,1.555409725,7.991538222,410.4876608,407.2362545,-3.95E-05,66.83704872,1.55888807,17.20328853,17.81555495,-2.50E-08,86.59541668,0,0,1,0,53078.19503,-,-,0,0,#DIV/0!,0,-,-,0,0,#DIV/0!,0.5,463.281429,7.991538222,#DIV/0!,0.017249857,#DIV/0!,#DIV/0!,-,0,#DIV/0!,#DIV/0!,#DIV/0!,#DIV/0!,#DIV/0!,#DIV/0!,#DIV/0!,#DIV/0!,549.563,463.281429,0.842999672,0.165389368,2,0.5,0: Broadleaf,2,TRUE,1652233818,399.982,403.408,17.8157,17.2048,395.363,17.605,500.147,100.564,0.100057,26.9727,26.4504,999.9,0,0,9980,0,3.28301,549.563,0.900013,0.0999866,0,1.8,0,2750.2,5307.07,40.062,43.5,41.937,42.375,40.375,494.61,54.95,0,1652233819,0,1.73305,0.011695719,-247.0420512,2784.048462,15,1652233242,9:40:42,1652233241,1652233242,1,-0.285,-0.028,4.62,0.189,403,17,0.4,0.09,-3.416017317,-0.175354286,0.029615168,1,1.77200303,-0.599543649,0.182900384,1,0.612486098,-0.009682432,0.001080276,1,3,3,3月3日,100,100,4.619,0.2107,4.445291379,0.000676004,-7.65E-07,4.25E-10,0.065174227,-0.023951514,0.002092542,-1.49E-05,2,2268,1,30,9.6,9.6,18,504.99,454.061,25.0001,28.3832,30.0003,28.3667,28.2468,19.2977,24.726,67.0729,25,403.327,17.1315,87.6533,101.301
275,1652233820,596,20220511 09:50:20,9:50:20,0,1652233820,0.00155974,1.559740366,7.921564974,399.981,252.8582199,25.4536984,40.26365347,0.093027547,3.021073504,0.091464955,0.057303803,90.75477717,27.0969013,26.4501,3.465180242,50.19238806,1.79340818,3.573068048,1.671772062,-68.78455016,84.84008458,6.043067267,112.8533789,7.952153755,1.553559356,7.921564974,410.4649014,407.2421515,-2.74E-06,66.83704872,1.559740366,17.20339726,17.81592418,5.15E-08,86.59541668,0,0,1,0,53199.92099,-,-,0,0,#DIV/0!,0,-,-,0,0,#DIV/0!,0.5,462.581829,7.921564974,#DIV/0!,0.017124678,#DIV/0!,#DIV/0!,-,0,#DIV/0!,#DIV/0!,#DIV/0!,#DIV/0!,#DIV/0!,#DIV/0!,#DIV/0!,#DIV/0!,548.733,462.581829,0.842999836,0.165389683,2,0.5,0: Broadleaf,2,TRUE,1652233820,399.981,403.409,17.8158,17.2057,395.362,17.6051,500.207,100.564,0.0999152,26.971,26.4501,999.9,0,0,10003.8,0,3.28301,548.733,0.900007,0.0999932,0,1.85,0,2746.98,5299.05,40.062,43.5,42,42.375,40.375,493.86,54.87,0,1652233820,0,1.746856,-0.05056924,-252.0492303,2775.4412,15,1652233242,9:40:42,1652233241,1652233242,1,-0.285,-0.028,4.62,0.189,403,17,0.4,0.09,-3.422038049,-0.073339443,0.022833673,1,1.75679697,-0.309599259,0.17182049,1,0.612078927,-0.008388732,0.000929942,1,3,3,3月3日,100,100,4.619,0.2107,4.445291379,0.000676004,-7.65E-07,4.25E-10,0.065174227,-0.023951514,0.002092542,-1.49E-05,2,2268,1,30,9.7,9.6,18,504.891,454.136,25.0001,28.3838,30.0003,28.3679,28.2479,19.3002,24.726,67.0729,25,403.424,17.1292,87.654,101.301
276,1652233822,598,20220511 09:50:22,9:50:22,0,1652233822,0.001554902,1.554901994,7.912874742,399.993,252.569678,25.42517796,40.26569338,0.092717807,3.02150323,0.091165726,0.057115863,90.43497912,27.09567484,26.4512,3.465405041,50.19153164,1.79331437,3.57294211,1.672090671,-68.57117795,84.57523049,6.023360263,112.4623919,7.831460682,1.549586413,7.912874742,410.4714635,407.251303,1.63E-05,66.83704872,1.554901994,17.20438891,17.81517473,2.58E-07,86.59541668,0,0,1,0,53213.32557,-,-,0,0,#DIV/0!,0,-,-,0,0,#DIV/0!,0.5,460.950744,7.912874742,#DIV/0!,0.017166421,#DIV/0!,#DIV/0!,-,0,#DIV/0!,#DIV/0!,#DIV/0!,#DIV/0!,#DIV/0!,#DIV/0!,#DIV/0!,#DIV/0!,546.798,460.950744,0.843000055,0.165390106,2,0.5,0: Broadleaf,2,TRUE,1652233822,399.993,403.373,17.8145,17.2058,395.374,17.6039,500.076,100.566,0.0999951,26.9704,26.4512,999.9,0,0,10006.2,0,3.28301,546.798,0.899991,0.100009,0,1.5276,0,2737.08,5280.34,40,43.5,41.937,42.375,40.375,492.11,54.68,0,1652233822,0,1.736411538,-0.454758982,-253.7169231,2768.817692,15,1652233242,9:40:42,1652233241,1652233242,1,-0.285,-0.028,4.62,0.189,403,17,0.4,0.09,-3.425381463,0.021916307,0.019035472,1,1.740668571,-0.269358904,0.169350918,1,0.611697366,-0.00975485,0.001083006,1,3,3,3月3日,100,100,4.619,0.2106,4.445291379,0.000676004,-7.65E-07,4.25E-10,0.065174227,-0.023951514,0.002092542,-1.49E-05,2,2268,1,30,9.7,9.7,18,504.83,454.045,25.0003,28.385,30.0003,28.3679,28.2492,19.3003,25.0019,67.0729,25,403.356,17.1257,87.6544,101.301
277,1652233824,600,20220511 09:50:24,9:50:24,0,1652233824,0.001550068,1.550068054,7.869451232,399.987,252.994022,25.46764242,40.26469008,0.09249228,3.022313208,0.090948078,0.056979142,90.20764239,27.09556239,26.4456,3.464260745,50.19356958,1.793387184,3.57294211,1.670873561,-68.35800116,85.5103608,6.088156632,113.4481587,7.93823084,1.555754061,7.869451232,410.453816,407.2520182,7.55E-06,66.83704872,1.550068054,17.20554,17.81430769,-1.68E-08,86.59541668,0,0,1,0,53238.29371,-,-,0,0,#DIV/0!,0,-,-,0,0,#DIV/0!,0.5,459.790143,7.869451232,#DIV/0!,0.017115311,#DIV/0!,#DIV/0!,-,0,#DIV/0!,#DIV/0!,#DIV/0!,#DIV/0!,#DIV/0!,#DIV/0!,#DIV/0!,#DIV/0!,545.421,459.790143,0.84300044,0.165390849,2,0.5,0: Broadleaf,2,TRUE,1652233824,399.987,403.41,17.8154,17.2044,395.368,17.6047,500.176,100.565,0.0999968,26.9704,26.4456,999.9,0,0,10011.2,0,3.28301,545.421,0.89998,0.10002,0,1.4989,0,2731.07,5267.03,40,43.5,41.937,42.375,40.375,490.87,54.55,0,1652233825,0,1.732238462,0.119911106,-249.4970939,2758.999615,15,1652233242,9:40:42,1652233241,1652233242,1,-0.285,-0.028,4.62,0.189,403,17,0.4,0.09,-3.423545122,0.072103275,0.020134183,1,1.747551515,0.121132257,0.173336775,1,0.611242488,-0.011810801,0.001316377,1,3,3,3月3日,100,100,4.619,0.2107,4.445291379,0.000676004,-7.65E-07,4.25E-10,0.065174227,-0.023951514,0.002092542,-1.49E-05,2,2268,1,30,9.7,9.7,18,504.979,453.963,25.0004,28.3856,30.0003,28.3691,28.2493,19.3018,25.0019,67.0729,25,403.535,17.1168,87.6543,101.301
278,1652233826,602,20220511 09:50:26,9:50:26,0,1652233826,0.001552952,1.552952262,7.862218394,400.02,253.4019955,25.50845026,40.26760032,0.092666195,3.020643506,0.091115393,0.057084292,89.889027,27.09367184,26.4455,3.464240314,50.19072381,1.793348716,3.573068048,1.670891598,-68.48519477,85.57711413,6.096292536,113.0772389,7.886557996,1.588680175,7.862218394,410.4683797,407.2691152,2.62E-05,66.83704872,1.552952262,17.20552975,17.8154989,-3.59E-07,86.59541668,0,0,1,0,53186.66016,-,-,0,0,#DIV/0!,0,-,-,0,0,#DIV/0!,0.5,458.1627,7.862218394,#DIV/0!,0.01716032,#DIV/0!,#DIV/0!,-,0,#DIV/0!,#DIV/0!,#DIV/0!,#DIV/0!,#DIV/0!,#DIV/0!,#DIV/0!,#DIV/0!,543.49,458.1627,0.843001159,0.165392237,2,0.5,0: Broadleaf,2,TRUE,1652233826,400.02,403.428,17.8152,17.1912,395.4,17.6045,500.121,100.564,0.0999676,26.971,26.4455,999.9,0,0,10001.2,0,3.28301,543.49,0.899964,0.100036,0,1.9322,0,2720.85,5248.35,40,43.5,41.937,42.375,40.375,489.12,54.37,0,1652233826,0,1.75972,0.506815381,-254.3507688,2750.3676,15,1652233242,9:40:42,1652233241,1652233242,1,-0.285,-0.028,4.62,0.189,403,17,0.4,0.09,-3.420527317,0.080607387,0.020658246,1,1.760484848,-0.006758607,0.172915236,1,0.611460537,-0.002481031,0.00198717,1,3,3,3月3日,100,100,4.62,0.2107,4.445291379,0.000676004,-7.65E-07,4.25E-10,0.065174227,-0.023951514,0.002092542,-1.49E-05,2,2268,1,30,9.8,9.7,18,504.911,453.938,25.0004,28.3868,30.0002,28.3703,28.2504,19.2979,25.0019,67.0729,25,403.306,17.1162,87.6543,101.301
279,1652233828,604,20220511 09:50:28,9:50:28,0,1652233828,0.001548512,1.548511988,7.772044652,400.095,254.4880507,25.61781288,40.27520669,0.092293387,3.0194108,0.090754309,0.056857585,89.56498644,27.09238346,26.4532,3.465813798,50.18495644,1.793079442,3.57294211,1.672734356,-68.28937869,84.19109611,6.000217822,111.4669217,7.771368378,1.627465432,7.772044652,410.4740362,407.3114667,6.92E-05,66.83704872,1.548511988,17.20593894,17.81412637,2.82E-07,86.59541668,0,0,1,0,53148.76352,-,-,0,0,#DIV/0!,0,-,-,0,0,#DIV/0!,0.5,456.515028,7.772044652,#DIV/0!,0.017024729,#DIV/0!,#DIV/0!,-,0,#DIV/0!,#DIV/0!,#DIV/0!,#DIV/0!,#DIV/0!,#DIV/0!,#DIV/0!,#DIV/0!,541.536,456.515028,0.843000332,0.165390642,2,0.5,0: Broadleaf,2,TRUE,1652233828,400.095,403.463,17.8125,17.1733,395.475,17.6019,500.149,100.564,0.100109,26.9704,26.4532,999.9,0,0,9993.75,0,3.28301,541.536,0.899993,0.100007,0,1.6942,0,2711.02,5229.52,40,43.5,41.937,42.375,40.375,487.38,54.16,0,1652233828,0,1.754542308,0.637439315,-248.3292308,2743.980385,15,1652233242,9:40:42,1652233241,1652233242,1,-0.285,-0.028,4.62,0.189,403,17,0.4,0.09,-3.419807561,0.109854355,0.020601771,1,1.761094286,0.172929159,0.169598586,1,0.613188561,0.029879038,0.006182129,1,3,3,3月3日,100,100,4.62,0.2106,4.445291379,0.000676004,-7.65E-07,4.25E-10,0.065174227,-0.023951514,0.002092542,-1.49E-05,2,2268,1,30,9.8,9.8,18,505.01,453.846,25.0004,28.388,30.0002,28.371,28.2515,19.2938,25.0019,67.0729,25,403.215,17.1136,87.6544,101.301
280,1652233830,606,20220511 09:50:30,9:50:30,0,1652233830,0.001562341,1.562340729,7.788888398,400.075,255.3509897,25.70441174,40.27277333,0.093115017,3.020221767,0.091549077,0.057356673,89.20011143,27.09136537,26.4518,3.465527663,50.15566405,1.792517158,3.573907737,1.673010505,-68.89922615,85.1906657,6.069923234,111.5614742,7.754712734,1.6362118,7.788888398,410.5098721,407.3412606,5.08E-05,66.83704872,1.562340729,17.19522113,17.80870989,4.14E-07,86.59541668,0,0,1,0,53172.92566,-,-,0,0,#DIV/0!,0,-,-,0,0,#DIV/0!,0.5,454.652328,7.788888398,#DIV/0!,0.017131526,#DIV/0!,#DIV/0!,-,0,#DIV/0!,#DIV/0!,#DIV/0!,#DIV/0!,#DIV/0!,#DIV/0!,#DIV/0!,#DIV/0!,539.326,454.652328,0.843000946,0.165391825,2,0.5,0: Broadleaf,2,TRUE,1652233830,400.075,403.437,17.8071,17.1646,395.455,17.5967,500.257,100.563,0.100059,26.975,26.4518,999.9,0,0,9998.75,0,3.28301,539.326,0.899975,0.100025,0,1.501,0,2700.39,5208.16,40,43.5,41.937,42.375,40.375,485.38,53.95,0,1652233831,0,1.779846154,0.380458126,-241.2027349,2733.911538,15,1652233242,9:40:42,1652233241,1652233242,1,-0.285,-0.028,4.62,0.189,403,17,0.4,0.09,-3.416363659,0.196393171,0.023637537,1,1.774633333,0.517698132,0.163131192,1,0.616050902,0.071551526,0.010377388,1,3,3,3月3日,100,100,4.62,0.2104,4.445291379,0.000676004,-7.65E-07,4.25E-10,0.065174227,-0.023951514,0.002092542,-1.49E-05,2,2268,1,30,9.8,9.8,18,505.174,453.868,25.0003,28.388,30.0002,28.3722,28.2521,19.2952,25.0019,67.0729,25,403.313,17.1185,87.6541,101.301
281,1652233832,608,20220511 09:50:32,9:50:32,0,1652233832,0.001593586,1.593585932,7.872849887,400.026,256.6649076,25.83640206,40.26741585,0.095107854,3.019998501,0.093474685,0.058566076,89.05890939,27.09056461,26.4401,3.463137204,50.11272128,1.791813738,3.575566627,1.671323465,-70.27713958,88.3755256,6.297193928,113.4544893,7.622750315,1.627742859,7.872849887,410.4940442,407.2907879,-6.15E-05,66.83704872,1.593585932,17.17628158,17.80226593,-4.18E-07,86.59541668,0,0,1,0,53164.62079,-,-,0,0,#DIV/0!,0,-,-,0,0,#DIV/0!,0.5,453.939243,7.872849887,#DIV/0!,0.0173434,#DIV/0!,#DIV/0!,-,0,#DIV/0!,#DIV/0!,#DIV/0!,#DIV/0!,#DIV/0!,#DIV/0!,#DIV/0!,#DIV/0!,538.481,453.939243,0.842999554,0.16538914,2,0.5,0: Broadleaf,2,TRUE,1652233832,400.026,403.335,17.8003,17.1609,395.407,17.5901,500.084,100.562,0.0999966,26.9829,26.4401,999.9,0,0,9997.5,0,3.28301,538.481,0.900012,0.0999882,0,1.4895,0,2696.64,5200.05,40,43.5,41.937,42.375,40.375,484.64,53.84,0,1652233832,0,1.769468,-0.101361538,-243.5546149,2725.4332,15,1652233242,9:40:42,1652233241,1652233242,1,-0.285,-0.028,4.62,0.189,403,17,0.4,0.09,-3.40454122,0.262406132,0.032229608,1,1.761893939,0.360453969,0.168255545,1,0.61906678,0.102244746,0.012720716,0,2,3,2月3日,100,100,4.619,0.2102,4.445291379,0.000676004,-7.65E-07,4.25E-10,0.065174227,-0.023951514,0.002092542,-1.49E-05,2,2268,1,30,9.8,9.8,18,504.994,453.945,25.0004,28.3892,30.0002,28.3728,28.2534,19.2969,25.0019,67.0729,25,403.348,17.1211,87.6539,101.3
282,1652233834,610,20220511 09:50:34,9:50:34,0,1652233834,0.001603944,1.603943891,7.691975863,400.015,260.4010759,26.21273413,40.26668018,0.09563806,3.021569604,0.093987643,0.058888188,88.78729773,27.08983868,26.446,3.464342469,50.08880859,1.79132696,3.576301794,1.673015509,-70.73392558,88.03054422,6.269645674,112.353562,7.619092597,1.619708092,7.691975863,410.3920339,407.2625818,-5.52E-05,66.83704872,1.603943891,17.16556333,17.79558022,-1.30E-06,86.59541668,0,0,1,0,53212.46965,-,-,0,0,#DIV/0!,0,-,-,0,0,#DIV/0!,0.5,452.553501,7.691975863,#DIV/0!,0.016996832,#DIV/0!,#DIV/0!,-,0,#DIV/0!,#DIV/0!,#DIV/0!,#DIV/0!,#DIV/0!,#DIV/0!,#DIV/0!,#DIV/0!,536.837,452.553501,0.842999832,0.165389676,2,0.5,0: Broadleaf,2,TRUE,1652233834,400.015,403.321,17.7953,17.1591,395.396,17.5853,500.121,100.563,0.0999256,26.9864,26.446,999.9,0,0,10006.9,0,3.28301,536.837,0.899998,0.100002,0,2.0388,0,2688.41,5184.16,40,43.5,41.937,42.375,40.375,483.15,53.68,0,1652233834,0,1.773076923,-0.092116236,-244.6632479,2719.150769,15,1652233242,9:40:42,1652233241,1652233242,1,-0.285,-0.028,4.62,0.189,403,17,0.4,0.09,-3.389820976,0.350164181,0.042210445,1,1.762894286,0.10592407,0.172202095,1,0.621616415,0.117283672,0.013580501,0,2,3,2月3日,100,100,4.619,0.21,4.445291379,0.000676004,-7.65E-07,4.25E-10,0.065174227,-0.023951514,0.002092542,-1.49E-05,2,2268,1,30,9.9,9.9,18,504.921,454.001,25.0004,28.3904,30.0002,28.3734,28.2541,19.2965,25.0019,67.0729,25,403.377,17.1204,87.6535,101.3
283,1652233836,612,20220511 09:50:36,9:50:36,0,1652233836,0.001603148,1.603147789,7.623566892,400.003,261.3432404,26.30781814,40.26584411,0.095498125,3.022412426,0.093852941,0.05880354,88.55759595,27.08919707,26.4514,3.465445914,50.07400828,1.790850251,3.576406828,1.674595663,-70.6988175,87.25667197,6.212979916,111.3284303,7.711079932,1.60959366,7.623566892,410.3541108,407.2524788,-2.44E-05,66.83704872,1.603147789,17.16151037,17.79119121,-1.88E-06,86.59541668,0,0,1,0,53238.40521,-,-,0,0,#DIV/0!,0,-,-,0,0,#DIV/0!,0.5,451.380315,7.623566892,#DIV/0!,0.016889454,#DIV/0!,#DIV/0!,-,0,#DIV/0!,#DIV/0!,#DIV/0!,#DIV/0!,#DIV/0!,#DIV/0!,#DIV/0!,#DIV/0!,535.445,451.380315,0.843000336,0.165390649,2,0.5,0: Broadleaf,2,TRUE,1652233836,400.003,403.344,17.7904,17.1582,395.383,17.5806,500.145,100.564,0.0998553,26.9869,26.4514,999.9,0,0,10011.9,0,3.30763,535.445,0.899987,0.100013,0,1.6969,0,2682.3,5170.7,40,43.5,41.937,42.375,40.375,481.89,53.55,0,1652233837,0,1.75545,-0.521268375,-242.6386324,2709.511538,15,1652233242,9:40:42,1652233241,1652233242,1,-0.285,-0.028,4.62,0.189,403,17,0.4,0.09,-3.379673415,0.387750732,0.044904903,1,1.757178788,-0.197735824,0.168347325,1,0.623811268,0.118419742,0.01364595,0,2,3,2月3日,100,100,4.62,0.2098,4.445291379,0.000676004,-7.65E-07,4.25E-10,0.065174227,-0.023951514,0.002092542,-1.49E-05,2,2268,1,30,9.9,9.9,18,504.884,454.059,25.0002,28.3911,30.0003,28.3746,28.2551,19.2978,25.0019,67.0729,25,403.344,17.1231,87.6537,101.3
284,1652233838,614,20220511 09:50:38,9:50:38,0,1652233838,0.001598018,1.598018297,7.796820492,399.976,258.0251449,25.97333745,40.26240011,0.095213012,3.020205317,0.093576373,0.058629935,88.19216661,27.08336918,26.447,3.464546788,50.07628304,1.790395176,3.575335602,1.674151612,-70.4726069,87.07897529,6.204563359,111.0030984,7.846153844,1.600181152,7.796820492,410.3880039,407.2155758,-5.57E-05,66.83704872,1.598018297,17.15956099,17.78732198,-1.62E-06,86.59541668,0,0,1,0,53171.19159,-,-,0,0,#DIV/0!,0,-,-,0,0,#DIV/0!,0.5,449.520357,7.796820492,#DIV/0!,0.017344755,#DIV/0!,#DIV/0!,-,0,#DIV/0!,#DIV/0!,#DIV/0!,#DIV/0!,#DIV/0!,#DIV/0!,#DIV/0!,#DIV/0!,533.239,449.520357,0.842999775,0.165389566,2,0.5,0: Broadleaf,2,TRUE,1652233838,399.976,403.37,17.7862,17.1576,395.357,17.5765,500.07,100.562,0.10004,26.9818,26.447,999.9,0,0,9998.75,0,3.33499,533.239,0.900011,0.0999889,0,1.3395,0,2670.16,5149.43,40,43.5,41.937,42.375,40.375,479.92,53.32,0,1652233838,0,1.732264,-1.270415385,-250.1192304,2700.8948,15,1652233242,9:40:42,1652233241,1652233242,1,-0.285,-0.028,4.62,0.189,403,17,0.4,0.09,-3.376068049,0.323461254,0.044038446,1,1.750572727,-0.397440192,0.165485435,1,0.625734659,0.106466007,0.013152362,0,2,3,2月3日,100,100,4.619,0.2097,4.445291379,0.000676004,-7.65E-07,4.25E-10,0.065174227,-0.023951514,0.002092542,-1.49E-05,2,2268,1,30,9.9,9.9,18,504.843,454.001,25.0003,28.3923,30.0004,28.3752,28.2563,19.2976,25.0019,67.0729,25,403.308,17.1238,87.6541,101.299
285,1652233840,616,20220511 09:50:40,9:50:40,0,1652233840,0.001594786,1.594786033,7.84110124,399.973,257.2322924,25.89354017,40.26211812,0.095170082,3.019998501,0.093534794,0.05860383,87.868515,27.07263814,26.4334,3.461768956,50.10034238,1.790235006,3.573298946,1.67153395,-70.33006405,87.70798755,6.249081106,111.4955196,7.877117325,1.595374375,7.84110124,410.4140775,407.2239455,-7.82E-06,66.83704872,1.594786033,17.15823956,17.78461868,-1.46E-06,86.59541668,0,0,1,0,53166.53489,-,-,0,0,#DIV/0!,0,-,-,0,0,#DIV/0!,0.5,447.8691,7.84110124,#DIV/0!,0.017507574,#DIV/0!,#DIV/0!,-,0,#DIV/0!,#DIV/0!,#DIV/0!,#DIV/0!,#DIV/0!,#DIV/0!,#DIV/0!,#DIV/0!,531.28,447.8691,0.843000113,0.165390218,2,0.5,0: Broadleaf,2,TRUE,1652233840,399.973,403.378,17.7846,17.158,395.354,17.575,500.16,100.562,0.10009,26.9721,26.4334,999.9,0,0,9997.5,0,3.33773,531.28,0.899997,0.100003,0,1.5594,0,2660.43,5130.49,40,43.5,41.937,42.375,40.312,478.15,53.13,0,1652233840,0,1.713980769,-1.540782911,-250.0492309,2694.486923,15,1652233242,9:40:42,1652233241,1652233242,1,-0.285,-0.028,4.62,0.189,403,17,0.4,0.09,-3.373504878,0.212923484,0.04208145,1,1.723711429,-0.76286184,0.18493459,1,0.627401415,0.081664578,0.012201839,1,3,3,3月3日,100,100,4.619,0.2096,4.445291379,0.000676004,-7.65E-07,4.25E-10,0.065174227,-0.023951514,0.002092542,-1.49E-05,2,2268,1,30,10,10,18,504.961,453.953,25.0003,28.3929,30.0003,28.3764,28.2565,19.2999,25.0019,67.0729,25,403.42,17.1226,87.6544,101.299
286,1652233842,618,20220511 09:50:42,9:50:42,0,1652233842,0.001593589,1.593588782,7.84291834,399.992,257.3112622,25.9014028,40.26389603,0.095225593,3.025169721,0.093591162,0.058638987,87.59959917,27.06434127,26.4211,3.459258328,50.11315966,1.789967297,3.571850806,1.669291031,-70.2772653,88.7388741,6.311116317,112.3723243,7.799376158,1.588406824,7.84291834,410.4160503,407.2249091,9.05E-06,66.83704872,1.593588782,17.15739171,17.78333407,-1.12E-06,86.59541668,0,0,1,0,53327.34813,-,-,0,0,#DIV/0!,0,-,-,0,0,#DIV/0!,0.5,446.497629,7.84291834,#DIV/0!,0.01756542,#DIV/0!,#DIV/0!,-,0,#DIV/0!,#DIV/0!,#DIV/0!,#DIV/0!,#DIV/0!,#DIV/0!,#DIV/0!,#DIV/0!,529.653,446.497629,0.843000283,0.165390547,2,0.5,0: Broadleaf,2,TRUE,1652233842,399.992,403.365,17.782,17.1581,395.373,17.5724,500.132,100.562,0.0997533,26.9652,26.4211,999.9,0,0,10028.8,0,3.33773,529.653,0.899984,0.100016,0,1.8413,0,2652.65,5114.76,40,43.5,41.937,42.375,40.375,476.68,52.97,0,1652233843,0,1.698761538,-0.573572658,-248.1952136,2684.516538,15,1652233242,9:40:42,1652233241,1652233242,1,-0.285,-0.028,4.62,0.189,403,17,0.4,0.09,-3.370267073,0.093476655,0.039449552,1,1.73019697,-0.84959782,0.185850636,1,0.628929585,0.045812425,0.010816084,1,3,3,3月3日,100,100,4.619,0.2096,4.445291379,0.000676004,-7.65E-07,4.25E-10,0.065174227,-0.023951514,0.002092542,-1.49E-05,2,2268,1,30,10,10,18,504.987,453.961,25.0002,28.3935,30.0001,28.3776,28.2575,19.2984,25.0019,66.7028,25,403.306,17.1257,87.6551,101.299
287,1652233844,620,20220511 09:50:44,9:50:44,0,1652233844,0.001580099,1.580098634,7.786486935,400.005,257.0035078,25.87100702,40.26611252,0.094306211,3.02199929,0.09270125,0.058080206,87.41029356,27.06456221,26.4276,3.460584884,50.10667397,1.789504337,3.571389188,1.671080548,-69.68234976,87.22845257,6.210336906,111.1667333,7.834011975,1.577504907,7.786486935,410.4092131,407.2410545,2.54E-05,66.83704872,1.580098634,17.1578191,17.77843846,-2.19E-07,86.59541668,0,0,1,0,53229.89895,-,-,0,0,#DIV/0!,0,-,-,0,0,#DIV/0!,0.5,445.536972,7.786486935,#DIV/0!,0.017476635,#DIV/0!,#DIV/0!,-,0,#DIV/0!,#DIV/0!,#DIV/0!,#DIV/0!,#DIV/0!,#DIV/0!,#DIV/0!,#DIV/0!,528.514,445.536972,0.842999376,0.165388795,2,0.5,0: Broadleaf,2,TRUE,1652233844,400.005,403.39,17.777,17.1574,395.385,17.5677,500.149,100.564,0.100023,26.963,26.4276,999.9,0,0,10009.4,0,3.33773,528.514,0.900019,0.0999807,0,1.6114,0,2646.88,5103.81,40,43.5,41.937,42.375,40.312,475.67,52.84,0,1652233844,0,1.678256,0.029784611,-251.6399996,2675.7932,15,1652233242,9:40:42,1652233241,1652233242,1,-0.285,-0.028,4.62,0.189,403,17,0.4,0.09,-3.369552439,0.022424321,0.0390104,1,1.720645455,-0.446490053,0.185875165,1,0.63027578,-0.002830746,0.008887133,1,3,3,3月3日,100,100,4.62,0.2093,4.445291379,0.000676004,-7.65E-07,4.25E-10,0.065174227,-0.023951514,0.002092542,-1.49E-05,2,2268,1,30,10.1,10,18,505.065,453.903,25.0002,28.3947,30.0001,28.3776,28.2587,19.2993,25.0019,66.7028,25,403.424,17.1257,87.6552,101.298
288,1652233846,622,20220511 09:50:46,9:50:46,0,1652233846,0.001569498,1.569498032,7.790370894,400.013,256.0305093,25.77281504,40.26653342,0.093651767,3.018462205,0.092066982,0.057682016,87.09162027,27.06382687,26.4278,3.460625709,50.10697183,1.789336259,3.571032519,1.67128945,-69.21486323,86.81716691,6.188251487,110.8821754,7.93346325,1.581787968,7.790370894,410.4309192,407.2615697,3.38E-05,66.83704872,1.569498032,17.15815374,17.77453297,-7.35E-07,86.59541668,0,0,1,0,53121.12225,-,-,0,0,#DIV/0!,0,-,-,0,0,#DIV/0!,0.5,443.909499,7.790370894,#DIV/0!,0.017549458,#DIV/0!,#DIV/0!,-,0,#DIV/0!,#DIV/0!,#DIV/0!,#DIV/0!,#DIV/0!,#DIV/0!,#DIV/0!,#DIV/0!,526.583,443.909499,0.843000057,0.16539011,2,0.5,0: Broadleaf,2,TRUE,1652233846,400.013,403.438,17.7755,17.1543,395.394,17.5662,500.216,100.563,0.100062,26.9613,26.4278,999.9,0,0,9988.12,0,3.32678,526.583,0.900003,0.0999967,0,1.6857,0,2637,5085.15,40,43.5,41.937,42.375,40.312,473.93,52.66,0,1652233846,0,1.677734615,0.151011962,-253.6560685,2669.370769,15,1652233242,9:40:42,1652233241,1652233242,1,-0.285,-0.028,4.62,0.189,403,17,0.4,0.09,-3.368795366,-0.096333031,0.03835619,1,1.716288571,-0.47031546,0.178517168,1,0.630971951,-0.053261226,0.007608409,1,3,3,3月3日,100,100,4.619,0.2093,4.445291379,0.000676004,-7.65E-07,4.25E-10,0.065174227,-0.023951514,0.002092542,-1.49E-05,2,2268,1,30,10.1,10.1,18,505.074,453.905,25.0002,28.3953,30.0003,28.3788,28.2589,19.2964,25.0019,66.7028,25,403.337,17.1257,87.6547,101.299
289,1652233848,624,20220511 09:50:48,9:50:48,0,1652233848,0.001571116,1.571115894,7.84584256,400.046,255.1986568,25.6890618,40.26982958,0.093713814,3.019290069,0.092127374,0.057719907,86.86577205,27.06089667,26.4302,3.461115631,50.10680767,1.789204254,3.570780772,1.671911378,-69.28621093,86.25498448,6.14653069,109.9810763,7.744257067,1.598105951,7.84584256,410.4741657,407.2812909,3.65E-05,66.83704872,1.571115894,17.15750466,17.77471209,-1.51E-06,86.59541668,0,0,1,0,53146.84588,-,-,0,0,#DIV/0!,0,-,-,0,0,#DIV/0!,0.5,442.756485,7.84584256,#DIV/0!,0.017720446,#DIV/0!,#DIV/0!,-,0,#DIV/0!,#DIV/0!,#DIV/0!,#DIV/0!,#DIV/0!,#DIV/0!,#DIV/0!,#DIV/0!,525.215,442.756485,0.843000457,0.165390882,2,0.5,0: Broadleaf,2,TRUE,1652233848,400.046,403.399,17.7742,17.1464,395.427,17.565,500.064,100.563,0.0999977,26.9601,26.4302,999.9,0,0,9993.12,0,3.32405,525.215,0.899992,0.100008,0,1.7846,0,2631.19,5071.92,39.937,43.5,41.937,42.375,40.312,472.69,52.53,0,1652233849,0,1.699696154,0.507572649,-249.8762393,2659.383846,15,1652233242,9:40:42,1652233241,1652233242,1,-0.285,-0.028,4.62,0.189,403,17,0.4,0.09,-3.367625854,-0.213892892,0.03777907,1,1.707442424,-0.012751711,0.179744209,1,0.630646195,-0.074519791,0.007726507,1,3,3,3月3日,100,100,4.619,0.2092,4.445291379,0.000676004,-7.65E-07,4.25E-10,0.065174227,-0.023951514,0.002092542,-1.49E-05,2,2268,1,30,10.1,10.1,18,504.898,453.963,25.0002,28.3965,30.0002,28.38,28.26,19.2975,25.0019,66.7028,25,403.347,17.1257,87.6544,101.299
290,1652233850,626,20220511 09:50:50,9:50:50,0,1652233850,0.001571002,1.571001854,7.717320376,400.054,257.3869634,25.90936346,40.27066621,0.093702318,3.019498627,0.092116371,0.057712987,86.54046627,27.05795398,26.4288,3.460829836,50.09965366,1.788833192,3.570550017,1.671996644,-69.28118178,86.30977874,6.149933567,109.7189968,7.553948141,1.608558743,7.717320376,410.4515375,407.3114545,4.98E-05,66.83704872,1.571001854,17.1556623,17.77271319,-5.22E-07,86.59541668,0,0,1,0,53153.46901,-,-,0,0,#DIV/0!,0,-,-,0,0,#DIV/0!,0.5,441.102099,7.717320376,#DIV/0!,0.017495542,#DIV/0!,#DIV/0!,-,0,#DIV/0!,#DIV/0!,#DIV/0!,#DIV/0!,#DIV/0!,#DIV/0!,#DIV/0!,#DIV/0!,523.253,441.102099,0.842999656,0.165389336,2,0.5,0: Broadleaf,2,TRUE,1652233850,400.054,403.332,17.7705,17.1387,395.435,17.5614,500.15,100.563,0.100076,26.959,26.4288,999.9,0,0,9994.38,0,3.33499,523.253,0.900019,0.0999813,0,1.7212,0,2620.92,5053.01,39.937,43.5,41.875,42.375,40.312,470.94,52.32,0,1652233850,0,1.700364,0.905469228,-253.9730766,2650.6656,15,1652233242,9:40:42,1652233241,1652233242,1,-0.285,-0.028,4.62,0.189,403,17,0.4,0.09,-3.360979024,-0.151212753,0.041896496,1,1.693936364,0.487200539,0.163094882,1,0.629698317,-0.058451603,0.007106134,1,3,3,3月3日,100,100,4.619,0.2091,4.445291379,0.000676004,-7.65E-07,4.25E-10,0.065174227,-0.023951514,0.002092542,-1.49E-05,2,2268,1,30,10.2,10.1,18,504.961,453.839,25.0002,28.3977,30.0002,28.38,28.2612,19.2975,25.0019,66.7028,25,403.445,17.1257,87.6543,101.299
291,1652233852,628,20220511 09:50:52,9:50:52,0,1652233852,0.001576246,1.576246142,7.650738885,400.039,259.0269678,26.0741242,40.26865101,0.094073404,3.024031077,0.092477339,0.057939481,86.22352944,27.05187703,26.422,3.459441978,50.0962704,1.788418167,3.569962699,1.671023811,-69.51245485,87.09146118,6.196033003,109.9985688,7.565145441,1.607971794,7.650738885,410.3784254,407.2662727,-3.84E-05,66.83704872,1.576246142,17.14858203,17.76762198,-3.37E-08,86.59541668,0,0,1,0,53293.77842,-,-,0,0,#DIV/0!,0,-,-,0,0,#DIV/0!,0.5,439.486128,7.650738885,#DIV/0!,0.017408374,#DIV/0!,#DIV/0!,-,0,#DIV/0!,#DIV/0!,#DIV/0!,#DIV/0!,#DIV/0!,#DIV/0!,#DIV/0!,#DIV/0!,521.336,439.486128,0.84299977,0.165389556,2,0.5,0: Broadleaf,2,TRUE,1652233852,400.039,403.321,17.7666,17.1351,395.42,17.5576,500.207,100.562,0.099813,26.9562,26.422,999.9,0,0,10021.9,0,3.33773,521.336,0.900005,0.0999953,0,1.9663,0,2610.92,5034.47,39.937,43.437,41.875,42.375,40.312,469.21,52.13,0,1652233852,0,1.712665385,0.848133336,-246.9029062,2644.308077,15,1652233242,9:40:42,1652233241,1652233242,1,-0.285,-0.028,4.62,0.189,403,17,0.4,0.09,-3.354863902,-0.006570941,0.047233128,1,1.70552,0.432068102,0.16151335,1,0.628697439,-0.030479456,0.005846865,1,3,3,3月3日,100,100,4.619,0.209,4.445291379,0.000676004,-7.65E-07,4.25E-10,0.065174227,-0.023951514,0.002092542,-1.49E-05,2,2268,1,30,10.2,10.2,18,505.001,453.81,25,28.3977,30.0002,28.3812,28.2618,19.2979,25.0019,66.7028,25,403.315,17.1257,87.6544,101.299
292,1652233854,630,20220511 09:50:54,9:50:54,0,1652233854,0.001585212,1.585212046,7.627019972,400.013,260.025431,26.17462289,40.26602084,0.094536543,3.024443717,0.092925084,0.058220673,85.90617926,27.04718466,26.4267,3.460401181,50.0856132,1.787974679,3.569836856,1.672426501,-69.90785121,86.23915992,6.134685612,108.3721736,7.648393843,1.599826709,7.627019972,410.3532723,407.2498182,-4.09E-05,66.83704872,1.585212046,17.1399955,17.76275824,-6.50E-07,86.59541668,0,0,1,0,53306.62853,-,-,0,0,#DIV/0!,0,-,-,0,0,#DIV/0!,0.5,437.865399,7.627019972,#DIV/0!,0.01741864,#DIV/0!,#DIV/0!,-,0,#DIV/0!,#DIV/0!,#DIV/0!,#DIV/0!,#DIV/0!,#DIV/0!,#DIV/0!,#DIV/0!,519.413,437.865399,0.843000462,0.165390892,2,0.5,0: Broadleaf,2,TRUE,1652233854,400.013,403.328,17.7622,17.1337,395.394,17.5533,500.051,100.562,0.0997806,26.9556,26.4267,999.9,0,0,10024.4,0,3.33773,519.413,0.899988,0.100012,0,1.5561,0,2601.22,5015.88,39.937,43.5,41.875,42.375,40.312,467.47,51.95,0,1652233855,0,1.739434615,0.426191463,-244.9213675,2634.337308,15,1652233242,9:40:42,1652233241,1652233242,1,-0.285,-0.028,4.62,0.189,403,17,0.4,0.09,-3.354748537,0.17309561,0.047715212,1,1.715548485,0.699826756,0.160410187,1,0.627867098,-0.008641882,0.004850189,1,3,3,3月3日,100,100,4.619,0.2089,4.445291379,0.000676004,-7.65E-07,4.25E-10,0.065174227,-0.023951514,0.002092542,-1.49E-05,2,2268,1,30,10.2,10.2,18,504.95,453.836,25,28.3989,30.0002,28.3824,28.2629,19.2986,25.0019,66.7028,25,403.46,17.1257,87.6541,101.299
293,1652233856,632,20220511 09:50:56,9:50:56,0,1652233856,0.001586059,1.58605896,7.684801529,399.978,259.0379591,26.07527896,40.26258532,0.094559518,3.020205317,0.092945062,0.05823342,85.717866,27.04481117,26.4271,3.460482826,50.07628155,1.787515526,3.569585182,1.6729673,-69.94520014,85.85778548,6.116102771,107.7465541,7.768822881,1.591002302,7.684801529,410.3545593,407.2282667,-3.90E-05,66.83704872,1.58605896,17.13556587,17.75853187,-1.17E-06,86.59541668,0,0,1,0,53176.04863,-,-,0,0,#DIV/0!,0,-,-,0,0,#DIV/0!,0.5,436.9098,7.684801529,#DIV/0!,0.017588989,#DIV/0!,#DIV/0!,-,0,#DIV/0!,#DIV/0!,#DIV/0!,#DIV/0!,#DIV/0!,#DIV/0!,#DIV/0!,#DIV/0!,518.28,436.9098,0.842999537,0.165389106,2,0.5,0: Broadleaf,2,TRUE,1652233856,399.978,403.339,17.7576,17.1327,395.359,17.5489,500.16,100.562,0.0999997,26.9544,26.4271,999.9,0,0,9998.75,0,3.35141,518.28,0.900025,0.0999753,0,1.6677,0,2596.58,5004.99,39.937,43.5,41.875,42.375,40.312,466.46,51.82,0,1652233856,0,1.747844,-0.246561532,-247.9469227,2625.736,15,1652233242,9:40:42,1652233241,1652233242,1,-0.285,-0.028,4.62,0.189,403,17,0.4,0.09,-3.354872195,0.328940697,0.047516421,1,1.714763636,0.434141979,0.15956096,1,0.627059707,0.004052153,0.004185014,1,3,3,3月3日,100,100,4.619,0.2087,4.445291379,0.000676004,-7.65E-07,4.25E-10,0.065174227,-0.023951514,0.002092542,-1.49E-05,2,2268,1,30,10.2,10.2,18,504.888,453.809,25,28.4001,30.0003,28.3824,28.2637,19.2994,25.0019,66.7028,25,403.46,17.1257,87.6541,101.299
294,1652233858,634,20220511 09:50:58,9:50:58,0,1652233858,0.001580697,1.580697315,7.733901688,399.995,257.9551731,25.96636799,40.26442749,0.094357988,3.015649617,0.092747959,0.058109841,85.44476583,27.04302835,26.415,3.458013809,50.07044715,1.787128755,3.56922867,1.670885054,-69.70875158,87.41910585,6.23630081,109.3914209,7.861029148,1.581488748,7.733901688,410.3518255,407.2058606,-3.35E-05,66.83704872,1.580697315,17.13378595,17.75458352,-1.28E-06,86.59541668,0,0,1,0,53036.0138,-,-,0,0,#DIV/0!,0,-,-,0,0,#DIV/0!,0.5,435.516471,7.733901688,#DIV/0!,0.017758,#DIV/0!,#DIV/0!,-,0,#DIV/0!,#DIV/0!,#DIV/0!,#DIV/0!,#DIV/0!,#DIV/0!,#DIV/0!,#DIV/0!,516.627,435.516471,0.842999826,0.165389664,2,0.5,0: Broadleaf,2,TRUE,1652233858,399.995,403.391,17.7537,17.1326,395.376,17.5452,500.213,100.562,0.100327,26.9527,26.415,999.9,0,0,9971.25,0,3.35141,516.627,0.900011,0.0999893,0,1.5134,0,2588.32,4989.01,39.937,43.5,41.875,42.375,40.312,464.97,51.66,0,1652233858,0,1.747323077,-0.055808544,-246.6769232,2619.407692,15,1652233242,9:40:42,1652233241,1652233242,1,-0.285,-0.028,4.62,0.189,403,17,0.4,0.09,-3.356923415,0.279973589,0.048084603,1,1.724014286,0.341762818,0.163757556,1,0.626234732,0.007671993,0.003977813,1,3,3,3月3日,100,100,4.619,0.2085,4.445291379,0.000676004,-7.65E-07,4.25E-10,0.065174227,-0.023951514,0.002092542,-1.49E-05,2,2268,1,30,10.3,10.3,18,504.913,453.775,24.9999,28.4001,30.0003,28.3836,28.2637,19.297,25.0019,66.7028,25,403.329,17.1257,87.6542,101.299
295,1652233860,636,20220511 09:51:00,9:51:00,0,1652233860,0.001575208,1.575208051,7.807664794,400.016,256.212469,25.79086596,40.26642059,0.093991454,3.018136034,0.092395088,0.057888099,85.26272934,27.0428033,26.4162,3.458258602,50.06330678,1.786821407,3.56912382,1.671437194,-69.46667507,87.21456992,6.216605782,109.22723,7.7973741,1.572961582,7.807664794,410.4116835,407.2346242,2.80E-05,66.83704872,1.575208051,17.13285563,17.75164615,-1.24E-06,86.59541668,0,0,1,0,53112.66333,-,-,0,0,#DIV/0!,0,-,-,0,0,#DIV/0!,0.5,434.588358,7.807664794,#DIV/0!,0.017965656,#DIV/0!,#DIV/0!,-,0,#DIV/0!,#DIV/0!,#DIV/0!,#DIV/0!,#DIV/0!,#DIV/0!,#DIV/0!,#DIV/0!,515.526,434.588358,0.842999884,0.165389775,2,0.5,0: Broadleaf,2,TRUE,1652233860,400.016,403.386,17.7507,17.1328,395.397,17.5423,500.094,100.562,0.100025,26.9522,26.4162,999.9,0,0,9986.25,0,3.33773,515.526,0.900001,0.0999986,0,1.4501,0,2584.05,4978.36,39.937,43.5,41.875,42.375,40.312,463.97,51.55,0,1652233861,0,1.715746154,-0.616423929,-240.3531624,2609.715769,15,1652233242,9:40:42,1652233241,1652233242,1,-0.285,-0.028,4.62,0.189,403,17,0.4,0.09,-3.355996585,0.162579303,0.047467769,1,1.738066667,-0.35880284,0.151416667,1,0.625435805,0.002812077,0.004255387,1,3,3,3月3日,100,100,4.619,0.2084,4.445291379,0.000676004,-7.65E-07,4.25E-10,0.065174227,-0.023951514,0.002092542,-1.49E-05,2,2268,1,30,10.3,10.3,18,505.032,453.678,24.9999,28.4014,30.0003,28.3848,28.2641,19.297,25.0019,66.7028,25,403.37,17.1257,87.654,101.299
296,1652233862,638,20220511 09:51:02,9:51:02,0,1652233862,0.001571197,1.571196681,7.864496465,399.98,254.9497846,25.66398913,40.26315374,0.093802782,3.020428559,0.092213945,0.057774224,84.85833443,27.03913532,26.4109,3.457177549,50.06656736,1.786696322,3.568641542,1.670481228,-69.28977363,87.76932868,6.251162473,109.589052,7.813771565,1.571853081,7.864496465,410.4154456,407.2158424,-1.63E-05,66.83704872,1.571196681,17.13241705,17.74956703,-1.14E-06,86.59541668,0,0,1,0,53183.75157,-,-,0,0,#DIV/0!,0,-,-,0,0,#DIV/0!,0.5,432.523428,7.864496465,#DIV/0!,0.018182822,#DIV/0!,#DIV/0!,-,0,#DIV/0!,#DIV/0!,#DIV/0!,#DIV/0!,#DIV/0!,#DIV/0!,#DIV/0!,#DIV/0!,513.076,432.523428,0.843000702,0.165391354,2,0.5,0: Broadleaf,2,TRUE,1652233862,399.98,403.356,17.7493,17.1319,395.361,17.5408,500.147,100.563,0.0999175,26.9499,26.4109,999.9,0,0,10000,0,3.33773,513.076,0.899978,0.100022,0,1.7111,0,2571.04,4954.67,39.937,43.437,41.875,42.375,40.312,461.76,51.32,0,1652233862,0,1.725732,-0.693876922,-248.247692,2601.2284,15,1652233242,9:40:42,1652233241,1652233242,1,-0.285,-0.028,4.62,0.189,403,17,0.4,0.09,-3.354137073,0.046512962,0.046171006,1,1.729821212,-0.358884396,0.158942236,1,0.624621317,-0.0077123,0.0048029,1,3,3,3月3日,100,100,4.619,0.2085,4.445291379,0.000676004,-7.65E-07,4.25E-10,0.065174227,-0.023951514,0.002092542,-1.49E-05,2,2268,1,30,10.3,10.3,18,504.985,453.821,25,28.4026,30.0002,28.3848,28.2653,19.2984,25.0019,66.7028,25,403.365,17.1257,87.6537,101.299
297,1652233864,640,20220511 09:51:04,9:51:04,0,1652233864,0.001565516,1.565516253,7.849557604,399.982,254.8055697,25.64925711,40.26301768,0.093514743,3.021040604,0.091935874,0.057599556,84.75794244,27.03767884,26.4049,3.455954073,50.06727181,1.786480026,3.568159321,1.669474047,-69.03926677,88.38973409,6.293812569,110.4022223,7.876600861,1.565538296,7.849557604,410.4021577,407.2087576,-1.97E-05,66.83704872,1.565516253,17.13275419,17.74765055,-7.50E-07,86.59541668,0,0,1,0,53203.01319,-,-,0,0,#DIV/0!,0,-,-,0,0,#DIV/0!,0.5,432.017028,7.849557604,#DIV/0!,0.018169556,#DIV/0!,#DIV/0!,-,0,#DIV/0!,#DIV/0!,#DIV/0!,#DIV/0!,#DIV/0!,#DIV/0!,#DIV/0!,#DIV/0!,512.476,432.017028,0.842999532,0.165389096,2,0.5,0: Broadleaf,2,TRUE,1652233864,399.982,403.382,17.7473,17.1324,395.363,17.539,500.164,100.562,0.100074,26.9476,26.4049,999.9,0,0,10003.8,0,3.33773,512.476,0.900022,0.0999783,0,1.8588,0,2568.65,4948.94,39.937,43.437,41.875,42.375,40.312,461.24,51.24,0,1652233864,0,1.733273077,-0.052714532,-235.9900857,2595.370385,15,1652233242,9:40:42,1652233241,1652233242,1,-0.285,-0.028,4.62,0.189,403,17,0.4,0.09,-3.355146585,-0.077057561,0.046900189,1,1.730117143,0.077586693,0.151755874,1,0.623922805,-0.023044432,0.00540787,1,3,3,3月3日,100,100,4.619,0.2083,4.445291379,0.000676004,-7.65E-07,4.25E-10,0.065174227,-0.023951514,0.002092542,-1.49E-05,2,2268,1,30,10.4,10.4,18,504.944,453.828,24.9999,28.4026,30.0001,28.3855,28.2661,19.2979,25.0019,66.7028,25,403.381,17.1257,87.6536,101.298
298,1652233866,642,20220511 09:51:06,9:51:06,0,1652233866,0.001563083,1.563082527,7.821270482,400.001,254.7876976,25.64709097,40.26435394,0.093157961,3.027197628,0.091594137,0.057384652,84.30539412,27.03433329,26.4214,3.459319544,50.06500704,1.786273266,3.56790775,1.673046277,-68.93193946,85.68119622,6.089007701,107.1436586,7.82711886,1.555975222,7.821270482,410.4149331,407.2324848,2.94E-05,66.83704872,1.563082527,17.13212791,17.74612308,-5.37E-07,86.59541668,0,0,1,0,53393.34754,-,-,0,0,#DIV/0!,0,-,-,0,0,#DIV/0!,0.5,429.709044,7.821270482,#DIV/0!,0.018201317,#DIV/0!,#DIV/0!,-,0,#DIV/0!,#DIV/0!,#DIV/0!,#DIV/0!,#DIV/0!,#DIV/0!,#DIV/0!,#DIV/0!,509.738,429.709044,0.842999823,0.165389659,2,0.5,0: Broadleaf,2,TRUE,1652233866,400.001,403.38,17.7455,17.1343,395.381,17.5372,500.119,100.561,0.0996332,26.9464,26.4214,999.9,0,0,10041.2,0,3.33773,509.738,0.899998,0.100002,0,1.7904,0,2554.95,4922.46,39.937,43.437,41.875,42.375,40.312,458.76,50.97,0,1652233867,0,1.762053846,0.447808548,-230.8136752,2585.876154,15,1652233242,9:40:42,1652233241,1652233242,1,-0.285,-0.028,4.62,0.189,403,17,0.4,0.09,-3.35413561,-0.175841812,0.046371884,1,1.762548485,0.173290881,0.166263331,1,0.62330078,-0.046803324,0.006158754,1,3,3,3月3日,100,100,4.62,0.2083,4.445291379,0.000676004,-7.65E-07,4.25E-10,0.065174227,-0.023951514,0.002092542,-1.49E-05,2,2268,1,30,10.4,10.4,18,504.954,453.694,24.9998,28.4038,30.0001,28.3867,28.2661,19.2982,25.0019,66.7028,25,403.416,17.1257,87.654,101.298
299,1652233868,644,20220511 09:51:08,9:51:08,0,1652233868,0.001560571,1.560570697,7.808769175,399.996,254.9260851,25.66139073,40.26443055,0.093104717,3.019584793,0.091538797,0.057350246,84.071946,27.03273693,26.413,3.457605855,50.06614256,1.786198332,3.567677157,1.671407524,-68.82116772,86.6541046,6.173380482,108.0782634,7.737313493,1.551291755,7.808769175,410.4034741,407.2265576,5.12E-06,66.83704872,1.560570697,17.13209032,17.74503846,-5.73E-07,86.59541668,0,0,1,0,53158.53134,-,-,0,0,#DIV/0!,0,-,-,0,0,#DIV/0!,0.5,428.5218,7.808769175,#DIV/0!,0.018222572,#DIV/0!,#DIV/0!,-,0,#DIV/0!,#DIV/0!,#DIV/0!,#DIV/0!,#DIV/0!,#DIV/0!,#DIV/0!,#DIV/0!,508.33,428.5218,0.842999233,0.165388519,2,0.5,0: Broadleaf,2,TRUE,1652233868,399.996,403.338,17.7445,17.1352,395.376,17.5363,500.169,100.562,0.100083,26.9453,26.413,999.9,0,0,9995,0,3.33773,508.33,0.900033,0.0999672,0,1.5572,0,2548.45,4908.92,39.937,43.437,41.875,42.375,40.312,457.51,50.82,0,1652233868,0,1.747028,1.050215376,-232.5807689,2577.3848,15,1652233242,9:40:42,1652233241,1652233242,1,-0.285,-0.028,4.62,0.189,403,17,0.4,0.09,-3.349621463,-0.288323206,0.042950389,1,1.767612121,0.426952047,0.166640093,1,0.622246732,-0.069727401,0.007192723,1,3,3,3月3日,100,100,4.62,0.2082,4.445291379,0.000676004,-7.65E-07,4.25E-10,0.065174227,-0.023951514,0.002092542,-1.49E-05,2,2268,1,30,10.4,10.4,18,504.959,453.752,24.9998,28.405,30,28.3873,28.2671,19.2997,25.0019,66.7028,25,403.387,17.1257,87.6544,101.299
300,1652233870,646,20220511 09:51:10,9:51:10,0,1652233870,0.001550893,1.550893154,7.782119821,399.991,254.8808086,25.65688944,40.26401564,0.092741546,3.015234867,0.091185507,0.057128571,83.9804191,27.03017961,26.3931,3.453549005,50.07498857,1.786031127,3.566713,1.667517877,-68.3943881,89.01640055,6.350044645,110.9524762,7.753345515,1.546818566,7.782119821,410.3796111,407.2133697,-1.80E-05,66.83704872,1.550893154,17.13396321,17.74316593,-3.47E-07,86.59541668,0,0,1,0,53025.37173,-,-,0,0,#DIV/0!,0,-,-,0,0,#DIV/0!,0.5,428.056344,7.782119821,#DIV/0!,0.01818013,#DIV/0!,#DIV/0!,-,0,#DIV/0!,#DIV/0!,#DIV/0!,#DIV/0!,#DIV/0!,#DIV/0!,#DIV/0!,#DIV/0!,507.778,428.056344,0.842998996,0.165388062,2,0.5,0: Broadleaf,2,TRUE,1652233870,399.991,403.339,17.7428,17.1352,395.372,17.5346,500.123,100.562,0.100304,26.9407,26.3931,999.9,0,0,9968.75,0,3.33773,507.778,0.900028,0.099972,0,1.3661,0,2546.7,4903.58,39.937,43.437,41.875,42.375,40.312,457.01,50.76,0,1652233870,0,1.750384615,0.418905974,-227.6242737,2571.745,15,1652233242,9:40:42,1652233241,1652233242,1,-0.285,-0.028,4.62,0.189,403,17,0.4,0.09,-3.349994878,-0.256684181,0.041668838,1,1.752962857,0.141893542,0.179170926,1,0.620306195,-0.079720976,0.007900058,1,3,3,3月3日,100,100,4.619,0.2082,4.445291379,0.000676004,-7.65E-07,4.25E-10,0.065174227,-0.023951514,0.002092542,-1.49E-05,2,2268,1,30,10.5,10.5,18,505.021,453.728,24.9998,28.405,30,28.3873,28.2683,19.2991,25.0019,66.7028,25,403.419,17.1257,87.6545,101.299
301,1652233872,648,20220511 09:51:12,9:51:12,0,1652233872,0.001544038,1.544037645,7.696223851,400.003,255.8483364,25.75416614,40.26504087,0.092363894,3.021867222,0.090823715,0.056901062,83.62410339,27.02568723,26.3888,3.452672945,50.08342695,1.785912294,3.565874788,1.66676065,-68.09206014,89.26107681,6.353259532,111.1463796,7.846922845,1.54290869,7.696223851,410.3672484,407.2355576,2.20E-05,66.83704872,1.544037645,17.13518141,17.74172747,-3.71E-07,86.59541668,0,0,1,0,53230.44782,-,-,0,0,#DIV/0!,0,-,-,0,0,#DIV/0!,0.5,426.230643,7.696223851,#DIV/0!,0.018056477,#DIV/0!,#DIV/0!,-,0,#DIV/0!,#DIV/0!,#DIV/0!,#DIV/0!,#DIV/0!,#DIV/0!,#DIV/0!,#DIV/0!,505.611,426.230643,0.843001127,0.165392176,2,0.5,0: Broadleaf,2,TRUE,1652233872,400.003,403.388,17.7417,17.1356,395.383,17.5335,500.094,100.562,0.0998472,26.9367,26.3888,999.9,0,0,10008.8,0,3.33773,505.611,0.899962,0.100038,0,1.7631,0,2535.22,4882.57,39.875,43.437,41.875,42.375,40.25,455.03,50.58,0,1652233873,0,1.726403846,-0.24945984,-227.4140172,2562.405385,15,1652233242,9:40:42,1652233241,1652233242,1,-0.285,-0.028,4.62,0.189,403,17,0.4,0.09,-3.357071463,-0.12755561,0.034688477,1,1.729063636,-0.197994929,0.196842576,1,0.617837049,-0.078135512,0.007748478,1,3,3,3月3日,100,100,4.62,0.2082,4.445291379,0.000676004,-7.65E-07,4.25E-10,0.065174227,-0.023951514,0.002092542,-1.49E-05,2,2268,1,30,10.5,10.5,18,505,453.663,24.9997,28.4056,30,28.3885,28.2684,19.2981,25.0019,66.7028,25,403.437,17.1257,87.6545,101.298
302,1652233874,650,20220511 09:51:14,9:51:14,0,1652233874,0.001545017,1.545017161,7.773030297,400.03,254.6728079,25.63584803,40.26777878,0.092452348,3.022065551,0.090909344,0.056954828,83.20872626,27.02365461,26.3866,3.452224803,50.08337986,1.78597358,3.566000509,1.666251223,-68.13525681,89.72312681,6.385676278,111.1822725,7.79081137,1.542920356,7.773030297,410.4047209,407.2423333,1.94E-05,66.83704872,1.545017161,17.13517309,17.7420011,-6.13E-07,86.59541668,0,0,1,0,53236.46105,-,-,0,0,#DIV/0!,0,-,-,0,0,#DIV/0!,0.5,424.116099,7.773030297,#DIV/0!,0.0183276,#DIV/0!,#DIV/0!,-,0,#DIV/0!,#DIV/0!,#DIV/0!,#DIV/0!,#DIV/0!,#DIV/0!,#DIV/0!,#DIV/0!,503.103,424.116099,0.843000537,0.165391036,2,0.5,0: Broadleaf,2,TRUE,1652233874,400.03,403.392,17.7423,17.1363,395.411,17.5341,500.18,100.562,0.0998973,26.9373,26.3866,999.9,0,0,10010,0,3.33773,503.103,0.899986,0.100014,0,1.7594,0,2522.25,4858.38,39.875,43.437,41.875,42.312,40.312,452.79,50.32,0,1652233874,0,1.735436,-0.352476927,-245.530769,2554.0568,15,1652233242,9:40:42,1652233241,1652233242,1,-0.285,-0.028,4.62,0.189,403,17,0.4,0.09,-3.365512683,-0.046487456,0.027866676,1,1.72209697,0.023746205,0.18953075,1,0.615389366,-0.071421784,0.007105409,1,3,3,3月3日,100,100,4.619,0.2082,4.445291379,0.000676004,-7.65E-07,4.25E-10,0.065174227,-0.023951514,0.002092542,-1.49E-05,2,2268,1,30,10.6,10.5,18,504.963,453.649,24.9997,28.4068,30.0001,28.3897,28.2689,19.2972,25.0019,66.7028,25,403.31,17.1257,87.6552,101.298
303,1652233876,652,20220511 09:51:16,9:51:16,0,1652233876,0.001544116,1.544115832,7.81088115,400.04,253.9392427,25.56206456,40.26887769,0.092393946,3.017721879,0.090850695,0.056918192,83.11202245,27.02514379,26.3868,3.452265541,50.0765162,1.78590721,3.566356739,1.666358331,-68.09550818,89.8382032,6.403130549,111.257848,7.665885299,1.539645389,7.81088115,410.4288638,407.2506667,1.16E-05,66.83704872,1.544115832,17.13555342,17.74211099,-2.60E-07,86.59541668,0,0,1,0,53102.24234,-,-,0,0,#DIV/0!,0,-,-,0,0,#DIV/0!,0.5,423.629028,7.81088115,#DIV/0!,0.018438022,#DIV/0!,#DIV/0!,-,0,#DIV/0!,#DIV/0!,#DIV/0!,#DIV/0!,#DIV/0!,#DIV/0!,#DIV/0!,#DIV/0!,502.526,423.629028,0.842999224,0.165388502,2,0.5,0: Broadleaf,2,TRUE,1652233876,400.04,403.352,17.7416,17.1368,395.421,17.5334,500.109,100.562,0.100128,26.939,26.3868,999.9,0,0,9983.75,0,3.33773,502.526,0.90003,0.0999703,0,1.8485,0,2519.92,4852.86,39.875,43.437,41.875,42.312,40.25,452.29,50.24,0,1652233876,0,1.760219231,-0.787401719,-238.5490601,2548.01,15,1652233242,9:40:42,1652233241,1652233242,1,-0.285,-0.028,4.62,0.189,403,17,0.4,0.09,-3.369600488,0.088011847,0.021349199,1,1.737948571,-0.123078669,0.182013719,1,0.613199317,-0.063355129,0.006337821,1,3,3,3月3日,100,100,4.619,0.2082,4.445291379,0.000676004,-7.65E-07,4.25E-10,0.065174227,-0.023951514,0.002092542,-1.49E-05,2,2268,1,30,10.6,10.6,18,504.979,453.609,24.9996,28.4074,30.0001,28.3897,28.2702,19.2966,25.0019,66.7028,25,403.302,17.1257,87.6556,101.299
304,1652233878,654,20220511 09:51:18,9:51:18,0,1652233878,0.001537356,1.537356072,7.729093134,400.012,254.6118393,25.63002927,40.26646716,0.091900122,3.017116909,0.090372875,0.05661815,82.69929183,27.02400226,26.3928,3.453487878,50.07059144,1.78564345,3.566251962,1.667844428,-67.79740276,88.76291088,6.327932761,109.9927327,7.687174799,1.531865709,7.729093134,410.3932492,407.2486667,-6.63E-06,66.83704872,1.537356072,17.13617448,17.74002857,2.44E-07,86.59541668,0,0,1,0,53083.71932,-,-,0,0,#DIV/0!,0,-,-,0,0,#DIV/0!,0.5,421.522671,7.729093134,#DIV/0!,0.018336127,#DIV/0!,#DIV/0!,-,0,#DIV/0!,#DIV/0!,#DIV/0!,#DIV/0!,#DIV/0!,#DIV/0!,#DIV/0!,#DIV/0!,500.027,421.522671,0.84299982,0.165389653,2,0.5,0: Broadleaf,2,TRUE,1652233878,400.012,403.331,17.7388,17.1371,395.393,17.5307,500.147,100.563,0.100148,26.9385,26.3928,999.9,0,0,9980,0,3.33773,500.027,0.900008,0.0999919,0,1.7523,0,2507.43,4828.7,39.875,43.437,41.875,42.312,40.25,450.03,50,0,1652233879,0,1.746719231,-0.867702574,-247.420171,2538.571538,15,1652233242,9:40:42,1652233241,1652233242,1,-0.285,-0.028,4.62,0.189,403,17,0.4,0.09,-3.36526561,0.193685854,0.026067207,1,1.72800303,-0.124109947,0.179808854,1,0.611172415,-0.056801394,0.005693003,1,3,3,3月3日,100,100,4.619,0.2081,4.445291379,0.000676004,-7.65E-07,4.25E-10,0.065174227,-0.023951514,0.002092542,-1.49E-05,2,2268,1,30,10.6,10.6,18,504.948,453.648,24.9996,28.4074,30.0001,28.3897,28.2709,19.2984,25.0019,66.7028,25,403.367,17.1257,87.6547,101.299
305,1652233880,656,20220511 09:51:20,9:51:20,0,1652233880,0.001531002,1.531001633,7.687011534,400.004,254.8922532,25.65820507,40.26558097,0.091585153,3.020627056,0.090069995,0.05642779,82.42575339,27.02044808,26.3863,3.452163697,50.08022481,1.78561973,3.5655186,1.666543967,-67.51717201,89.35472276,6.362402309,110.6257064,7.690466253,1.53174555,7.687011534,410.3689492,407.2417879,-1.12E-05,66.83704872,1.531001633,17.13672903,17.73803846,-1.82E-07,86.59541668,0,0,1,0,53192.515,-,-,0,0,#DIV/0!,0,-,-,0,0,#DIV/0!,0.5,420.126843,7.687011534,#DIV/0!,0.018296883,#DIV/0!,#DIV/0!,-,0,#DIV/0!,#DIV/0!,#DIV/0!,#DIV/0!,#DIV/0!,#DIV/0!,#DIV/0!,#DIV/0!,498.371,420.126843,0.843000181,0.165390349,2,0.5,0: Broadleaf,2,TRUE,1652233880,400.004,403.324,17.7386,17.137,395.384,17.5305,500.191,100.563,0.0999458,26.935,26.3863,999.9,0,0,10001.2,0,3.33773,498.371,0.899994,0.100006,0,1.7753,0,2499.71,4812.69,39.875,43.437,41.875,42.312,40.25,448.53,49.84,0,1652233880,0,1.693036,-0.293384627,-249.4469228,2529.4688,15,1652233242,9:40:42,1652233241,1652233242,1,-0.285,-0.028,4.62,0.189,403,17,0.4,0.09,-3.357271707,0.213244181,0.027652263,1,1.729348485,-0.560705463,0.177696149,1,0.609290561,-0.052718801,0.005286685,1,3,3,3月3日,100,100,4.62,0.2081,4.445291379,0.000676004,-7.65E-07,4.25E-10,0.065174227,-0.023951514,0.002092542,-1.49E-05,2,2268,1,30,10.7,10.6,18,504.926,453.715,24.9996,28.4086,30.0002,28.3909,28.2709,19.2997,25.0019,66.7028,25,403.452,17.1257,87.6549,101.299
306,1652233882,658,20220511 09:51:22,9:51:22,0,1652233882,0.001531668,1.53166805,7.71227693,400.015,254.669268,25.63597659,40.26703048,0.091721504,3.022726344,0.090202909,0.056511163,82.33727805,27.01741772,26.3785,3.450575265,50.09024299,1.78573557,3.565036747,1.664839696,-67.54656102,90.31310959,6.425852297,111.5296789,7.706044622,1.531367381,7.71227693,410.3606956,407.2225152,-1.87E-05,66.83704872,1.53166805,17.13722221,17.73894615,-7.77E-07,86.59541668,0,0,1,0,53257.71469,-,-,0,0,#DIV/0!,0,-,-,0,0,#DIV/0!,0.5,419.675085,7.71227693,#DIV/0!,0.018376781,#DIV/0!,#DIV/0!,-,0,#DIV/0!,#DIV/0!,#DIV/0!,#DIV/0!,#DIV/0!,#DIV/0!,#DIV/0!,#DIV/0!,497.835,419.675085,0.843000362,0.165390698,2,0.5,0: Broadleaf,2,TRUE,1652233882,400.015,403.342,17.7396,17.138,395.395,17.5315,500.067,100.564,0.0998013,26.9327,26.3785,999.9,0,0,10013.8,0,3.33773,497.835,0.899989,0.100011,0,1.9022,0,2497.47,4807.51,39.812,43.437,41.875,42.312,40.25,448.05,49.79,0,1652233882,0,1.683303846,-0.226184622,-243.6533336,2523.547692,15,1652233242,9:40:42,1652233241,1652233242,1,-0.285,-0.028,4.62,0.189,403,17,0.4,0.09,-3.351911951,0.226184111,0.028229203,1,1.73074,-0.68666771,0.175889527,1,0.607666024,-0.048144251,0.004862259,1,3,3,3月3日,100,100,4.62,0.2081,4.445291379,0.000676004,-7.65E-07,4.25E-10,0.065174227,-0.023951514,0.002092542,-1.49E-05,2,2268,1,30,10.7,10.7,18,505.029,453.656,24.9996,28.4098,30.0002,28.3921,28.272,19.2971,25.0019,66.7028,25,403.302,17.1257,87.6555,101.299
307,1652233884,660,20220511 09:51:24,9:51:24,0,1652233884,0.001535881,1.535881292,7.742286437,400.006,254.5051086,25.61929254,40.26587438,0.091977852,3.018462205,0.090448714,0.056665716,81.92647422,27.01530762,26.3787,3.450615986,50.08696461,1.78574461,3.565288141,1.664871377,-67.73236498,90.34843687,6.437492257,110.9800384,7.764443219,1.529286901,7.742286437,410.3652801,407.2158242,-1.55E-05,66.83704872,1.535881292,17.13697782,17.74016923,-2.60E-07,86.59541668,0,0,1,0,53125.97505,-,-,0,0,#DIV/0!,0,-,-,0,0,#DIV/0!,0.5,417.578814,7.742286437,#DIV/0!,0.018540899,#DIV/0!,#DIV/0!,-,0,#DIV/0!,#DIV/0!,#DIV/0!,#DIV/0!,#DIV/0!,#DIV/0!,#DIV/0!,#DIV/0!,495.348,417.578814,0.843000908,0.165391753,2,0.5,0: Broadleaf,2,TRUE,1652233884,400.006,403.355,17.7398,17.1392,395.387,17.5317,500.219,100.563,0.100176,26.9339,26.3787,999.9,0,0,9988.12,0,3.33773,495.348,0.899967,0.100033,0,1.8327,0,2485.31,4783.47,39.875,43.437,41.875,42.312,40.25,445.8,49.55,0,1652233885,0,1.679269231,0.643801703,-247.1114531,2513.997308,15,1652233242,9:40:42,1652233241,1652233242,1,-0.285,-0.028,4.62,0.189,403,17,0.4,0.09,-3.348450732,0.158915331,0.025789652,1,1.719130303,-0.440646582,0.179965668,1,0.606146341,-0.041172125,0.004177723,1,3,3,3月3日,100,100,4.619,0.2081,4.445291379,0.000676004,-7.65E-07,4.25E-10,0.065174227,-0.023951514,0.002092542,-1.49E-05,2,2268,1,30,10.7,10.7,18,505.107,453.616,24.9996,28.4098,30.0001,28.3921,28.2732,19.2978,25.0019,66.7028,25,403.29,17.1257,87.6555,101.299
308,1652233887,663,20220511 09:51:27,9:51:27,0,1652233887,0.001524889,1.524888518,7.684661872,400.036,254.5675288,25.62547174,40.2687305,0.091304044,3.024146571,0.089799813,0.056257968,81.46775661,27.01191419,26.3777,3.450412385,50.09055607,1.785515889,3.564575898,1.664896497,-67.24758364,90.12729027,6.40952326,110.7569865,7.670297484,1.522049444,7.684661872,410.3949375,407.2678606,4.45E-05,66.83704872,1.524888518,17.13848467,17.7374967,4.72E-07,86.59541668,0,0,1,0,53301.93379,-,-,0,0,#DIV/0!,0,-,-,0,0,#DIV/0!,0.5,415.244157,7.684661872,#DIV/0!,0.01850637,#DIV/0!,#DIV/0!,-,0,#DIV/0!,#DIV/0!,#DIV/0!,#DIV/0!,#DIV/0!,#DIV/0!,#DIV/0!,#DIV/0!,492.579,415.244157,0.843000122,0.165390235,2,0.5,0: Broadleaf,2,TRUE,1652233887,400.036,403.347,17.7376,17.1397,395.417,17.5296,500.101,100.563,0.0997666,26.9305,26.3777,999.9,0,0,10022.5,0,3.33773,492.579,0.89999,0.10001,0,1.9876,0,2471.6,4756.76,39.875,43.437,41.812,42.312,40.25,443.32,49.26,0,1652233888,0,1.73434,0.483484614,-241.3907697,2499.9104,15,1652233242,9:40:42,1652233241,1652233242,1,-0.285,-0.028,4.62,0.189,403,17,0.4,0.09,-3.340553171,0.096316307,0.021720096,1,1.701406061,0.336814079,0.158851369,1,0.604062537,-0.0346957,0.003479823,1,3,3,3月3日,100,100,4.619,0.208,4.445291379,0.000676004,-7.65E-07,4.25E-10,0.065174227,-0.023951514,0.002092542,-1.49E-05,2,2268,1,30,10.8,10.8,18,504.967,453.65,24.9996,28.4098,30.0001,28.3939,28.2733,19.2972,25.0019,66.7028,25,403.356,17.1257,87.656,101.299
309,1652233889,665,20220511 09:51:29,9:51:29,0,1652233889,0.001523313,1.523312966,7.657481089,400.035,254.8991317,25.65841577,40.26794554,0.091207239,3.018947596,0.089703628,0.056197796,81.46291045,27.01121577,26.3784,3.450554905,50.09719088,1.785626472,3.564324548,1.664928433,-67.1781018,89.66310828,6.387477398,110.3353943,7.688441553,1.521903551,7.657481089,410.3866412,407.2709939,1.55E-05,66.83704872,1.523312966,17.13936939,17.73772637,-3.72E-07,86.59541668,0,0,1,0,53141.70497,-,-,0,0,#DIV/0!,0,-,-,0,0,#DIV/0!,0.5,415.224228,7.657481089,#DIV/0!,0.018441797,#DIV/0!,#DIV/0!,-,0,#DIV/0!,#DIV/0!,#DIV/0!,#DIV/0!,#DIV/0!,#DIV/0!,#DIV/0!,#DIV/0!,492.556,415.224228,0.842999025,0.165388119,2,0.5,0: Broadleaf,2,TRUE,1652233889,400.035,403.353,17.739,17.1412,395.416,17.5309,500.136,100.561,0.100056,26.9293,26.3784,999.9,0,0,9991.25,0,3.33773,492.556,0.900038,0.0999619,0,1.9548,0,2472.88,4756.6,39.812,43.437,41.875,42.312,40.25,443.32,49.24,0,1652233889,0,1.743126923,0.652598293,-229.4140171,2494.776154,15,1652233242,9:40:42,1652233241,1652233242,1,-0.285,-0.028,4.62,0.189,403,17,0.4,0.09,-3.337080488,0.11041108,0.022399754,1,1.705375758,0.657668874,0.173100929,1,0.60283161,-0.032929631,0.003290363,1,3,3,3月3日,100,100,4.619,0.2081,4.445291379,0.000676004,-7.65E-07,4.25E-10,0.065174227,-0.023951514,0.002092542,-1.49E-05,2,2268,1,30,10.8,10.8,18,504.957,453.659,24.9996,28.4111,30.0002,28.3945,28.2744,19.2955,25.0019,66.7028,25,403.313,17.1257,87.6553,101.299
310,1652233891,667,20220511 09:51:31,9:51:31,0,1652233891,0.001527664,1.52766388,7.658665014,400.068,255.4162757,25.71043781,40.27121374,0.091550467,3.021024154,0.090036642,0.056406827,81.05161044,27.00600663,26.3718,3.449211353,50.10410615,1.785694558,3.563968495,1.663516795,-67.36997709,90.52284264,6.444023401,110.6484994,7.559454222,1.520750291,7.658665014,410.3960305,407.2801333,1.68E-05,66.83704872,1.52766388,17.13967056,17.73968901,-4.32E-07,86.59541668,0,0,1,0,53206.03182,-,-,0,0,#DIV/0!,0,-,-,0,0,#DIV/0!,0.5,413.125428,7.658665014,#DIV/0!,0.018538353,#DIV/0!,#DIV/0!,-,0,#DIV/0!,#DIV/0!,#DIV/0!,#DIV/0!,#DIV/0!,#DIV/0!,#DIV/0!,#DIV/0!,490.066,413.125428,0.842999571,0.165389173,2,0.5,0: Broadleaf,2,TRUE,1652233891,400.068,403.334,17.7397,17.1424,395.448,17.5316,500.175,100.561,0.099922,26.9276,26.3718,999.9,0,0,10003.8,0,3.33773,490.066,0.900016,0.0999844,0,1.726,0,2460.25,4732.52,39.812,43.437,41.812,42.312,40.25,441.07,49,0,1652233891,0,1.75572,1.079238464,-214.6315384,2486.8968,15,1652233242,9:40:42,1652233241,1652233242,1,-0.285,-0.028,4.62,0.189,403,17,0.4,0.09,-3.332976829,0.155797422,0.024910609,1,1.734062857,0.733700196,0.171467175,1,0.601792659,-0.03144069,0.003150691,1,3,3,3月3日,100,100,4.62,0.2081,4.445291379,0.000676004,-7.65E-07,4.25E-10,0.065174227,-0.023951514,0.002092542,-1.49E-05,2,2268,1,30,10.8,10.8,18,504.988,453.601,24.9997,28.4123,30.0001,28.3945,28.2756,19.2946,25.0019,66.7028,25,403.246,17.1257,87.655,101.299
311,1652233893,669,20220511 09:51:33,9:51:33,0,1652233893,0.001525088,1.525088343,7.594133863,400.067,256.2552474,25.79513978,40.27150387,0.091351461,3.021751519,0.089844509,0.056286141,80.59848339,27.00354361,26.3757,3.450005215,50.10662946,1.785732019,3.563863779,1.664273196,-67.25639591,89.82783949,6.393117904,109.5630449,7.519941052,1.521446516,7.594133863,410.3731555,407.2829091,7.24E-06,66.83704872,1.525088343,17.14079435,17.73992308,2.79E-07,86.59541668,0,0,1,0,53228.58155,-,-,0,0,#DIV/0!,0,-,-,0,0,#DIV/0!,0.5,410.811843,7.594133863,#DIV/0!,0.018485674,#DIV/0!,#DIV/0!,-,0,#DIV/0!,#DIV/0!,#DIV/0!,#DIV/0!,#DIV/0!,#DIV/0!,#DIV/0!,#DIV/0!,487.321,410.811843,0.843000492,0.165390951,2,0.5,0: Broadleaf,2,TRUE,1652233893,400.067,403.318,17.7399,17.1422,395.448,17.5318,500.069,100.562,0.0998988,26.9271,26.3757,999.9,0,0,10008.1,0,3.33773,487.321,0.89999,0.10001,0,1.691,0,2445.9,4705.98,39.812,43.437,41.812,42.312,40.25,438.58,48.74,0,1652233894,0,1.771704,0.945315397,-220.4284619,2477.33,15,1652233242,9:40:42,1652233241,1652233242,1,-0.285,-0.028,4.62,0.189,403,17,0.4,0.09,-3.324097805,0.199631289,0.028722251,1,1.762169697,0.598055438,0.168662059,1,0.600904195,-0.029307366,0.002972745,1,3,3,3月3日,100,100,4.619,0.2081,4.445291379,0.000676004,-7.65E-07,4.25E-10,0.065174227,-0.023951514,0.002092542,-1.49E-05,2,2268,1,30,10.9,10.8,18,504.993,453.636,24.9998,28.4123,30.0002,28.3951,28.2757,19.2937,25.0019,66.7028,25,403.207,17.1257,87.6552,101.299
312,1652233895,671,20220511 09:51:35,9:51:35,0,1652233895,0.001524247,1.524247257,7.60907048,400.015,255.8467022,25.75401024,40.26626225,0.091285607,3.021966389,0.089780912,0.056246195,80.37012939,27.00354272,26.3775,3.450371666,50.10648845,1.785842427,3.564094157,1.664529239,-67.21930405,89.72018277,6.385094544,109.2561026,7.556120433,1.523319667,7.60907048,410.35646,407.2610242,-2.82E-05,66.83704872,1.524247257,17.14228171,17.74094505,1.45E-07,86.59541668,0,0,1,0,53235.01635,-,-,0,0,#DIV/0!,0,-,-,0,0,#DIV/0!,0.5,409.648443,7.60907048,#DIV/0!,0.018574635,#DIV/0!,#DIV/0!,-,0,#DIV/0!,#DIV/0!,#DIV/0!,#DIV/0!,#DIV/0!,#DIV/0!,#DIV/0!,#DIV/0!,485.941,409.648443,0.84300037,0.165390715,2,0.5,0: Broadleaf,2,TRUE,1652233895,400.015,403.28,17.741,17.1427,395.396,17.5329,500.182,100.562,0.0998808,26.9282,26.3775,999.9,0,0,10009.4,0,3.33773,485.941,0.899979,0.100021,0,1.7948,0,2438.97,4692.63,39.812,43.437,41.812,42.312,40.25,437.34,48.6,0,1652233895,0,1.792523077,0.420574367,-232.6741881,2471.622308,15,1652233242,9:40:42,1652233241,1652233242,1,-0.285,-0.028,4.62,0.189,403,17,0.4,0.09,-3.312451951,0.207949756,0.029685506,1,1.769269697,0.445387328,0.16653274,1,0.600137049,-0.024030251,0.002549439,1,3,3,3月3日,100,100,4.619,0.2081,4.445291379,0.000676004,-7.65E-07,4.25E-10,0.065174227,-0.023951514,0.002092542,-1.49E-05,2,2268,1,30,10.9,10.9,18,505.018,453.572,24.9999,28.4129,30.0002,28.3964,28.2762,19.2978,25.0019,66.7028,25,403.443,17.1257,87.6556,101.299
313,1652233897,672.5,20220511 09:51:36,9:51:36,0,1652233897,0.001524331,1.524331156,7.628057552,399.995,255.5559111,25.72504896,40.26473468,0.091327552,3.018462205,0.089819769,0.05627075,80.18911018,27.00256492,26.3744,3.449740576,50.10568066,1.785813637,3.564094157,1.66392694,-67.223004,90.120613,6.420937934,109.5076571,7.540421378,1.518999669,7.628057552,410.3325621,407.2295455,-5.21E-05,66.83704872,1.524331156,17.14229587,17.74098791,2.35E-07,86.59541668,0,0,1,0,53126.98469,-,-,0,0,#DIV/0!,0,-,-,0,0,#DIV/0!,0.5,408.723129,7.628057552,#DIV/0!,0.018663141,#DIV/0!,#DIV/0!,-,0,#DIV/0!,#DIV/0!,#DIV/0!,#DIV/0!,#DIV/0!,#DIV/0!,#DIV/0!,#DIV/0!,484.843,408.723129,0.84300099,0.165391911,2,0.5,0: Broadleaf,2,TRUE,1652233897,399.995,403.253,17.7405,17.1439,395.376,17.5324,500.185,100.563,0.100095,26.9282,26.3744,999.9,0,0,9988.12,0,3.33773,484.843,0.899969,0.100031,0,1.8571,0,2433.72,4682.02,39.812,43.437,41.812,42.312,40.25,436.34,48.5,0,1652233897,0,1.804808,-0.145138455,-237.2215385,2463.0988,15,1652233242,9:40:42,1652233241,1652233242,1,-0.285,-0.028,4.62,0.189,403,17,0.4,0.09,-3.307997073,0.217143345,0.030481899,1,1.763306061,0.549173667,0.165046109,1,0.59976661,-0.02134984,0.002312833,1,3,3,3月3日,100,100,4.619,0.2081,4.445291379,0.000676004,-7.65E-07,4.25E-10,0.065174227,-0.023951514,0.002092542,-1.49E-05,2,2268,1,30,10.9,10.9,18,505.055,453.529,25,28.4138,30.0002,28.397,28.2771,19.2962,25.0019,66.7028,25,403.338,17.1257,87.6559,101.299
314,1652233899,675,20220511 09:51:39,9:51:39,0,1652233899,0.001519906,1.519905575,7.620008775,399.98,255.3335548,25.70243583,40.26286436,0.091085715,3.015856955,0.089584563,0.056123164,79.77549444,26.99967108,26.3714,3.44912994,50.10713083,1.785686924,3.563738124,1.663443016,-67.02783585,90.25419757,6.435859163,109.4377153,7.726761423,1.512378711,7.620008775,410.2912128,407.1909152,-4.64E-05,66.83704872,1.519905575,17.14256123,17.73961538,3.51E-07,86.59541668,0,0,1,0,53047.02867,-,-,0,0,#DIV/0!,0,-,-,0,0,#DIV/0!,0.5,406.617828,7.620008775,#DIV/0!,0.018739977,#DIV/0!,#DIV/0!,-,0,#DIV/0!,#DIV/0!,#DIV/0!,#DIV/0!,#DIV/0!,#DIV/0!,#DIV/0!,#DIV/0!,482.346,406.617828,0.843000311,0.1653906,2,0.5,0: Broadleaf,2,TRUE,1652233899,399.98,403.312,17.7394,17.1453,395.361,17.5313,500.101,100.562,0.100194,26.9265,26.3714,999.9,0,0,9972.5,0,3.32678,482.346,0.899995,0.100005,0,2.0004,0,2421.08,4657.94,39.812,43.437,41.812,42.312,40.25,434.11,48.24,0,1652233900,0,1.787192,-0.613723075,-254.2615389,2453.0404,15,1652233242,9:40:42,1652233241,1652233242,1,-0.285,-0.028,4.62,0.189,403,17,0.4,0.09,-3.302357805,0.241142091,0.032811668,1,1.760009091,-0.055679878,0.172583089,1,0.598652073,-0.018320551,0.001989433,1,3,3,3月3日,100,100,4.619,0.2081,4.445291379,0.000676004,-7.65E-07,4.25E-10,0.065174227,-0.023951514,0.002092542,-1.49E-05,2,2268,1,30,11,10.9,18,505.06,453.588,25,28.4147,30.0002,28.3976,28.2781,19.296,25.0019,66.7028,25,403.337,17.1257,87.6568,101.299
315,1652233901,676.5,20220511 09:51:40,9:51:40,0,1652233901,0.00151714,1.517139698,7.626901587,399.978,254.9240382,25.66114994,40.26256412,0.090888949,3.019584793,0.089396031,0.05600461,79.70554278,26.99898508,26.3744,3.449740576,50.11389503,1.78583353,3.563549649,1.663907046,-66.90586066,89.73087067,6.390709457,108.9212622,7.62776406,1.514232332,7.626901587,410.3152047,407.2124667,8.65E-06,66.83704872,1.517139698,17.14389958,17.73974286,-1.05E-07,86.59541668,0,0,1,0,53162.02295,-,-,0,0,#DIV/0!,0,-,-,0,0,#DIV/0!,0.5,406.260486,7.626901587,#DIV/0!,0.018773427,#DIV/0!,#DIV/0!,-,0,#DIV/0!,#DIV/0!,#DIV/0!,#DIV/0!,#DIV/0!,#DIV/0!,#DIV/0!,#DIV/0!,481.922,406.260486,0.843000498,0.165390961,2,0.5,0: Broadleaf,2,TRUE,1652233901,399.978,403.27,17.7409,17.1462,395.359,17.5328,500.208,100.562,0.0999467,26.9256,26.3744,999.9,0,0,9995,0,3.30626,481.922,0.89999,0.10001,0,1.7139,0,2420.03,4653.84,39.812,43.375,41.812,42.312,40.25,433.72,48.2,0,1652233901,0,1.774564,-0.721523077,-262.6676928,2448.5104,15,1652233242,9:40:42,1652233241,1652233242,1,-0.285,-0.028,4.62,0.189,403,17,0.4,0.09,-3.303437073,0.207793589,0.033435537,1,1.76314,-0.001063796,0.173819131,1,0.59827739,-0.018851247,0.002047531,1,3,3,3月3日,100,100,4.619,0.2081,4.445291379,0.000676004,-7.65E-07,4.25E-10,0.065174227,-0.023951514,0.002092542,-1.49E-05,2,2268,1,30,11,11,18,505.02,453.589,25.0001,28.4147,30.0002,28.3985,28.2783,19.301,25.0019,66.7028,25,403.403,17.1257,87.6577,101.299
316,1652233903,678.5,20220511 09:51:42,9:51:42,0,1652233903,0.00151846,1.518460079,7.694081716,399.972,253.9011544,25.55816726,40.26193303,0.090998438,3.02391552,0.089504058,0.056072256,79.31710761,26.99602953,26.3717,3.449191,50.11502725,1.785842394,3.563486826,1.663348606,-66.96408947,90.25082463,6.418439136,109.0222819,7.734784411,1.512480972,7.694081716,410.3276586,407.1972121,-7.38E-06,66.83704872,1.518460079,17.14476822,17.74121868,-2.88E-07,86.59541668,0,0,1,0,53295.70033,-,-,0,0,#DIV/0!,0,-,-,0,0,#DIV/0!,0.5,404.284857,7.694081716,#DIV/0!,0.019031338,#DIV/0!,#DIV/0!,-,0,#DIV/0!,#DIV/0!,#DIV/0!,#DIV/0!,#DIV/0!,#DIV/0!,#DIV/0!,#DIV/0!,479.579,404.284857,0.8429995,0.165389034,2,0.5,0: Broadleaf,2,TRUE,1652233903,399.972,403.307,17.741,17.1469,395.352,17.5329,500.134,100.562,0.0998789,26.9253,26.3717,999.9,0,0,10021.2,0,3.28301,479.579,0.900018,0.0999816,0,1.7269,0,2408.75,4631.25,39.812,43.375,41.812,42.312,40.187,431.63,47.95,0,1652233903,0,1.749436,-0.505599996,-271.0323076,2438.8356,15,1652233242,9:40:42,1652233241,1652233242,1,-0.285,-0.028,4.62,0.189,403,17,0.4,0.09,-3.300920976,0.183701394,0.033196636,1,1.777651515,-0.39793797,0.164942128,1,0.597616366,-0.018744042,0.002037279,1,3,3,3月3日,100,100,4.62,0.2081,4.445291379,0.000676004,-7.65E-07,4.25E-10,0.065174227,-0.023951514,0.002092542,-1.49E-05,2,2268,1,30,11,11,18,504.997,453.582,25.0002,28.4147,30.0002,28.3994,28.2795,19.2994,25.0019,66.7028,25,403.375,17.1257,87.6575,101.298
317,1652233905,680.5,20220511 09:51:44,9:51:44,0,1652233905,0.001515714,1.515714496,7.736071971,399.972,253.1086748,25.4784214,40.2619751,0.090955205,3.02165234,0.089461134,0.056045401,78.99780573,26.9935433,26.3607,3.446952773,50.11779032,1.785793929,3.563193663,1.661158844,-66.84300927,91.74715035,6.529336433,110.4312832,7.90276138,1.509274299,7.736071971,410.3251363,407.1774,-2.81E-05,66.83704872,1.515714496,17.14576653,17.74119451,2.23E-07,86.59541668,0,0,1,0,53226.08933,-,-,0,0,#DIV/0!,0,-,-,0,0,#DIV/0!,0.5,402.656301,7.736071971,#DIV/0!,0.019212594,#DIV/0!,#DIV/0!,-,0,#DIV/0!,#DIV/0!,#DIV/0!,#DIV/0!,#DIV/0!,#DIV/0!,#DIV/0!,#DIV/0!,477.647,402.656301,0.842999749,0.165389515,2,0.5,0: Broadleaf,2,TRUE,1652233905,399.972,403.374,17.7405,17.1476,395.352,17.5324,500.084,100.562,0.0999841,26.9239,26.3607,999.9,0,0,10007.5,0,3.28301,477.647,0.900002,0.0999983,0,1.4222,0,2398.83,4612.57,39.812,43.375,41.812,42.312,40.187,429.88,47.76,0,1652233905,0,1.738596154,-0.858717946,-261.2382903,2432.077692,15,1652233242,9:40:42,1652233241,1652233242,1,-0.285,-0.028,4.62,0.189,403,17,0.4,0.09,-3.301109024,0.040237003,0.033192208,1,1.770857576,-0.544791633,0.161857107,1,0.596910439,-0.017024321,0.00185633,1,3,3,3月3日,100,100,4.62,0.2081,4.445291379,0.000676004,-7.65E-07,4.25E-10,0.065174227,-0.023951514,0.002092542,-1.49E-05,2,2268,1,30,11.1,11,18,504.997,453.557,25.0002,28.4156,30.0002,28.3994,28.2805,19.2984,25.0019,66.7028,25,403.263,17.1257,87.6574,101.298
318,1652233907,682.5,20220511 09:51:46,9:51:46,0,1652233907,0.00151137,1.511370331,7.728745479,400.02,252.8530875,25.45265268,40.26674236,0.090665431,3.02143743,0.089180677,0.055869297,78.81656322,26.99130725,26.3631,3.447441005,50.12589722,1.785841398,3.562712085,1.661599607,-66.65143161,90.97503385,6.474851154,109.6150166,7.759077949,1.509001279,7.728745479,410.3918443,407.2470424,7.12E-05,66.83704872,1.511370331,17.14682065,17.74045055,1.35E-07,86.59541668,0,0,1,0,53219.86697,-,-,0,0,#DIV/0!,0,-,-,0,0,#DIV/0!,0.5,401.730114,7.728745479,#DIV/0!,0.019238651,#DIV/0!,#DIV/0!,-,0,#DIV/0!,#DIV/0!,#DIV/0!,#DIV/0!,#DIV/0!,#DIV/0!,#DIV/0!,#DIV/0!,476.548,401.730114,0.843000315,0.165390607,2,0.5,0: Broadleaf,2,TRUE,1652233907,400.02,403.364,17.741,17.1483,395.401,17.5329,500.162,100.562,0.0998228,26.9216,26.3631,999.9,0,0,10006.2,0,3.28301,476.548,0.899992,0.100008,0,1.9277,0,2393.36,4601.95,39.812,43.375,41.812,42.312,40.187,428.89,47.66,0,1652233907,0,1.740056,-0.050769232,-244.5715388,2422.5672,15,1652233242,9:40:42,1652233241,1652233242,1,-0.285,-0.028,4.62,0.189,403,17,0.4,0.09,-3.306430244,-0.202571707,0.042941203,1,1.758055882,-0.500901665,0.169519142,1,0.596171341,-0.01730747,0.001887174,1,3,3,3月3日,100,100,4.619,0.2081,4.445291379,0.000676004,-7.65E-07,4.25E-10,0.065174227,-0.023951514,0.002092542,-1.49E-05,2,2268,1,30,11.1,11.1,18,504.988,453.624,25.0001,28.4168,30.0001,28.4003,28.2805,19.2988,25.0019,66.7028,25,403.393,17.1257,87.6578,101.298
319,1652233909,684.5,20220511 09:51:48,9:51:48,0,1652233909,0.001510823,1.510823415,7.708883091,400.052,253.0666199,25.47437043,40.27031634,0.090554808,3.025796439,0.08907574,0.055803213,78.49241543,26.98949663,26.37,3.448845009,50.12718401,1.785887243,3.562712085,1.662957766,-66.62731262,89.98070848,6.395078221,108.2408895,7.511306144,1.507047787,7.708883091,410.4149532,407.277903,6.54E-05,66.83704872,1.510823415,17.14740495,17.74088901,-9.49E-08,86.59541668,0,0,1,0,53354.48937,-,-,0,0,#DIV/0!,0,-,-,0,0,#DIV/0!,0.5,400.076328,7.708883091,#DIV/0!,0.019268531,#DIV/0!,#DIV/0!,-,0,#DIV/0!,#DIV/0!,#DIV/0!,#DIV/0!,#DIV/0!,#DIV/0!,#DIV/0!,#DIV/0!,474.586,400.076328,0.843000695,0.165391342,2,0.5,0: Broadleaf,2,TRUE,1652233909,400.052,403.297,17.7413,17.1493,395.433,17.5331,500.105,100.563,0.0997047,26.9216,26.37,999.9,0,0,10032.5,0,3.28301,474.586,0.899974,0.100026,0,1.6791,0,2384.29,4582.97,39.75,43.375,41.75,42.312,40.187,427.12,47.47,0,1652233909,0,1.721104,-0.097630775,-250.58,2412.5616,15,1652233242,9:40:42,1652233241,1652233242,1,-0.285,-0.028,4.62,0.189,403,17,0.4,0.09,-3.306453171,-0.23257547,0.044107851,1,1.757073529,-0.34722156,0.168830472,1,0.59558822,-0.019299533,0.002057423,1,3,3,3月3日,100,100,4.619,0.2082,4.445291379,0.000676004,-7.65E-07,4.25E-10,0.065174227,-0.023951514,0.002092542,-1.49E-05,2,2268,1,30,11.1,11.1,18,505.091,453.596,25,28.4171,30.0001,28.4015,28.2813,19.2975,25.0019,66.7028,25,403.241,17.1257,87.6575,101.298
320,1652233911,686.5,20220511 09:51:50,9:51:50,0,1652233911,0.00150978,1.509779956,7.608098698,400.023,254.7529798,25.64419971,40.26751605,0.09050826,3.0246582,0.089030152,0.055774636,78.21579222,26.98910036,26.3686,3.448560098,50.1246809,1.785892517,3.562900522,1.662667581,-66.58129605,90.32191003,6.421727675,108.3781339,7.618095662,1.504916138,7.608098698,410.3386064,407.2434,-2.93E-05,66.83704872,1.509779956,17.14821209,17.74122198,8.09E-08,86.59541668,0,0,1,0,53319.15899,-,-,0,0,#DIV/0!,0,-,-,0,0,#DIV/0!,0.5,398.669814,7.608098698,#DIV/0!,0.019083709,#DIV/0!,#DIV/0!,-,0,#DIV/0!,#DIV/0!,#DIV/0!,#DIV/0!,#DIV/0!,#DIV/0!,#DIV/0!,#DIV/0!,472.918,398.669814,0.842999873,0.165389755,2,0.5,0: Broadleaf,2,TRUE,1652233911,400.023,403.31,17.7413,17.1502,395.404,17.5331,500.158,100.563,0.100002,26.9225,26.3686,999.9,0,0,10025.6,0,3.28301,472.918,0.900008,0.0999917,0,1.8832,0,2375.81,4566.92,39.75,43.375,41.812,42.312,40.187,425.63,47.29,0,1652233911,0,1.71095,0.139688885,-249.9610253,2406.247692,15,1652233242,9:40:42,1652233241,1652233242,1,-0.285,-0.028,4.62,0.189,403,17,0.4,0.09,-3.299669756,-0.166301603,0.046942101,1,1.726839394,-0.368476945,0.152257535,1,0.595026268,-0.021331045,0.002212878,1,3,3,3月3日,100,100,4.619,0.2082,4.445291379,0.000676004,-7.65E-07,4.25E-10,0.065174227,-0.023951514,0.002092542,-1.49E-05,2,2268,1,30,11.2,11.1,18,505.187,453.622,25.0001,28.4171,30,28.4018,28.2825,19.2974,25.0019,66.7028,25,403.313,17.1257,87.6574,101.298
321,1652233913,688.5,20220511 09:51:52,9:51:52,0,1652233913,0.001510483,1.510483399,7.644121042,400.005,254.3188706,25.60036391,40.26548851,0.090655217,3.016583271,0.089168448,0.055861829,77.85477078,26.985317,26.3601,3.446830724,50.13168083,1.785963485,3.562544593,1.660867239,-66.6123179,91.18666192,6.500232778,108.9293476,7.616920443,1.505448824,7.644121042,410.3363101,407.2270545,-3.61E-05,66.83704872,1.510483399,17.1491248,17.7423022,-5.90E-08,86.59541668,0,0,1,0,53070.39767,-,-,0,0,#DIV/0!,0,-,-,0,0,#DIV/0!,0.5,396.827286,7.644121042,#DIV/0!,0.019263093,#DIV/0!,#DIV/0!,-,0,#DIV/0!,#DIV/0!,#DIV/0!,#DIV/0!,#DIV/0!,#DIV/0!,#DIV/0!,#DIV/0!,470.732,396.827286,0.843000446,0.165390861,2,0.5,0: Broadleaf,2,TRUE,1652233913,400.005,403.291,17.7421,17.1509,395.386,17.534,500.25,100.562,0.100463,26.9208,26.3601,999.9,0,0,9976.88,0,3.28301,470.732,0.899985,0.100015,0,1.8113,0,2365.34,4545.77,39.75,43.375,41.75,42.312,40.187,423.65,47.08,0,1652233913,0,1.72702,0.190399994,-249.6100004,2397.578,15,1652233242,9:40:42,1652233241,1652233242,1,-0.285,-0.028,4.62,0.189,403,17,0.4,0.09,-3.299872927,-0.131821045,0.046686973,1,1.727702941,-0.199152915,0.151107088,1,0.594449659,-0.022624599,0.002310707,1,3,3,3月3日,100,100,4.619,0.2081,4.445291379,0.000676004,-7.65E-07,4.25E-10,0.065174227,-0.023951514,0.002092542,-1.49E-05,2,2268,1,30,11.2,11.2,18,505.174,453.643,25.0001,28.4174,30.0001,28.4021,28.2829,19.299,25.0019,66.3298,25,403.256,17.1257,87.6577,101.298
322,1652233915,690.5,20220511 09:51:54,9:51:54,0,1652233915,0.001511015,1.511014641,7.575099297,400.03,255.6849584,25.73798053,40.26816601,0.090734659,3.020627056,0.089247266,0.055911146,77.66964978,26.98344111,26.3563,3.446057837,50.136192,1.786061219,3.562418979,1.659996618,-66.63574565,91.83001305,6.537186666,109.4011039,7.46676752,1.504662987,7.575099297,410.3334495,407.2508727,2.03E-05,66.83704872,1.511014641,17.14971731,17.74331209,3.65E-08,86.59541668,0,0,1,0,53195.13986,-,-,0,0,#DIV/0!,0,-,-,0,0,#DIV/0!,0.5,395.883186,7.575099297,#DIV/0!,0.019134683,#DIV/0!,#DIV/0!,-,0,#DIV/0!,#DIV/0!,#DIV/0!,#DIV/0!,#DIV/0!,#DIV/0!,#DIV/0!,#DIV/0!,469.612,395.883186,0.843000575,0.16539111,2,0.5,0: Broadleaf,2,TRUE,1652233915,400.03,403.257,17.743,17.1519,395.41,17.5348,500.073,100.563,0.0998653,26.9202,26.3563,999.9,0,0,10001.2,0,3.28301,469.612,0.899977,0.100023,0,1.6646,0,2360.06,4534.95,39.75,43.375,41.75,42.312,40.187,422.64,46.97,0,1652233915,0,1.717519231,-0.351811971,-253.5241025,2391.510769,15,1652233242,9:40:42,1652233241,1652233242,1,-0.285,-0.028,4.62,0.189,403,17,0.4,0.09,-3.300916585,-0.033875122,0.04610595,1,1.714532353,-0.11265016,0.144431076,1,0.593863805,-0.021458509,0.002220029,1,3,3,3月3日,100,100,4.62,0.2082,4.445291379,0.000676004,-7.65E-07,4.25E-10,0.065174227,-0.023951514,0.002092542,-1.49E-05,2,2268,1,30,11.2,11.2,18,505.06,453.598,25.0001,28.4186,30.0002,28.4033,28.2837,19.2983,25.0019,66.3298,25,403.254,17.1257,87.6582,101.298
323,1652233917,692.5,20220511 09:51:56,9:51:56,0,1652233917,0.001506896,1.506895512,7.470404414,400.023,257.1608789,25.88678038,40.26781831,0.090480347,3.021900123,0.089001818,0.055756964,77.30570922,26.98177189,26.3565,3.446098512,50.13755655,1.786046852,3.562293368,1.66005166,-66.45409207,91.73838217,6.527899328,109.1178986,7.492494553,1.510629007,7.470404414,410.3025933,407.2628485,2.09E-05,66.83704872,1.506895512,17.15049171,17.74242198,4.76E-07,86.59541668,0,0,1,0,53234.54149,-,-,0,0,#DIV/0!,0,-,-,0,0,#DIV/0!,0.5,394.025514,7.470404414,#DIV/0!,0.01895919,#DIV/0!,#DIV/0!,-,0,#DIV/0!,#DIV/0!,#DIV/0!,#DIV/0!,#DIV/0!,#DIV/0!,#DIV/0!,#DIV/0!,467.408,394.025514,0.843001219,0.165392354,2,0.5,0: Broadleaf,2,TRUE,1652233917,400.023,403.261,17.7427,17.1493,395.404,17.5345,500.11,100.564,0.0997576,26.9196,26.3565,999.9,0,0,10008.8,0,3.28301,467.408,0.899957,0.100043,0,1.9826,0,2349.05,4513.65,39.75,43.375,41.75,42.25,40.187,420.65,46.76,0,1652233917,0,1.731992308,0.162461536,-247.0543587,2381.415385,15,1652233242,9:40:42,1652233241,1652233242,1,-0.285,-0.028,4.62,0.189,403,17,0.4,0.09,-3.297614634,0.161137213,0.050012079,1,1.712647059,0.093527695,0.147495045,1,0.593152634,-0.017774843,0.001842245,1,3,3,3月3日,100,100,4.619,0.2082,4.445291379,0.000676004,-7.65E-07,4.25E-10,0.065174227,-0.023951514,0.002092542,-1.49E-05,2,2268,1,30,11.3,11.2,18,505.053,453.608,25.0002,28.4195,30.0002,28.4042,28.2849,19.3002,25.0019,66.3298,25,403.339,17.1257,87.6588,101.298
324,1652233919,694.5,20220511 09:51:58,9:51:58,0,1652233919,0.001501635,1.501635229,7.543681971,400.01,255.3587187,25.70497424,40.26589262,0.090145842,3.017307625,0.088675935,0.055552528,77.20850922,26.98043358,26.3568,3.446159524,50.13846641,1.785848356,3.561832829,1.660311168,-66.22211359,91.19229112,6.498855492,108.6775422,7.687652955,1.531964088,7.543681971,410.2925754,407.2237818,-3.82E-05,66.83704872,1.501635229,17.15174259,17.74152857,2.33E-07,86.59541668,0,0,1,0,53093.30649,-,-,0,0,#DIV/0!,0,-,-,0,0,#DIV/0!,0.5,393.535914,7.543681971,#DIV/0!,0.01916898,#DIV/0!,#DIV/0!,-,0,#DIV/0!,#DIV/0!,#DIV/0!,#DIV/0!,#DIV/0!,#DIV/0!,#DIV/0!,#DIV/0!,466.828,393.535914,0.842999807,0.165389628,2,0.5,0: Broadleaf,2,TRUE,1652233919,400.01,403.329,17.741,17.1393,395.39,17.5329,500.178,100.562,0.100215,26.9174,26.3568,999.9,0,0,9981.25,0,3.28301,466.828,0.900002,0.0999978,0,1.7452,0,2346.82,4508.1,39.75,43.375,41.75,42.25,40.187,420.15,46.68,0,1652233919,0,1.737708,0.361807686,-236.8330773,2372.8392,15,1652233242,9:40:42,1652233241,1652233242,1,-0.285,-0.028,4.62,0.189,403,17,0.4,0.09,-3.296016829,0.311094983,0.051355644,1,1.723451429,0.340096512,0.157497692,1,0.592904634,-0.00910892,0.001628894,1,3,3,3月3日,100,100,4.62,0.2081,4.445291379,0.000676004,-7.65E-07,4.25E-10,0.065174227,-0.023951514,0.002092542,-1.49E-05,2,2268,1,30,11.3,11.3,18,505.161,453.461,25.0001,28.4195,30.0002,28.4042,28.2853,19.2952,25.0019,66.3298,25,403.216,17.1257,87.6589,101.298
325,1652233921,696.5,20220511 09:52:00,9:52:00,0,1652233921,0.001497978,1.497978311,7.532188283,400.054,255.2403845,25.6924994,40.26943924,0.089897899,3.018724181,0.08843667,0.055402226,76.841211,26.97862445,26.3572,3.446240876,50.13122229,1.785527372,3.561707236,1.660713504,-66.06084354,91.07235831,6.487256298,108.3399821,7.79327651,1.55373772,7.532188283,410.3396834,407.2749273,4.37E-05,66.83704872,1.497978311,17.15098274,17.73938022,-2.71E-08,86.59541668,0,0,1,0,53137.01284,-,-,0,0,#DIV/0!,0,-,-,0,0,#DIV/0!,0.5,391.6659,7.532188283,#DIV/0!,0.019231157,#DIV/0!,#DIV/0!,-,0,#DIV/0!,#DIV/0!,#DIV/0!,#DIV/0!,#DIV/0!,#DIV/0!,#DIV/0!,#DIV/0!,464.61,391.6659,0.84299929,0.165388629,2,0.5,0: Broadleaf,2,TRUE,1652233921,400.054,403.419,17.7382,17.1279,395.435,17.5302,500.14,100.56,0.100009,26.9168,26.3572,999.9,0,0,9990,0,3.28301,464.61,0.900032,0.0999676,0,1.9744,0,2336.01,4486.71,39.75,43.375,41.75,42.25,40.187,418.16,46.45,0,1652233921,0,1.744484,0.474238454,-238.2746155,2363.1584,15,1652233242,9:40:42,1652233241,1652233242,1,-0.285,-0.028,4.62,0.189,403,17,0.4,0.09,-3.298033659,0.245891916,0.052307159,1,1.730072727,0.163564755,0.149214593,1,0.593704829,0.011215944,0.003578461,1,3,3,3月3日,100,100,4.619,0.208,4.445291379,0.000676004,-7.65E-07,4.25E-10,0.065174227,-0.023951514,0.002092542,-1.49E-05,2,2268,1,30,11.3,11.3,18,505.137,453.328,25,28.4198,30.0002,28.4051,28.2855,19.2942,25.0019,66.3298,25,403.287,17.1257,87.659,101.298
326,1652233923,698.5,20220511 09:52:02,9:52:02,0,1652233923,0.001510542,1.510541679,7.713924409,400.078,253.164061,25.48375388,40.27226156,0.090659238,3.018119585,0.089173083,0.055864673,76.52300894,26.97333283,26.3561,3.446017163,50.12243764,1.785183014,3.561644441,1.660834149,-66.61488806,91.18428845,6.496484917,107.5888942,7.536709221,1.559218588,7.713924409,410.4431565,407.304697,5.55E-05,66.83704872,1.510541679,17.14196949,17.73525165,-1.34E-07,86.59541668,0,0,1,0,53118.45727,-,-,0,0,#DIV/0!,0,-,-,0,0,#DIV/0!,0.5,390.043215,7.713924409,#DIV/0!,0.019777102,#DIV/0!,#DIV/0!,-,0,#DIV/0!,#DIV/0!,#DIV/0!,#DIV/0!,#DIV/0!,#DIV/0!,#DIV/0!,#DIV/0!,462.685,390.043215,0.842999481,0.165388999,2,0.5,0: Broadleaf,2,TRUE,1652233923,400.078,403.341,17.7346,17.1222,395.458,17.5267,500.185,100.561,0.100025,26.9165,26.3561,999.9,0,0,9986.25,0,3.28301,462.685,0.900014,0.0999858,0,1.6502,0,2326.73,4468.1,39.75,43.375,41.75,42.25,40.187,416.42,46.26,0,1652233923,0,1.734461538,0.316868372,-242.2252989,2357.035769,15,1652233242,9:40:42,1652233241,1652233242,1,-0.285,-0.028,4.62,0.189,403,17,0.4,0.09,-3.303334146,0.142742718,0.054904059,1,1.733951515,0.240918915,0.153601314,1,0.59526861,0.039195596,0.006191321,1,3,3,3月3日,100,100,4.62,0.2079,4.445291379,0.000676004,-7.65E-07,4.25E-10,0.065174227,-0.023951514,0.002092542,-1.49E-05,2,2268,1,30,11.4,11.3,18,504.992,453.455,25,28.421,30.0002,28.4063,28.2867,19.2942,25.0019,66.3298,25,403.247,17.1257,87.6588,101.298
327,1652233925,700.5,20220511 09:52:04,9:52:04,0,1652233925,0.001534031,1.534030564,7.672185336,400.044,255.872334,25.75637269,40.26884109,0.092042975,3.018223936,0.090511571,0.0567052,76.34066661,26.96524367,26.3589,3.446586638,50.11691852,1.784871053,3.561414201,1.661715585,-67.65074789,90.55283903,6.451328658,105.6940864,7.378238355,1.557352803,7.672185336,410.401352,407.2795879,-1.42E-05,66.83704872,1.534030564,17.12949021,17.73213297,-7.45E-07,86.59541668,0,0,1,0,53121.86729,-,-,0,0,#DIV/0!,0,-,-,0,0,#DIV/0!,0.5,389.111157,7.672185336,#DIV/0!,0.019717207,#DIV/0!,#DIV/0!,-,0,#DIV/0!,#DIV/0!,#DIV/0!,#DIV/0!,#DIV/0!,#DIV/0!,#DIV/0!,#DIV/0!,461.579,389.111157,0.84300013,0.165390251,2,0.5,0: Broadleaf,2,TRUE,1652233925,400.044,403.244,17.7315,17.1197,395.425,17.5237,500.078,100.561,0.10003,26.9154,26.3589,999.9,0,0,9986.88,0,3.28301,461.579,0.900003,0.0999973,0,1.9425,0,2321.33,4457.41,39.75,43.375,41.75,42.25,40.187,415.42,46.16,0,1652233925,0,1.753176,-0.023446163,-240.1776928,2348.656,15,1652233242,9:40:42,1652233241,1652233242,1,-0.285,-0.028,4.62,0.189,403,17,0.4,0.09,-3.296129024,0.169367247,0.05640378,1,1.730868571,0.056561327,0.150792921,1,0.597037976,0.063498,0.007962218,1,3,3,3月3日,100,100,4.619,0.2078,4.445291379,0.000676004,-7.65E-07,4.25E-10,0.065174227,-0.023951514,0.002092542,-1.49E-05,2,2268,1,30,11.4,11.4,18,504.933,453.497,25.0002,28.4219,30.0002,28.4066,28.2877,19.2955,25.0019,66.3298,25,403.363,17.1257,87.6584,101.298
328,1652233927,702.5,20220511 09:52:06,9:52:06,0,1652233927,0.001541484,1.541484449,7.533047001,399.996,258.7816348,26.04895628,40.2635926,0.092430122,3.018412858,0.09088602,0.056940345,75.977553,26.95987283,26.3627,3.447359629,50.10978219,1.784470071,3.561121188,1.662889558,-67.9794642,89.71231797,6.391123384,104.1015302,7.467868379,1.549191271,7.533047001,410.278971,407.2146788,-8.29E-05,66.83704872,1.541484449,17.12312911,17.72860769,-8.98E-07,86.59541668,0,0,1,0,53127.91512,-,-,0,0,#DIV/0!,0,-,-,0,0,#DIV/0!,0.5,387.2577,7.533047001,#DIV/0!,0.019452285,#DIV/0!,#DIV/0!,-,0,#DIV/0!,#DIV/0!,#DIV/0!,#DIV/0!,#DIV/0!,#DIV/0!,#DIV/0!,#DIV/0!,459.38,387.2577,0.843000784,0.165391512,2,0.5,0: Broadleaf,2,TRUE,1652233927,399.996,403.23,17.7277,17.1192,395.376,17.5201,500.157,100.56,0.0999881,26.914,26.3627,999.9,0,0,9988.12,0,3.28301,459.38,0.899982,0.100018,0,1.6305,0,2311.12,4436.15,39.75,43.375,41.75,42.25,40.125,413.43,45.95,0,1652233927,0,1.72596,-0.229207705,-234.5,2339.162,15,1652233242,9:40:42,1652233241,1652233242,1,-0.285,-0.028,4.62,0.189,403,17,0.4,0.09,-3.277659756,0.13162453,0.052368625,1,1.730997059,-0.100208912,0.153069539,1,0.59881261,0.078432146,0.008881714,1,3,3,3月3日,100,100,4.62,0.2076,4.445291379,0.000676004,-7.65E-07,4.25E-10,0.065174227,-0.023951514,0.002092542,-1.49E-05,2,2268,1,30,11.4,11.4,18,505.09,453.363,25.0002,28.4219,30.0002,28.4069,28.2877,19.2965,25.0019,66.3298,25,403.229,17.1257,87.6594,101.298
329,1652233929,704.5,20220511 09:52:08,9:52:08,0,1652233929,0.001539543,1.539542971,7.502945182,399.994,259.1276672,26.08379513,40.26340244,0.092305735,3.017896071,0.09076549,0.056864675,75.74809917,26.95845509,26.3613,3.447074825,50.10025614,1.784067926,3.560995617,1.6630069,-67.89384502,89.82711883,6.400333577,104.0817066,7.58988084,1.538256011,7.502945182,410.2539595,407.2017273,-4.16E-05,66.83704872,1.539542971,17.11995994,17.72467033,-7.86E-07,86.59541668,0,0,1,0,53112.09859,-,-,0,0,#DIV/0!,0,-,-,0,0,#DIV/0!,0.5,386.088429,7.502945182,#DIV/0!,0.01943323,#DIV/0!,#DIV/0!,-,0,#DIV/0!,#DIV/0!,#DIV/0!,#DIV/0!,#DIV/0!,#DIV/0!,#DIV/0!,#DIV/0!,457.993,386.088429,0.843000721,0.165391391,2,0.5,0: Broadleaf,2,TRUE,1652233929,399.994,403.275,17.7237,17.1195,395.375,17.5162,500.163,100.56,0.100016,26.9134,26.3613,999.9,0,0,9985,0,3.28301,457.993,0.899969,0.100031,0,1.9232,0,2304.09,4422.74,39.687,43.312,41.75,42.25,40.125,412.18,45.81,0,1652233929,0,1.741669231,-0.049880346,-229.8950424,2333.665769,15,1652233242,9:40:42,1652233241,1652233242,1,-0.285,-0.028,4.62,0.189,403,17,0.4,0.09,-3.267657805,0.04437324,0.046286245,1,1.715863636,-0.082269745,0.151994924,1,0.600325829,0.08039538,0.008991362,1,3,3,3月3日,100,100,4.619,0.2075,4.445291379,0.000676004,-7.65E-07,4.25E-10,0.065174227,-0.023951514,0.002092542,-1.49E-05,2,2268,1,30,11.5,11.4,18,505.038,453.402,25.0002,28.4222,30.0002,28.4081,28.2885,19.2942,25.0019,66.3298,25,403.256,17.1273,87.6602,101.297
330,1652233931,706.5,20220511 09:52:10,9:52:10,0,1652233931,0.001535847,1.535847315,7.440180053,400.047,259.9356214,26.16483302,40.26828989,0.092064614,3.021189677,0.090533974,0.056719136,75.56115861,26.95717196,26.3617,3.447156195,50.09926333,1.783917242,3.560765414,1.663238954,-67.73086657,89.68083486,6.38292212,103.894049,7.514541806,1.533800126,7.440180053,410.2880672,407.2600727,5.97E-05,66.83704872,1.535847315,17.11916324,17.72257582,-1.20E-06,86.59541668,0,0,1,0,53213.80882,-,-,0,0,#DIV/0!,0,-,-,0,0,#DIV/0!,0.5,385.140357,7.440180053,#DIV/0!,0.0193181,#DIV/0!,#DIV/0!,-,0,#DIV/0!,#DIV/0!,#DIV/0!,#DIV/0!,#DIV/0!,#DIV/0!,#DIV/0!,#DIV/0!,456.869,385.140357,0.84299954,0.165389113,2,0.5,0: Broadleaf,2,TRUE,1652233931,400.047,403.298,17.7224,17.1198,395.428,17.515,500.039,100.559,0.0998973,26.9123,26.3617,999.9,0,0,10005,0,3.28301,456.869,0.900011,0.0999894,0,1.9668,0,2299.44,4411.93,39.687,43.312,41.75,42.25,40.125,411.19,45.68,0,1652233931,0,1.761432,0.124669227,-222.7738464,2325.5044,15,1652233242,9:40:42,1652233241,1652233242,1,-0.285,-0.028,4.62,0.189,403,17,0.4,0.09,-3.270379268,0.051084669,0.046058944,1,1.7413,0.131120748,0.15806191,1,0.601523854,0.070405882,0.00859968,1,3,3,3月3日,100,100,4.619,0.2074,4.445291379,0.000676004,-7.65E-07,4.25E-10,0.065174227,-0.023951514,0.002092542,-1.49E-05,2,2268,1,30,11.5,11.5,18,504.906,453.311,25.0002,28.4235,30.0003,28.409,28.2897,19.2944,25.0019,66.3298,25,403.201,17.1258,87.6598,101.297
331,1652233933,708.5,20220511 09:52:12,9:52:12,0,1652233933,0.001531614,1.531614277,7.514648044,400.052,258.2857826,25.99853012,40.26843394,0.091808247,3.021801419,0.090286346,0.056563601,75.15346422,26.95389722,26.3606,3.446932431,50.10018197,1.783740274,3.560346897,1.663192157,-67.5441896,89.55237354,6.37238981,103.534038,7.521240562,1.529423269,7.514648044,410.3254091,407.2681758,3.32E-05,66.83704872,1.531614277,17.11948543,17.72105275,-9.92E-07,86.59541668,0,0,1,0,53233.01599,-,-,0,0,#DIV/0!,0,-,-,0,0,#DIV/0!,0.5,383.057814,7.514648044,#DIV/0!,0.01961753,#DIV/0!,#DIV/0!,-,0,#DIV/0!,#DIV/0!,#DIV/0!,#DIV/0!,#DIV/0!,#DIV/0!,#DIV/0!,#DIV/0!,454.398,383.057814,0.84300066,0.165391274,2,0.5,0: Broadleaf,2,TRUE,1652233933,400.052,403.304,17.7208,17.1201,395.433,17.5134,500.19,100.558,0.0999993,26.9103,26.3606,999.9,0,0,10008.8,0,3.29669,454.398,0.899987,0.100013,0,1.5858,0,2286.81,4388.04,39.687,43.312,41.75,42.25,40.125,408.95,45.45,0,1652233933,0,1.734216,0.10283077,-232.5138461,2315.9756,15,1652233242,9:40:42,1652233241,1652233242,1,-0.285,-0.028,4.62,0.189,403,17,0.4,0.09,-3.26807122,0.057873868,0.045926036,1,1.754885294,0.202352856,0.159223604,1,0.602588293,0.05261099,0.007934521,1,3,3,3月3日,100,100,4.619,0.2074,4.445291379,0.000676004,-7.65E-07,4.25E-10,0.065174227,-0.023951514,0.002092542,-1.49E-05,2,2268,1,30,11.5,11.5,18,505.015,453.231,25.0002,28.4244,30.0002,28.409,28.2901,19.2927,25.0019,66.3298,25,403.267,17.1267,87.6597,101.297
332,1652233935,710.5,20220511 09:52:14,9:52:14,0,1652233935,0.00152463,1.524630072,7.596484676,400.017,256.4312733,25.81265917,40.26615924,0.091524883,3.018947596,0.090010874,0.056390738,75.05642961,26.95424552,26.347,3.444166936,50.09364117,1.783413063,3.560158578,1.660753873,-67.23618617,91.53481956,6.519141409,105.8742044,7.44660146,1.522009439,7.596484676,410.330128,407.239897,-3.01E-05,66.83704872,1.524630072,17.11972959,17.71856044,-3.57E-07,86.59541668,0,0,1,0,53145.2311,-,-,0,0,#DIV/0!,0,-,-,0,0,#DIV/0!,0.5,382.569057,7.596484676,#DIV/0!,0.019856506,#DIV/0!,#DIV/0!,-,0,#DIV/0!,#DIV/0!,#DIV/0!,#DIV/0!,#DIV/0!,#DIV/0!,#DIV/0!,#DIV/0!,453.819,382.569057,0.842999207,0.165388469,2,0.5,0: Broadleaf,2,TRUE,1652233935,400.017,403.238,17.717,17.1192,395.398,17.5097,500.182,100.561,0.10012,26.9094,26.347,999.9,0,0,9991.25,0,3.30079,453.819,0.900034,0.0999664,0,1.5111,0,2285.02,4382.51,39.687,43.312,41.75,42.25,40.125,408.45,45.37,0,1652233935,0,1.745069231,-0.131993158,-225.3955552,2310.41,15,1652233242,9:40:42,1652233241,1652233242,1,-0.285,-0.028,4.62,0.189,403,17,0.4,0.09,-3.263852927,0.062252822,0.046254389,1,1.752781818,-0.083425863,0.162063546,1,0.603446902,0.028137533,0.007123398,1,3,3,3月3日,100,100,4.619,0.2073,4.445291379,0.000676004,-7.65E-07,4.25E-10,0.065174227,-0.023951514,0.002092542,-1.49E-05,2,2268,1,30,11.6,11.5,18,505.099,453.366,25.0001,28.4244,30.0002,28.4099,28.2903,19.2955,25.0019,66.3298,25,403.222,17.132,87.6595,101.297
333,1652233937,712.5,20220511 09:52:16,9:52:16,0,1652233937,0.001515538,1.515537798,7.511895915,400.002,257.1675538,25.886472,40.2641796,0.091009601,3.020172417,0.089513039,0.056078059,74.66158605,26.95286371,26.3424,3.443231987,50.09208894,1.78321107,3.559865655,1.660020917,-66.83521688,92.09299161,6.556037811,106.4753986,7.3776203,1.516981165,7.511895915,410.2679187,407.2117879,-4.26E-05,66.83704872,1.515537798,17.12006285,17.7153989,-4.52E-07,86.59541668,0,0,1,0,53183.21798,-,-,0,0,#DIV/0!,0,-,-,0,0,#DIV/0!,0.5,380.551485,7.511895915,#DIV/0!,0.0197395,#DIV/0!,#DIV/0!,-,0,#DIV/0!,#DIV/0!,#DIV/0!,#DIV/0!,#DIV/0!,#DIV/0!,#DIV/0!,#DIV/0!,451.425,380.551485,0.843000465,0.165390898,2,0.5,0: Broadleaf,2,TRUE,1652233937,400.002,403.195,17.7152,17.1193,395.383,17.5079,500.12,100.56,0.0999457,26.908,26.3424,999.9,0,0,9998.75,0,3.31447,451.425,0.899994,0.100006,0,1.4786,0,2272.64,4359.34,39.687,43.312,41.75,42.25,40.125,406.28,45.15,0,1652233937,0,1.724924,-0.08456153,-229.4100002,2302.1832,15,1652233242,9:40:42,1652233241,1652233242,1,-0.285,-0.028,4.62,0.189,403,17,0.4,0.09,-3.262138049,0.184994216,0.047374585,1,1.747505882,-0.118691824,0.168010061,1,0.604104073,-0.003612376,0.006210876,1,3,3,3月3日,100,100,4.619,0.2073,4.445291379,0.000676004,-7.65E-07,4.25E-10,0.065174227,-0.023951514,0.002092542,-1.49E-05,2,2268,1,30,11.6,11.6,18,505.14,453.392,24.9999,28.4247,30.0002,28.4112,28.2915,19.2954,25.0019,66.3298,25,403.24,17.1306,87.6591,101.297
334,1652233939,714.5,20220511 09:52:18,9:52:18,0,1652233939,0.001514887,1.514886763,7.388684553,399.986,259.1060531,26.08133358,40.26215586,0.090864558,3.021503802,0.089373366,0.055990293,74.28377739,26.94964495,26.3513,3.445041111,50.09454229,1.783172638,3.559614594,1.661868473,-66.80650626,90.48834636,6.439213718,104.4048312,7.485202381,1.515016823,7.388684553,410.223646,407.2180909,-5.05E-06,66.83704872,1.514886763,17.11933652,17.71429231,-9.23E-07,86.59541668,0,0,1,0,53224.47594,-,-,0,0,#DIV/0!,0,-,-,0,0,#DIV/0!,0.5,378.626043,7.388684553,#DIV/0!,0.019514465,#DIV/0!,#DIV/0!,-,0,#DIV/0!,#DIV/0!,#DIV/0!,#DIV/0!,#DIV/0!,#DIV/0!,#DIV/0!,#DIV/0!,449.141,378.626043,0.843000401,0.165390773,2,0.5,0: Broadleaf,2,TRUE,1652233939,399.986,403.221,17.715,17.12,395.366,17.5078,500.228,100.559,0.0999127,26.9068,26.3513,999.9,0,0,10006.9,0,3.33773,449.141,0.899988,0.100012,0,1.6384,0,2261.36,4337.28,39.687,43.312,41.687,42.25,40.125,404.22,44.92,0,1652233939,0,1.720944,-0.517253832,-245.1607691,2292.7952,15,1652233242,9:40:42,1652233241,1652233242,1,-0.285,-0.028,4.62,0.189,403,17,0.4,0.09,-3.258007317,0.356464181,0.051436821,1,1.734233333,0.043806642,0.166270006,1,0.604394585,-0.03868547,0.005691693,1,3,3,3月3日,100,100,4.62,0.2072,4.445291379,0.000676004,-7.65E-07,4.25E-10,0.065174227,-0.023951514,0.002092542,-1.49E-05,2,2268,1,30,11.6,11.6,18,505.128,453.317,25,28.4259,30.0001,28.4115,28.2926,19.2972,25.0019,66.3298,25,403.316,17.1323,87.6596,101.297
335,1652233941,716.5,20220511 09:52:20,9:52:20,0,1652233941,0.001516029,1.516028539,7.422296126,399.992,258.5905795,26.02996331,40.26355911,0.090915281,3.022776111,0.089423055,0.056021439,74.095737,26.94776267,26.3528,3.445346102,50.0944638,1.783117444,3.55950999,1.662228658,-66.85685858,90.20052181,6.41606231,103.8554625,7.517247366,1.511621417,7.422296126,410.231348,407.2114364,-3.78E-06,66.83704872,1.516028539,17.11915328,17.71468901,-6.97E-07,86.59541668,0,0,1,0,53263.87364,-,-,0,0,#DIV/0!,0,-,-,0,0,#DIV/0!,0.5,377.6721,7.422296126,#DIV/0!,0.019652752,#DIV/0!,#DIV/0!,-,0,#DIV/0!,#DIV/0!,#DIV/0!,#DIV/0!,#DIV/0!,#DIV/0!,#DIV/0!,#DIV/0!,448.01,377.6721,0.842999263,0.165388578,2,0.5,0: Broadleaf,2,TRUE,1652233941,399.992,403.24,17.7141,17.1203,395.372,17.5069,500.116,100.561,0.099911,26.9063,26.3528,999.9,0,0,10014.4,0,3.33773,448.01,0.90003,0.0999698,0,1.6799,0,2256,4326.41,39.687,43.312,41.687,42.25,40.125,403.22,44.79,0,1652233941,0,1.724030769,-0.116936738,-240.5165807,2286.751154,15,1652233242,9:40:42,1652233241,1652233242,1,-0.285,-0.028,4.62,0.189,403,17,0.4,0.09,-3.250745122,0.315529965,0.049294675,1,1.727893939,-0.153657678,0.177009852,1,0.603794488,-0.06092262,0.006267616,1,3,3,3月3日,100,100,4.62,0.2072,4.445291379,0.000676004,-7.65E-07,4.25E-10,0.065174227,-0.023951514,0.002092542,-1.49E-05,2,2268,1,30,11.7,11.6,18,505.084,453.419,24.9999,28.4268,30.0001,28.4118,28.2927,19.297,25.0019,66.3298,25,403.326,17.1339,87.66,101.297
336,1652233943,718.5,20220511 09:52:22,9:52:22,0,1652233943,0.001509588,1.509587514,7.576927991,399.998,255.3236649,25.70115279,40.26422588,0.090537579,3.019982051,0.089056272,0.055791241,73.91556939,26.94669405,26.3509,3.444959785,50.09530507,1.782969233,3.559154357,1.661990551,-66.57280937,90.14970889,6.418265002,103.9107339,7.54365175,1.506676884,7.576927991,410.2659509,407.1830364,-2.78E-05,66.83704872,1.509587514,17.11986663,17.71290989,2.24E-10,86.59541668,0,0,1,0,53177.97235,-,-,0,0,#DIV/0!,0,-,-,0,0,#DIV/0!,0.5,376.754043,7.576927991,#DIV/0!,0.020111073,#DIV/0!,#DIV/0!,-,0,#DIV/0!,#DIV/0!,#DIV/0!,#DIV/0!,#DIV/0!,#DIV/0!,#DIV/0!,#DIV/0!,446.921,376.754043,0.842999194,0.165388445,2,0.5,0: Broadleaf,2,TRUE,1652233943,399.998,403.256,17.7126,17.1207,395.379,17.5055,500.081,100.561,0.100068,26.9046,26.3509,999.9,0,0,9997.5,0,3.33773,446.921,0.900019,0.0999806,0,2.0898,0,2251.11,4315.88,39.687,43.312,41.687,42.25,40.125,402.24,44.68,0,1652233943,0,1.754712,-0.457469222,-244.8700002,2278.4676,15,1652233242,9:40:42,1652233241,1652233242,1,-0.285,-0.028,4.62,0.189,403,17,0.4,0.09,-3.240603659,0.088197073,0.033702437,1,1.717442857,-0.025066145,0.176310331,1,0.60225561,-0.066097317,0.006602091,1,3,3,3月3日,100,100,4.619,0.2071,4.445291379,0.000676004,-7.65E-07,4.25E-10,0.065174227,-0.023951514,0.002092542,-1.49E-05,2,2268,1,30,11.7,11.7,18,505.016,453.512,24.9998,28.4268,30.0001,28.413,28.2939,19.2963,25.0019,66.3298,25,403.184,17.1343,87.6599,101.297
337,1652233945,720.5,20220511 09:52:24,9:52:24,0,1652233945,0.001505875,1.505875157,7.490771381,400.002,256.6662685,25.83603352,40.26421212,0.090403421,3.020172417,0.088926553,0.055709777,73.50594822,26.94328199,26.342,3.443150698,50.09728172,1.782830002,3.558736005,1.660320696,-66.40909442,91.27887393,6.497892544,104.8736203,7.541620429,1.503145312,7.490771381,410.2745863,407.2269879,3.25E-05,66.83704872,1.505875157,17.12036944,17.71184286,-2.11E-07,86.59541668,0,0,1,0,53184.17559,-,-,0,0,#DIV/0!,0,-,-,0,0,#DIV/0!,0.5,374.661414,7.490771381,#DIV/0!,0.019993442,#DIV/0!,#DIV/0!,-,0,#DIV/0!,#DIV/0!,#DIV/0!,#DIV/0!,#DIV/0!,#DIV/0!,#DIV/0!,#DIV/0!,444.438,374.661414,0.843000405,0.165390782,2,0.5,0: Broadleaf,2,TRUE,1652233945,400.002,403.258,17.7114,17.121,395.383,17.5043,500.177,100.56,0.100027,26.9026,26.342,999.9,0,0,9998.75,0,3.33773,444.438,0.899995,0.100005,0,2.1087,0,2238.7,4291.87,39.687,43.312,41.687,42.25,40.125,399.99,44.45,0,1652233945,0,1.754588,0.622307704,-249.6792307,2268.1436,15,1652233242,9:40:42,1652233241,1652233242,1,-0.285,-0.028,4.62,0.189,403,17,0.4,0.09,-3.236764634,-0.015595401,0.02868178,1,1.749751515,0.217128708,0.195578001,1,0.600269415,-0.063696711,0.006384735,1,3,3,3月3日,100,100,4.619,0.2071,4.445291379,0.000676004,-7.65E-07,4.25E-10,0.065174227,-0.023951514,0.002092542,-1.49E-05,2,2268,1,30,11.7,11.7,18,505.024,453.437,25,28.4271,30.0002,28.4139,28.295,19.2971,25.0019,66.3298,25,403.313,17.1391,87.66,101.297
338,1652233947,722.5,20220511 09:52:26,9:52:26,0,1652233947,0.001503979,1.503979028,7.465172532,400.017,256.996625,25.86898984,40.26525916,0.090305355,3.02366805,0.088833335,0.055651091,73.37060961,26.94004201,26.3399,3.442723956,50.10411396,1.782769245,3.558129471,1.659954711,-66.32547515,91.25411308,6.488457341,104.7877049,7.659747581,1.498322256,7.465172532,410.2746716,407.2370303,2.64E-05,66.83704872,1.503979028,17.12061351,17.71143846,-4.31E-07,86.59541668,0,0,1,0,53292.54138,-,-,0,0,#DIV/0!,0,-,-,0,0,#DIV/0!,0.5,373.971057,7.465172532,#DIV/0!,0.019961899,#DIV/0!,#DIV/0!,-,0,#DIV/0!,#DIV/0!,#DIV/0!,#DIV/0!,#DIV/0!,#DIV/0!,#DIV/0!,#DIV/0!,443.619,373.971057,0.843000541,0.165391044,2,0.5,0: Broadleaf,2,TRUE,1652233947,400.017,403.32,17.711,17.1224,395.398,17.5039,500.097,100.559,0.0998699,26.8997,26.3399,999.9,0,0,10020,0,3.33773,443.619,0.899987,0.100013,0,1.6744,0,2235.8,4283.96,39.687,43.312,41.687,42.25,40.125,399.25,44.37,0,1652233947,0,1.755392308,0.806523088,-242.6933329,2262.303077,15,1652233242,9:40:42,1652233241,1652233242,1,-0.285,-0.028,4.62,0.189,403,17,0.4,0.09,-3.241929512,0.021349547,0.026607935,1,1.763460606,0.252935211,0.197306507,1,0.598146049,-0.057185247,0.005718103,1,3,3,3月3日,100,100,4.619,0.2071,4.445291379,0.000676004,-7.65E-07,4.25E-10,0.065174227,-0.023951514,0.002092542,-1.49E-05,2,2268,1,30,11.8,11.7,18,505.041,453.303,25,28.4283,30.0002,28.4142,28.295,19.294,25.0019,66.3298,25,403.278,17.139,87.6599,101.297
339,1652233949,724.5,20220511 09:52:28,9:52:28,0,1652233949,0.001500346,1.500345524,7.676883531,400.004,252.8886658,25.45578195,40.26441664,0.090077059,3.022230956,0.088611723,0.055511996,72.998499,26.93494625,26.3402,3.442784916,50.11306817,1.782679154,3.557313928,1.660105762,-66.1652376,90.52641669,6.439660379,103.7993385,7.750126952,1.493384711,7.676883531,410.3256798,407.2025091,-2.77E-05,66.83704872,1.500345524,17.12087581,17.71021099,-1.68E-07,86.59541668,0,0,1,0,53248.88929,-,-,0,0,#DIV/0!,0,-,-,0,0,#DIV/0!,0.5,372.0675,7.676883531,#DIV/0!,0.02063304,#DIV/0!,#DIV/0!,-,0,#DIV/0!,#DIV/0!,#DIV/0!,#DIV/0!,#DIV/0!,#DIV/0!,#DIV/0!,#DIV/0!,441.36,372.0675,0.843002311,0.16539446,2,0.5,0: Broadleaf,2,TRUE,1652233949,400.004,403.342,17.7099,17.1233,395.384,17.5029,500.149,100.56,0.100035,26.8958,26.3402,999.9,0,0,10011.2,0,3.33773,441.36,0.899932,0.100068,0,1.7304,0,2224.38,4262.07,39.687,43.312,41.687,42.25,40.125,397.19,44.17,0,1652233949,0,1.773372,0.890553862,-246.9300003,2253.9152,15,1652233242,9:40:42,1652233241,1652233242,1,-0.285,-0.028,4.62,0.189,403,17,0.4,0.09,-3.249077317,-0.066843136,0.033207116,1,1.776837143,0.292029746,0.194995933,1,0.596158463,-0.051966481,0.005160403,1,3,3,3月3日,100,100,4.62,0.207,4.445291379,0.000676004,-7.65E-07,4.25E-10,0.065174227,-0.023951514,0.002092542,-1.49E-05,2,2268,1,30,11.8,11.8,18,505.067,453.275,24.9998,28.4292,30.0002,28.4154,28.2957,19.2942,25.0019,66.3298,25,403.239,17.1442,87.6595,101.296
340,1652233951,726.5,20220511 09:52:30,9:52:30,0,1652233951,0.001494425,1.494424892,7.711797578,400.003,251.9096045,25.35723943,40.26433158,0.089832532,3.021206128,0.088374586,0.055363136,72.63559983,26.93317531,26.3294,3.440590937,50.11379253,1.782579184,3.557063025,1.658011753,-65.90413773,92.05936045,6.550535456,105.341358,7.581757489,1.48959423,7.711797578,410.3677459,407.2302182,1.19E-05,66.83704872,1.494424892,17.1221388,17.70913736,-1.80E-07,86.59541668,0,0,1,0,53217.47875,-,-,0,0,#DIV/0!,0,-,-,0,0,#DIV/0!,0.5,370.226271,7.711797578,#DIV/0!,0.020829958,#DIV/0!,#DIV/0!,-,0,#DIV/0!,#DIV/0!,#DIV/0!,#DIV/0!,#DIV/0!,#DIV/0!,#DIV/0!,#DIV/0!,439.177,370.226271,0.843000137,0.165390264,2,0.5,0: Broadleaf,2,TRUE,1652233951,400.003,403.273,17.7089,17.1238,395.384,17.5019,500.159,100.56,0.100074,26.8946,26.3294,999.9,0,0,10005,0,3.33773,439.177,0.899996,0.100004,0,1.7262,0,2213.8,4241.07,39.625,43.312,41.687,42.25,40.125,395.26,43.92,0,1652233951,0,1.779384,0.574323086,-245.063846,2243.6728,15,1652233242,9:40:42,1652233241,1652233242,1,-0.285,-0.028,4.62,0.189,403,17,0.4,0.09,-3.253659268,-0.231105366,0.039819093,1,1.771875758,0.522577284,0.192297462,1,0.59435361,-0.05053662,0.00501088,1,3,3,3月3日,100,100,4.619,0.207,4.445291379,0.000676004,-7.65E-07,4.25E-10,0.065174227,-0.023951514,0.002092542,-1.49E-05,2,2268,1,30,11.8,11.8,18,505.106,453.368,24.9998,28.4292,30.0002,28.4163,28.2969,19.2944,25.0019,66.3298,25,403.307,17.1458,87.6592,101.296
341,1652233953,729,20220511 09:52:33,9:52:33,0,1652233953,0.001489414,1.489413566,7.557329164,400.008,254.2360162,25.59091993,40.26405406,0.089541764,3.018898246,0.088092071,0.055185838,72.31665365,26.93434109,26.3278,3.440266007,50.10781354,1.782544617,3.557418476,1.657721391,-65.68313826,92.52612782,6.588785049,105.7484283,7.491790137,1.487684203,7.557329164,410.3024896,407.2275636,7.34E-06,66.83704872,1.489413566,17.12331571,17.7083978,-3.52E-07,86.59541668,0,0,1,0,53145.96705,-,-,0,0,#DIV/0!,0,-,-,0,0,#DIV/0!,0.5,368.597142,7.557329164,#DIV/0!,0.020502951,#DIV/0!,#DIV/0!,-,0,#DIV/0!,#DIV/0!,#DIV/0!,#DIV/0!,#DIV/0!,#DIV/0!,#DIV/0!,#DIV/0!,437.244,368.597142,0.843001029,0.165391986,2,0.5,0: Broadleaf,2,TRUE,1652233953,400.008,403.242,17.7089,17.1245,395.389,17.5019,500.116,100.558,0.100122,26.8963,26.3278,999.9,0,0,9991.25,0,3.33773,437.244,0.899975,0.100025,0,2.1754,0,2204.96,4222.38,39.625,43.312,41.687,42.25,40.062,393.51,43.74,0,1652233954,0,1.811912,0.063699995,-237.4076926,2234.382,15,1652233242,9:40:42,1652233241,1652233242,1,-0.285,-0.028,4.62,0.189,403,17,0.4,0.09,-3.252170976,-0.242149756,0.040622764,1,1.76740303,0.215411054,0.18089745,1,0.591750537,-0.048901359,0.004846369,1,3,3,3月3日,100,100,4.619,0.207,4.445291379,0.000676004,-7.65E-07,4.25E-10,0.065174227,-0.023951514,0.002092542,-1.49E-05,2,2268,1,30,11.9,11.8,18,505.029,453.271,24.9997,28.4298,30.0003,28.4163,28.2973,19.2942,25.0019,66.3298,25,403.232,17.148,87.6587,101.295
342,1652233955,730.5,20220511 09:52:34,9:52:34,0,1652233955,0.001489891,1.489891239,7.479179829,400.023,255.6517133,25.73335092,40.26545373,0.089544875,3.021586537,0.088096349,0.055188411,72.26227306,26.93477718,26.3302,3.440753412,50.10644045,1.782590067,3.557606668,1.658163346,-65.70420363,92.3641715,6.57150893,105.4937499,7.455200327,1.488147789,7.479179829,410.2707596,407.2280485,8.61E-06,66.83704872,1.489891239,17.12381321,17.7090011,-4.12E-07,86.59541668,0,0,1,0,53228.71074,-,-,0,0,#DIV/0!,0,-,-,0,0,#DIV/0!,0.5,368.327385,7.479179829,#DIV/0!,0.020305794,#DIV/0!,#DIV/0!,-,0,#DIV/0!,#DIV/0!,#DIV/0!,#DIV/0!,#DIV/0!,#DIV/0!,#DIV/0!,#DIV/0!,436.925,368.327385,0.842999107,0.165388277,2,0.5,0: Broadleaf,2,TRUE,1652233955,400.023,403.242,17.7094,17.1249,395.404,17.5024,500.186,100.558,0.0998465,26.8972,26.3302,999.9,0,0,10007.5,0,3.33773,436.925,0.900029,0.0999713,0,1.775,0,2204.03,4219.36,39.687,43.312,41.687,42.25,40.062,393.25,43.68,0,1652233955,0,1.805868,-0.195400004,-234.1046156,2229.8232,15,1652233242,9:40:42,1652233241,1652233242,1,-0.285,-0.028,4.62,0.189,403,17,0.4,0.09,-3.251531707,-0.220810244,0.040798088,1,1.775288571,0.301432485,0.189856958,1,0.59096661,-0.047141895,0.004677491,1,3,3,3月3日,100,100,4.619,0.207,4.445291379,0.000676004,-7.65E-07,4.25E-10,0.065174227,-0.023951514,0.002092542,-1.49E-05,2,2268,1,30,11.9,11.9,18,505.098,453.193,24.9997,28.4308,30.0003,28.4172,28.2981,19.2948,25.0019,66.3298,25,403.268,17.1459,87.6584,101.295
343,1652233957,732.5,20220511 09:52:36,9:52:36,0,1652233957,0.001489099,1.489098679,7.451697241,400.007,256.074963,25.77628094,40.26435341,0.089510385,3.016636712,0.088060632,0.055166194,71.84425827,26.93233645,26.329,3.440509702,50.10569538,1.782532128,3.557543937,1.657977575,-65.66925174,92.35923438,6.581890487,105.1161314,7.479927501,1.484513182,7.451697241,410.2680878,407.235897,8.19E-06,66.83704872,1.489098679,17.12455314,17.70955495,-1.33E-07,86.59541668,0,0,1,0,53076.20888,-,-,0,0,#DIV/0!,0,-,-,0,0,#DIV/0!,0.5,366.193299,7.451697241,#DIV/0!,0.020349081,#DIV/0!,#DIV/0!,-,0,#DIV/0!,#DIV/0!,#DIV/0!,#DIV/0!,#DIV/0!,#DIV/0!,#DIV/0!,#DIV/0!,434.393,366.193299,0.843,0.16539,2,0.5,0: Broadleaf,2,TRUE,1652233957,400.007,403.236,17.7086,17.1254,395.388,17.5016,500.077,100.559,0.100122,26.8969,26.329,999.9,0,0,9977.5,0,3.33773,434.393,0.900004,0.0999963,0,1.8797,0,2191.46,4194.88,39.625,43.312,41.687,42.25,40.062,390.96,43.44,0,1652233957,0,1.824844,-0.542192304,-233.2053846,2220.0512,15,1652233242,9:40:42,1652233241,1652233242,1,-0.285,-0.028,4.62,0.189,403,17,0.4,0.09,-3.251316585,-0.110145993,0.041141594,1,1.789939394,0.449735824,0.190088464,1,0.589575585,-0.043527596,0.004352606,1,3,3,3月3日,100,100,4.619,0.207,4.445291379,0.000676004,-7.65E-07,4.25E-10,0.065174227,-0.023951514,0.002092542,-1.49E-05,2,2268,1,30,11.9,11.9,18,505.076,453.237,24.9997,28.4317,30.0003,28.4184,28.2994,19.2966,25.0019,66.3298,25,403.303,17.1511,87.6582,101.296
344,1652233959,734.5,20220511 09:52:38,9:52:38,0,1652233959,0.0014864,1.486399594,7.52755733,399.999,254.5059831,25.61861782,40.26397094,0.089371417,3.016031371,0.087925838,0.05508158,71.70732366,26.92964038,26.3266,3.440022327,50.11218157,1.78249045,3.557000302,1.657531878,-65.55022209,92.30818083,6.579407808,105.0446902,7.515189093,1.480933921,7.52755733,410.264155,407.2018,-3.09E-05,66.83704872,1.486399594,17.12481748,17.70866264,1.91E-07,86.59541668,0,0,1,0,53058.05151,-,-,0,0,#DIV/0!,0,-,-,0,0,#DIV/0!,0.5,365.494542,7.52755733,#DIV/0!,0.02059554,#DIV/0!,#DIV/0!,-,0,#DIV/0!,#DIV/0!,#DIV/0!,#DIV/0!,#DIV/0!,#DIV/0!,#DIV/0!,#DIV/0!,433.564,365.494542,0.843000208,0.165390401,2,0.5,0: Broadleaf,2,TRUE,1652233959,399.999,403.241,17.708,17.1263,395.38,17.501,500.158,100.56,0.100179,26.8943,26.3266,999.9,0,0,9973.75,0,3.33773,433.564,0.899995,0.100005,0,1.7115,0,2188.46,4186.86,39.625,43.312,41.687,42.25,40.062,390.21,43.36,0,1652233959,0,1.806019231,-0.317309397,-228.4464953,2214.368462,15,1652233242,9:40:42,1652233241,1652233242,1,-0.285,-0.028,4.62,0.189,403,17,0.4,0.09,-3.25524122,0.018029059,0.037226772,1,1.791157576,0.218615898,0.187712556,1,0.588327829,-0.040736571,0.004110634,1,3,3,3月3日,100,100,4.619,0.207,4.445291379,0.000676004,-7.65E-07,4.25E-10,0.065174227,-0.023951514,0.002092542,-1.49E-05,2,2268,1,30,12,11.9,18,505.048,453.123,24.9997,28.4317,30.0003,28.4187,28.2998,19.2949,25.0019,66.3298,25,403.271,17.153,87.6586,101.296
345,1652233961,736.5,20220511 09:52:40,9:52:40,0,1652233961,0.001483301,1.483301003,7.456466775,400.02,255.4948479,25.71784031,40.26558878,0.089164805,3.018914696,0.087727195,0.05495673,71.38526778,26.92634568,26.3281,3.44032693,50.11974298,1.782528887,3.55654036,1.657798043,-65.41357425,91.79423122,6.536503357,104.3024281,7.523360033,1.480523328,7.456466775,410.261205,407.227703,1.87E-05,66.83704872,1.483301003,17.12534803,17.70793956,-2.25E-08,86.59541668,0,0,1,0,53147.23988,-,-,0,0,#DIV/0!,0,-,-,0,0,#DIV/0!,0.5,363.856986,7.456466775,#DIV/0!,0.02049285,#DIV/0!,#DIV/0!,-,0,#DIV/0!,#DIV/0!,#DIV/0!,#DIV/0!,#DIV/0!,#DIV/0!,#DIV/0!,#DIV/0!,431.622,363.856986,0.842999166,0.16538839,2,0.5,0: Broadleaf,2,TRUE,1652233961,400.02,403.265,17.7086,17.1271,395.401,17.5016,500.191,100.559,0.099939,26.8921,26.3281,999.9,0,0,9991.25,0,3.33773,431.622,0.90003,0.0999699,0,1.6445,0,2178.54,4168.15,39.625,43.312,41.687,42.187,40.062,388.47,43.15,0,1652233961,0,1.773068,-0.491653846,-235.5838464,2206.2816,15,1652233242,9:40:42,1652233241,1652233242,1,-0.285,-0.028,4.62,0.189,403,17,0.4,0.09,-3.25732439,0.124874216,0.035030229,1,1.797462857,-0.32522818,0.168327088,1,0.587068366,-0.038386474,0.00389475,1,3,3,3月3日,100,100,4.619,0.207,4.445291379,0.000676004,-7.65E-07,4.25E-10,0.065174227,-0.023951514,0.002092542,-1.49E-05,2,2268,1,30,12,12,18,505.066,453.108,24.9997,28.4326,30.0002,28.419,28.3,19.2941,25.0019,66.3298,25,403.222,17.1517,87.6589,101.296
346,1652233963,738.5,20220511 09:52:42,9:52:42,0,1652233963,0.001481128,1.481127907,7.480348987,400.015,254.9043862,25.65783369,40.26418885,0.089055256,3.024872992,0.087623921,0.054891634,70.97556378,26.92218613,26.325,3.439697444,50.12313867,1.782408668,3.556059567,1.657288776,-65.31774069,92.10586291,6.545598045,104.309284,7.538582501,1.475895777,7.480348987,410.2818873,407.2380545,1.83E-05,66.83704872,1.481127907,17.12619419,17.70805055,-1.55E-07,86.59541668,0,0,1,0,53331.47708,-,-,0,0,#DIV/0!,0,-,-,0,0,#DIV/0!,0.5,361.766586,7.480348987,#DIV/0!,0.02067728,#DIV/0!,#DIV/0!,-,0,#DIV/0!,#DIV/0!,#DIV/0!,#DIV/0!,#DIV/0!,#DIV/0!,#DIV/0!,#DIV/0!,429.142,361.766586,0.84299972,0.16538946,2,0.5,0: Broadleaf,2,TRUE,1652233963,400.015,403.266,17.7078,17.128,395.396,17.5008,500.09,100.557,0.0996975,26.8898,26.325,999.9,0,0,10027.5,0,3.33773,429.142,0.900005,0.0999951,0,1.6959,0,2166.36,4144.17,39.625,43.312,41.687,42.187,40.062,386.23,42.91,0,1652233963,0,1.755988,-0.271976925,-236.8753845,2196.4272,15,1652233242,9:40:42,1652233241,1652233242,1,-0.285,-0.028,4.62,0.189,403,17,0.4,0.09,-3.256689512,0.164335192,0.034936158,1,1.791727273,-0.72676236,0.168029473,1,0.585824366,-0.034663317,0.003530432,1,3,3,3月3日,100,100,4.619,0.207,4.445291379,0.000676004,-7.65E-07,4.25E-10,0.065174227,-0.023951514,0.002092542,-1.49E-05,2,2268,1,30,12,12,18,505.03,453.151,24.9997,28.4338,30,28.4202,28.3012,19.2952,25.0019,66.3298,25,403.309,17.1572,87.6585,101.296
347,1652233965,740.5,20220511 09:52:44,9:52:44,0,1652233965,0.001480548,1.480547831,7.561084461,400.013,253.5134821,25.51789696,40.26409338,0.089092883,3.02280942,0.087659388,0.05491399,70.74855783,26.91815311,26.3186,3.43839818,50.13181548,1.782413353,3.555453431,1.655984826,-65.29215936,92.61340813,6.585853776,104.6556604,7.553012035,1.473527022,7.561084461,410.3027286,407.2265455,-6.72E-06,66.83704872,1.480547831,17.12674855,17.70830659,-8.27E-08,86.59541668,0,0,1,0,53268.26028,-,-,0,0,#DIV/0!,0,-,-,0,0,#DIV/0!,0.5,360.607671,7.561084461,#DIV/0!,0.02096762,#DIV/0!,#DIV/0!,-,0,#DIV/0!,#DIV/0!,#DIV/0!,#DIV/0!,#DIV/0!,#DIV/0!,#DIV/0!,#DIV/0!,427.767,360.607671,0.84300021,0.165390406,2,0.5,0: Broadleaf,2,TRUE,1652233965,400.013,403.269,17.7078,17.129,395.394,17.5008,500.15,100.557,0.0999621,26.8869,26.3186,999.9,0,0,10015,0,3.33773,427.767,0.899991,0.100009,0,1.7696,0,2159.41,4130.88,39.625,43.312,41.687,42.187,40.062,384.99,42.78,0,1652233965,0,1.754311538,-0.343948716,-236.4694012,2190.551154,15,1652233242,9:40:42,1652233241,1652233242,1,-0.285,-0.028,4.62,0.189,403,17,0.4,0.09,-3.256071707,0.149165854,0.034660224,1,1.767018182,-0.503581806,0.163416533,1,0.584629854,-0.031604258,0.003213833,1,3,3,3月3日,100,100,4.619,0.207,4.445291379,0.000676004,-7.65E-07,4.25E-10,0.065174227,-0.023951514,0.002092542,-1.49E-05,2,2268,1,30,12.1,12,18,504.976,453.276,24.9997,28.4341,30.0001,28.4212,28.3022,19.2939,25.0019,66.3298,25,403.295,17.1576,87.6588,101.296
348,1652233967,742.5,20220511 09:52:46,9:52:46,0,1652233967,0.001478002,1.478002275,7.577931243,400.013,253.0069568,25.46700146,40.26423535,0.08895937,3.016189313,0.087527048,0.054831173,70.56184055,26.91438984,26.3174,3.438154616,50.14456117,1.78251023,3.554742903,1.655644386,-65.17990034,92.05284069,6.56020752,103.9949884,7.494223874,1.474926106,7.577931243,410.3007363,407.2174545,-1.18E-05,66.83704872,1.478002275,17.12770494,17.70831429,-1.00E-07,86.59541668,0,0,1,0,53064.76146,-,-,0,0,#DIV/0!,0,-,-,0,0,#DIV/0!,0.5,359.660472,7.577931243,#DIV/0!,0.021069681,#DIV/0!,#DIV/0!,-,0,#DIV/0!,#DIV/0!,#DIV/0!,#DIV/0!,#DIV/0!,#DIV/0!,#DIV/0!,#DIV/0!,426.644,359.660472,0.842999016,0.1653881,2,0.5,0: Broadleaf,2,TRUE,1652233967,400.013,403.246,17.7087,17.1293,395.394,17.5017,500.106,100.557,0.100317,26.8835,26.3174,999.9,0,0,9975,0,3.33773,426.644,0.900036,0.0999645,0,1.4314,0,2154.28,4120.08,39.625,43.312,41.687,42.187,40.062,383.99,42.65,0,1652233967,0,1.7343,-0.842561542,-247.2461541,2182.3948,15,1652233242,9:40:42,1652233241,1652233242,1,-0.285,-0.028,4.62,0.189,403,17,0.4,0.09,-3.256672439,0.169985854,0.034333895,1,1.760071429,-0.400168297,0.154323585,1,0.583477585,-0.029094084,0.002939433,1,3,3,3月3日,100,100,4.619,0.207,4.445291379,0.000676004,-7.65E-07,4.25E-10,0.065174227,-0.023951514,0.002092542,-1.49E-05,2,2268,1,30,12.1,12.1,18,504.96,453.294,24.9998,28.4344,30.0001,28.4212,28.3024,19.2945,25.0019,66.3298,25,403.238,17.1355,87.6589,101.296
349,1652233969,744.5,20220511 09:52:48,9:52:48,0,1652233969,0.001475836,1.475835545,7.512865176,400.012,254.018062,25.56895898,40.2644219,0.088850155,3.020544805,0.087423342,0.054765874,70.15816539,26.90948223,26.315,3.437667532,50.15264158,1.782472615,3.554095177,1.655194917,-65.08434755,92.07177796,6.551915187,103.697511,7.423237309,1.473030236,7.512865176,410.2785916,407.2220182,-9.96E-07,66.83704872,1.475835545,17.12895881,17.70866044,1.23E-09,86.59541668,0,0,1,0,53199.55468,-,-,0,0,#DIV/0!,0,-,-,0,0,#DIV/0!,0.5,357.593643,7.512865176,#DIV/0!,0.021009504,#DIV/0!,#DIV/0!,-,0,#DIV/0!,#DIV/0!,#DIV/0!,#DIV/0!,#DIV/0!,#DIV/0!,#DIV/0!,#DIV/0!,424.191,357.593643,0.843001485,0.165392866,2,0.5,0: Broadleaf,2,TRUE,1652233969,400.012,403.216,17.7082,17.1296,395.393,17.5012,500.154,100.558,0.100035,26.8804,26.315,999.9,0,0,10001.2,0,3.33773,424.191,0.899954,0.100046,0,1.7884,0,2142.6,4096.31,39.625,43.25,41.625,42.187,40.062,381.75,42.44,0,1652233969,0,1.744916,-0.173284602,-248.143846,2172.3404,15,1652233242,9:40:42,1652233241,1652233242,1,-0.285,-0.028,4.62,0.189,403,17,0.4,0.09,-3.250828049,0.159950383,0.033019918,1,1.756087879,-0.063266205,0.178459099,1,0.582530854,-0.02560777,0.00258916,1,3,3,3月3日,100,100,4.619,0.207,4.445291379,0.000676004,-7.65E-07,4.25E-10,0.065174227,-0.023951514,0.002092542,-1.49E-05,2,2268,1,30,12.1,12.1,18,505.06,453.136,24.9998,28.4356,30.0001,28.4221,28.3036,19.2946,25.0019,66.3298,25,403.271,17.1352,87.6582,101.296
350,1652233971,746.5,20220511 09:52:50,9:52:50,0,1652233971,0.001473575,1.473575176,7.416722731,400.016,255.5595975,25.72408817,40.26476389,0.088718336,3.021586537,0.087296199,0.054685999,70.0209,26.90835754,26.3143,3.437525477,50.15493628,1.782459865,3.553907147,1.655065612,-64.98466526,92.07095191,6.549545095,103.6567317,7.418996142,1.470434253,7.416722731,410.2417878,407.2242,3.51E-06,66.83704872,1.473575176,17.12932585,17.70815824,1.94E-07,86.59541668,0,0,1,0,53231.8525,-,-,0,0,#DIV/0!,0,-,-,0,0,#DIV/0!,0.5,356.8932,7.416722731,#DIV/0!,0.020781351,#DIV/0!,#DIV/0!,-,0,#DIV/0!,#DIV/0!,#DIV/0!,#DIV/0!,#DIV/0!,#DIV/0!,#DIV/0!,#DIV/0!,423.36,356.8932,0.843001701,0.165393282,2,0.5,0: Broadleaf,2,TRUE,1652233971,400.016,403.218,17.7081,17.1305,395.397,17.5011,500.137,100.558,0.0998834,26.8795,26.3143,999.9,0,0,10007.5,0,3.33773,423.36,0.899945,0.100055,0,1.9067,0,2139.34,4088.26,39.562,43.25,41.625,42.187,40.062,381,42.36,0,1652233971,0,1.764119231,0.358608555,-241.4297431,2166.399231,15,1652233242,9:40:42,1652233241,1652233242,1,-0.285,-0.028,4.62,0.189,403,17,0.4,0.09,-3.237558049,0.087696794,0.022832624,1,1.759218182,0.151097674,0.191760772,1,0.581741537,-0.022681024,0.002309056,1,3,3,3月3日,100,100,4.619,0.207,4.445291379,0.000676004,-7.65E-07,4.25E-10,0.065174227,-0.023951514,0.002092542,-1.49E-05,2,2268,1,30,12.2,12.1,18,505.101,453.144,24.9997,28.4365,30.0001,28.4233,28.3046,19.2944,25.0019,66.3298,25,403.2,17.129,87.6586,101.296
351,1652233973,748.5,20220511 09:52:52,9:52:52,0,1652233973,0.001471911,1.471911054,7.43539969,399.999,255.0363093,25.67145044,40.26310814,0.088607344,3.016827477,0.087186534,0.05461734,69.694329,26.90704715,26.3154,3.437748708,50.15499374,1.782472385,3.553928039,1.655276323,-64.9112775,91.7632951,6.537996341,103.0843429,7.536505216,1.467955342,7.43539969,410.2384662,407.2129758,-1.25E-05,66.83704872,1.471911054,17.1293929,17.70764725,1.32E-09,86.59541668,0,0,1,0,53085.1245,-,-,0,0,#DIV/0!,0,-,-,0,0,#DIV/0!,0.5,355.2321,7.43539969,#DIV/0!,0.020931103,#DIV/0!,#DIV/0!,-,0,#DIV/0!,#DIV/0!,#DIV/0!,#DIV/0!,#DIV/0!,#DIV/0!,#DIV/0!,#DIV/0!,421.39,355.2321,0.843000783,0.165391511,2,0.5,0: Broadleaf,2,TRUE,1652233973,399.999,403.248,17.7082,17.1315,395.38,17.5012,500.073,100.558,0.100022,26.8796,26.3154,999.9,0,0,9978.75,0,3.33773,421.39,0.899981,0.100019,0,1.8046,0,2129.64,4069.29,39.562,43.25,41.625,42.187,40.062,379.24,42.15,0,1652233973,0,1.77434,1.080430781,-245.2176925,2157.9828,15,1652233242,9:40:42,1652233241,1652233242,1,-0.285,-0.028,4.62,0.189,403,17,0.4,0.09,-3.231011463,0.055126202,0.019924208,1,1.780594286,0.311208611,0.19749057,1,0.580976268,-0.022909275,0.002329301,1,3,3,3月3日,100,100,4.619,0.207,4.445291379,0.000676004,-7.65E-07,4.25E-10,0.065174227,-0.023951514,0.002092542,-1.49E-05,2,2268,1,30,12.2,12.2,18,504.98,453.028,24.9997,28.4365,30.0002,28.4236,28.3046,19.2942,25.0019,66.3298,25,403.271,17.1273,87.6589,101.295
352,1652233975,750.5,20220511 09:52:54,9:52:54,0,1652233975,0.001469612,1.469611635,7.496255794,400.002,253.8323945,25.55074834,40.26416904,0.088531025,3.019138087,0.087113707,0.054571517,69.32545944,26.90549381,26.3092,3.436490662,50.15225704,1.782375125,3.553928039,1.654115537,-64.8098731,92.84273745,6.609637406,103.9679612,7.595509276,1.463514979,7.496255794,410.2698503,407.2203394,3.19E-06,66.83704872,1.469611635,17.13021492,17.70740989,-1.13E-07,86.59541668,0,0,1,0,53156.36284,-,-,0,0,#DIV/0!,0,-,-,0,0,#DIV/0!,0.5,353.356728,7.496255794,#DIV/0!,0.021214414,#DIV/0!,#DIV/0!,-,0,#DIV/0!,#DIV/0!,#DIV/0!,#DIV/0!,#DIV/0!,#DIV/0!,#DIV/0!,#DIV/0!,419.166,353.356728,0.842999499,0.165389033,2,0.5,0: Broadleaf,2,TRUE,1652233975,400.002,403.273,17.7069,17.1321,395.383,17.4999,500.209,100.56,0.0999193,26.8796,26.3092,999.9,0,0,9992.5,0,3.33773,419.166,0.900014,0.0999859,0,1.6921,0,2118.9,4047.84,39.562,43.25,41.625,42.187,40.062,377.26,41.91,0,1652233975,0,1.78094,0.619615389,-240.3469229,2148.2136,15,1652233242,9:40:42,1652233241,1652233242,1,-0.285,-0.028,4.62,0.189,403,17,0.4,0.09,-3.233117317,0.01757331,0.020470494,1,1.774842424,0.278361109,0.189509295,1,0.580208634,-0.024816606,0.002500965,1,3,3,3月3日,100,100,4.619,0.207,4.445291379,0.000676004,-7.65E-07,4.25E-10,0.065174227,-0.023951514,0.002092542,-1.49E-05,2,2268,1,30,12.2,12.2,18,504.971,453.1,24.9997,28.4368,30.0002,28.4245,28.3054,19.2943,25.0019,66.3298,25,403.299,17.1267,87.6585,101.296
353,1652233977,752.5,20220511 09:52:56,9:52:56,0,1652233977,0.00146461,1.464609503,7.548313208,400.025,252.4844336,25.41504426,40.26645498,0.088246842,3.02266054,0.086840143,0.054399608,69.05159022,26.9039605,26.3071,3.436064641,50.15604187,1.782383897,3.553677344,1.653680744,-64.58927909,93.09771976,6.619956998,104.1799879,7.417676004,1.460998678,7.548313208,410.3013046,407.2300667,1.69E-05,66.83704872,1.464609503,17.13135153,17.70667033,-3.21E-08,86.59541668,0,0,1,0,53265.2395,-,-,0,0,#DIV/0!,0,-,-,0,0,#DIV/0!,0.5,351.959214,7.548313208,#DIV/0!,0.021446557,#DIV/0!,#DIV/0!,-,0,#DIV/0!,#DIV/0!,#DIV/0!,#DIV/0!,#DIV/0!,#DIV/0!,#DIV/0!,#DIV/0!,417.508,351.959214,0.842999928,0.165389861,2,0.5,0: Broadleaf,2,TRUE,1652233977,400.025,403.225,17.707,17.1331,395.405,17.5,500.132,100.56,0.0998462,26.8784,26.3071,999.9,0,0,10013.8,0,3.33773,417.508,0.899997,0.100003,0,1.633,0,2110.61,4031.81,39.562,43.25,41.625,42.187,40.062,375.76,41.75,0,1652233977,0,1.767126923,0.071818801,-232.6119654,2142.116923,15,1652233242,9:40:42,1652233241,1652233242,1,-0.285,-0.028,4.62,0.189,403,17,0.4,0.09,-3.236609756,0.002677213,0.021011379,1,1.769169697,0.548937456,0.183893564,1,0.579274951,-0.025825275,0.0026081,1,3,3,3月3日,100,100,4.62,0.207,4.445291379,0.000676004,-7.65E-07,4.25E-10,0.065174227,-0.023951514,0.002092542,-1.49E-05,2,2268,1,30,12.3,12.2,18,505.152,453.26,24.9997,28.438,30.0003,28.4257,28.3066,19.2945,25.0019,66.3298,25,403.224,17.1221,87.658,101.295
354,1652233979,754.5,20220511 09:52:58,9:52:58,0,1652233979,0.001463255,1.463254794,7.443911314,400.038,254.3145365,25.59928064,40.26779268,0.088193996,3.023684502,0.086789435,0.054367728,68.86908248,26.90154947,26.3045,3.43553725,50.16194067,1.782415384,3.553322219,1.653121866,-64.52953641,93.27596928,6.63024305,104.2457584,7.331196868,1.458737126,7.443911314,410.273937,407.2452182,1.98E-05,66.83704872,1.463254794,17.13205542,17.70683187,-2.31E-07,86.59541668,0,0,1,0,53297.15883,-,-,0,0,#DIV/0!,0,-,-,0,0,#DIV/0!,0.5,351.026313,7.443911314,#DIV/0!,0.021206135,#DIV/0!,#DIV/0!,-,0,#DIV/0!,#DIV/0!,#DIV/0!,#DIV/0!,#DIV/0!,#DIV/0!,#DIV/0!,#DIV/0!,416.401,351.026313,0.843000648,0.165391251,2,0.5,0: Broadleaf,2,TRUE,1652233979,400.038,403.203,17.7073,17.1343,395.419,17.5004,500.142,100.56,0.099919,26.8767,26.3045,999.9,0,0,10020,0,3.33773,416.401,0.899986,0.100014,0,1.7039,0,2105.57,4021.11,39.562,43.25,41.625,42.187,40,374.76,41.65,0,1652233979,0,1.795012,-0.142000001,-237.7807694,2133.8976,15,1652233242,9:40:42,1652233241,1652233242,1,-0.285,-0.028,4.62,0.189,403,17,0.4,0.09,-3.23438122,0.064296167,0.022882283,1,1.766408571,0.329196869,0.194572449,1,0.578300902,-0.026449965,0.002675785,1,3,3,3月3日,100,100,4.619,0.2069,4.445291379,0.000676004,-7.65E-07,4.25E-10,0.065174227,-0.023951514,0.002092542,-1.49E-05,2,2268,1,30,12.3,12.3,18,505.202,453.113,24.9996,28.439,30.0003,28.426,28.307,19.2944,25.0019,66.3298,25,403.206,17.1198,87.6575,101.295
355,1652233981,756.5,20220511 09:53:00,9:53:00,0,1652233981,0.001461802,1.461801897,7.353996787,400.05,255.9547661,25.76466988,40.26944425,0.08818672,3.023073436,0.086782109,0.054363153,68.50335533,26.89892648,26.297,3.434016326,50.16316428,1.782364558,3.553134225,1.651651767,-64.46546367,94.33278643,6.706437193,105.0771153,7.338707346,1.455390198,7.353996787,410.2448855,407.2532303,1.33E-05,66.83704872,1.461801897,17.13268403,17.7068022,-1.57E-08,86.59541668,0,0,1,0,53278.47083,-,-,0,0,#DIV/0!,0,-,-,0,0,#DIV/0!,0.5,349.166958,7.353996787,#DIV/0!,0.021061548,#DIV/0!,#DIV/0!,-,0,#DIV/0!,#DIV/0!,#DIV/0!,#DIV/0!,#DIV/0!,#DIV/0!,#DIV/0!,#DIV/0!,414.196,349.166958,0.842999348,0.165388742,2,0.5,0: Broadleaf,2,TRUE,1652233981,400.05,403.217,17.7066,17.135,395.431,17.4996,500.217,100.561,0.100028,26.8758,26.297,999.9,0,0,10016.2,0,3.33773,414.196,0.90002,0.0999805,0,1.5537,0,2094.9,3999.85,39.562,43.25,41.625,42.187,40.062,372.78,41.41,0,1652233981,0,1.793552,-0.541815385,-243.7661537,2124.0876,15,1652233242,9:40:42,1652233241,1652233242,1,-0.285,-0.028,4.62,0.189,403,17,0.4,0.09,-3.227863415,0.14204676,0.028673212,1,1.778227273,0.268385786,0.197841954,1,0.577357585,-0.027789909,0.002809794,1,3,3,3月3日,100,100,4.619,0.207,4.445291379,0.000676004,-7.65E-07,4.25E-10,0.065174227,-0.023951514,0.002092542,-1.49E-05,2,2268,1,30,12.3,12.3,18,505.172,453.069,24.9996,28.439,30.0003,28.4263,28.3078,19.2936,25.0019,66.3298,25,403.197,17.1175,87.6575,101.295
356,1652233983,758.5,20220511 09:53:02,9:53:02,0,1652233983,0.001458388,1.458388127,7.366046869,400.033,255.5681081,25.72528105,40.26700135,0.088080957,3.018293726,0.086677504,0.054297672,68.36575917,26.89763497,26.2876,3.432110931,50.16666477,1.782342239,3.552841806,1.649768692,-64.31491639,95.48541709,6.79876408,106.3350239,7.334350326,1.453918311,7.366046869,410.2416332,407.2442485,-6.85E-06,66.83704872,1.458388127,17.13402517,17.70698132,-3.75E-08,86.59541668,0,0,1,0,53131.23814,-,-,0,0,#DIV/0!,0,-,-,0,0,#DIV/0!,0.5,348.464829,7.366046869,#DIV/0!,0.021138566,#DIV/0!,#DIV/0!,-,0,#DIV/0!,#DIV/0!,#DIV/0!,#DIV/0!,#DIV/0!,#DIV/0!,#DIV/0!,#DIV/0!,413.363,348.464829,0.842999565,0.16538916,2,0.5,0: Broadleaf,2,TRUE,1652233983,400.033,403.199,17.7067,17.1355,395.414,17.4997,500.061,100.559,0.100199,26.8744,26.2876,999.9,0,0,9987.5,0,3.33773,413.363,0.900011,0.0999893,0,2.0321,0,2091.8,3991.8,39.562,43.25,41.625,42.187,40,372.03,41.33,0,1652233983,0,1.801669231,-0.41569915,-238.2317944,2118.21,15,1652233242,9:40:42,1652233241,1652233242,1,-0.285,-0.028,4.62,0.189,403,17,0.4,0.09,-3.22125878,0.214023554,0.032998409,1,1.779715152,-0.097013749,0.195040543,1,0.576393659,-0.028865017,0.002916926,1,3,3,3月3日,100,100,4.619,0.207,4.445291379,0.000676004,-7.65E-07,4.25E-10,0.065174227,-0.023951514,0.002092542,-1.49E-05,2,2268,1,30,12.4,12.3,18,505.183,453.145,24.9997,28.4399,30.0003,28.4275,28.309,19.2948,25.0019,66.3298,25,403.195,17.1177,87.6576,101.295
357,1652233985,760.5,20220511 09:53:04,9:53:04,0,1652233985,0.001456672,1.456672095,7.378514181,400.02,255.25139,25.69334078,40.26559926,0.088025875,3.018914696,0.086624445,0.054264332,68.00358,26.89318754,26.283,3.43117884,50.17480669,1.782338099,3.552257032,1.648840741,-64.23923941,95.79802215,6.819366549,106.3817293,7.304212814,1.451911958,7.378514181,410.2340318,407.2322303,-2.00E-05,66.83704872,1.456672095,17.1350036,17.70717363,-8.00E-08,86.59541668,0,0,1,0,53150.87316,-,-,0,0,#DIV/0!,0,-,-,0,0,#DIV/0!,0.5,346.6164,7.378514181,#DIV/0!,0.021287262,#DIV/0!,#DIV/0!,-,0,#DIV/0!,#DIV/0!,#DIV/0!,#DIV/0!,#DIV/0!,#DIV/0!,#DIV/0!,#DIV/0!,411.17,346.6164,0.843000219,0.165390422,2,0.5,0: Broadleaf,2,TRUE,1652233985,400.02,403.173,17.7067,17.1364,395.401,17.4998,500.159,100.559,0.0999652,26.8716,26.283,999.9,0,0,9991.25,0,3.33773,411.17,0.899987,0.100013,0,1.6783,0,2080.91,3970.59,39.562,43.25,41.625,42.125,40,370.05,41.12,0,1652233985,0,1.77812,-0.375346163,-245.6930771,2109.8604,15,1652233242,9:40:42,1652233241,1652233242,1,-0.285,-0.028,4.62,0.189,403,17,0.4,0.09,-3.21309878,0.240805087,0.034877967,1,1.780811429,0.00245636,0.19452655,1,0.575542317,-0.029608014,0.002980566,1,3,3,3月3日,100,100,4.619,0.2069,4.445291379,0.000676004,-7.65E-07,4.25E-10,0.065174227,-0.023951514,0.002092542,-1.49E-05,2,2268,1,30,12.4,12.4,18,505.222,453.032,24.9997,28.4411,30.0002,28.4284,28.3094,19.2948,25.0019,65.9563,25,403.169,17.1146,87.6579,101.295
358,1652233987,762.5,20220511 09:53:06,9:53:06,0,1652233987,0.001454136,1.454136161,7.316833329,400.007,256.0748858,25.77623665,40.26429637,0.087837413,3.017879621,0.086441455,0.054149483,67.63207249,26.88830486,26.2863,3.431847492,50.18654448,1.782398746,3.551547062,1.649448746,-64.12740468,94.67508702,6.741738569,104.9214934,7.328805546,1.454025127,7.316833329,410.2087529,407.2321273,-6.28E-06,66.83704872,1.454136161,17.13546017,17.7066033,1.27E-07,86.59541668,0,0,1,0,53119.57608,-,-,0,0,#DIV/0!,0,-,-,0,0,#DIV/0!,0.5,344.726787,7.316833329,#DIV/0!,0.021225021,#DIV/0!,#DIV/0!,-,0,#DIV/0!,#DIV/0!,#DIV/0!,#DIV/0!,#DIV/0!,#DIV/0!,#DIV/0!,#DIV/0!,408.929,344.726787,0.84299912,0.165388301,2,0.5,0: Broadleaf,2,TRUE,1652233987,400.007,403.17,17.7073,17.1362,395.388,17.5004,500.185,100.559,0.0999794,26.8682,26.2863,999.9,0,0,9985,0,3.33773,408.929,0.90002,0.0999797,0,1.7078,0,2070.28,3949,39.562,43.25,41.625,42.187,40,368.04,40.88,0,1652233987,0,1.770604,0.391223067,-243.6576921,2100.192,15,1652233242,9:40:42,1652233241,1652233242,1,-0.285,-0.028,4.62,0.189,403,17,0.4,0.09,-3.202424146,0.262142927,0.036793929,1,1.803475758,-0.066427956,0.203055238,1,0.574668073,-0.031211206,0.003113574,1,3,3,3月3日,100,100,4.619,0.2069,4.445291379,0.000676004,-7.65E-07,4.25E-10,0.065174227,-0.023951514,0.002092542,-1.49E-05,2,2268,1,30,12.4,12.4,18,505.193,453.017,24.9997,28.4414,30.0001,28.4287,28.3096,19.2965,25.0019,65.9563,25,403.332,17.1102,87.6579,101.294
359,1652233989,764.5,20220511 09:53:08,9:53:08,0,1652233989,0.001454267,1.45426723,7.294056002,400.008,256.5199181,25.82077861,40.2640001,0.087855399,3.019725859,0.086459714,0.054160871,67.40539734,26.88586066,26.2854,3.431665121,50.19071254,1.782431504,3.551317392,1.649233617,-64.13318483,94.70044619,6.739353928,104.7120126,7.47901376,1.467960615,7.294056002,410.1869188,407.2189455,-1.06E-05,66.83704872,1.45426723,17.13623354,17.70755495,-1.17E-07,86.59541668,0,0,1,0,53176.65764,-,-,0,0,#DIV/0!,0,-,-,0,0,#DIV/0!,0.5,343.569558,7.294056002,#DIV/0!,0.021230216,#DIV/0!,#DIV/0!,-,0,#DIV/0!,#DIV/0!,#DIV/0!,#DIV/0!,#DIV/0!,#DIV/0!,#DIV/0!,#DIV/0!,407.556,343.569558,0.842999632,0.16538929,2,0.5,0: Broadleaf,2,TRUE,1652233989,400.008,403.234,17.7078,17.1311,395.389,17.5009,500.075,100.558,0.0999871,26.8671,26.2854,999.9,0,0,9996.25,0,3.33773,407.556,0.900007,0.0999933,0,2.0139,0,2063.23,3935.71,39.562,43.25,41.625,42.187,40,366.8,40.75,0,1652233989,0,1.787169231,0.617914521,-236.9723072,2094.156923,15,1652233242,9:40:42,1652233241,1652233242,1,-0.285,-0.028,4.62,0.189,403,17,0.4,0.09,-3.194261463,0.268834704,0.0373888,1,1.793945455,-0.075976879,0.182331601,1,0.573911439,-0.027624063,0.002873615,1,3,3,3月3日,100,100,4.619,0.2069,4.445291379,0.000676004,-7.65E-07,4.25E-10,0.065174227,-0.023951514,0.002092542,-1.49E-05,2,2268,1,30,12.5,12.4,18,505.048,453.109,24.9997,28.4417,30.0001,28.4299,28.3108,19.2925,25.0019,65.9563,25,403.154,17.1093,87.6585,101.294
360,1652233991,766.5,20220511 09:53:10,9:53:10,0,1652233991,0.001452188,1.452188237,7.405622303,400.033,254.3469891,25.60235071,40.26698015,0.087745744,3.019638052,0.086353471,0.054094169,67.22575083,26.88445685,26.2828,3.43113832,50.18714323,1.782210444,3.551129491,1.648927876,-64.04150123,94.97444354,6.758931066,104.9176242,7.441985347,1.478827928,7.405622303,410.2394406,407.226897,3.93E-06,66.83704872,1.452188237,17.13687803,17.70721319,1.76E-07,86.59541668,0,0,1,0,53174.13127,-,-,0,0,#DIV/0!,0,-,-,0,0,#DIV/0!,0.5,342.651771,7.405622303,#DIV/0!,0.021612678,#DIV/0!,#DIV/0!,-,0,#DIV/0!,#DIV/0!,#DIV/0!,#DIV/0!,#DIV/0!,#DIV/0!,#DIV/0!,#DIV/0!,406.467,342.651771,0.843000221,0.165390427,2,0.5,0: Broadleaf,2,TRUE,1652233991,400.033,403.245,17.7054,17.1246,395.413,17.4985,500.222,100.559,0.100146,26.8662,26.2828,999.9,0,0,9995.62,0,3.33773,406.467,0.899995,0.100005,0,2.0141,0,2058.74,3925.19,39.5,43.25,41.625,42.187,40,365.82,40.65,0,1652233991,0,1.7822,0.604069225,-236.3538463,2085.7612,15,1652233242,9:40:42,1652233241,1652233242,1,-0.285,-0.028,4.62,0.189,403,17,0.4,0.09,-3.195875854,0.208270035,0.038117311,1,1.798985714,-0.235672016,0.183526243,1,0.573761171,-0.012385861,0.002700844,1,3,3,3月3日,100,100,4.62,0.2069,4.445291379,0.000676004,-7.65E-07,4.25E-10,0.065174227,-0.023951514,0.002092542,-1.49E-05,2,2268,1,30,12.5,12.5,18,505.102,453.018,24.9997,28.4429,30,28.4308,28.3118,19.2929,25.0019,65.9563,25,403.129,17.1139,87.6593,101.295
361,1652233993,768.5,20220511 09:53:12,9:53:12,0,1652233993,0.001451151,1.451150668,7.451167743,400.03,253.414362,25.50872414,40.2670742,0.087681958,3.017584599,0.086290762,0.054054881,66.850059,26.88197557,26.2814,3.430854687,50.17976925,1.781885727,3.551004227,1.648968959,-63.99574444,95.040005,6.768131638,104.6624512,7.365973046,1.478900017,7.451167743,410.2742086,407.2427152,1.68E-05,66.83704872,1.451150668,17.13278789,17.70278462,4.44E-07,86.59541668,0,0,1,0,53110.96815,-,-,0,0,#DIV/0!,0,-,-,0,0,#DIV/0!,0.5,340.7403,7.451167743,#DIV/0!,0.021867586,#DIV/0!,#DIV/0!,-,0,#DIV/0!,#DIV/0!,#DIV/0!,#DIV/0!,#DIV/0!,#DIV/0!,#DIV/0!,#DIV/0!,404.2,340.7403,0.842999258,0.165388568,2,0.5,0: Broadleaf,2,TRUE,1652233993,400.03,403.212,17.702,17.1211,395.411,17.4953,500.162,100.56,0.100136,26.8656,26.2814,999.9,0,0,9983.12,0,3.33773,404.2,0.900029,0.0999705,0,1.6555,0,2047.5,3903.33,39.5,43.25,41.562,42.187,40,363.79,40.41,0,1652233993,0,1.794556,0.217815382,-238.3453844,2076.09,15,1652233242,9:40:42,1652233241,1652233242,1,-0.285,-0.028,4.62,0.189,403,17,0.4,0.09,-3.197000488,0.170731359,0.038626377,1,1.786824242,0.407114679,0.170989558,1,0.57410722,0.006916934,0.003342609,1,3,3,3月3日,100,100,4.619,0.2067,4.445291379,0.000676004,-7.65E-07,4.25E-10,0.065174227,-0.023951514,0.002092542,-1.49E-05,2,2268,1,30,12.5,12.5,18,505.164,452.985,24.9996,28.4438,30.0001,28.4308,28.312,19.2914,25.0019,65.9563,25,403.202,17.1109,87.6596,101.295
362,1652233995,770.5,20220511 09:53:14,9:53:14,0,1652233995,0.001461088,1.461087993,7.386113741,400.015,255.5304753,25.72160969,40.26537221,0.088304509,3.024097217,0.086896644,0.054435024,66.67366265,26.87842351,26.279,3.430368506,50.17414397,1.781685974,3.551004227,1.648682533,-64.43398048,95.63640675,6.795854742,104.6719437,7.436794686,1.478554164,7.386113741,410.2350359,407.2294424,-6.35E-06,66.83704872,1.461087993,17.12533206,17.69937363,-4.76E-07,86.59541668,0,0,1,0,53311.8795,-,-,0,0,#DIV/0!,0,-,-,0,0,#DIV/0!,0.5,339.834042,7.386113741,#DIV/0!,0.021734473,#DIV/0!,#DIV/0!,-,0,#DIV/0!,#DIV/0!,#DIV/0!,#DIV/0!,#DIV/0!,#DIV/0!,#DIV/0!,#DIV/0!,403.124,339.834042,0.843001265,0.165392442,2,0.5,0: Broadleaf,2,TRUE,1652233995,400.015,403.226,17.7001,17.1192,395.395,17.4934,500.046,100.56,0.0996558,26.8656,26.279,999.9,0,0,10022.5,0,3.33773,403.124,0.899959,0.100041,0,1.7076,0,2042.9,3892.87,39.5,43.25,41.625,42.125,40,362.8,40.33,0,1652233995,0,1.797234615,0.06848205,-233.2888884,2070.211538,15,1652233242,9:40:42,1652233241,1652233242,1,-0.285,-0.028,4.62,0.189,403,17,0.4,0.09,-3.190918537,0.115725366,0.035744844,1,1.786760606,0.199780942,0.170719495,1,0.574524561,0.021544808,0.003839558,1,3,3,3月3日,100,100,4.62,0.2067,4.445291379,0.000676004,-7.65E-07,4.25E-10,0.065174227,-0.023951514,0.002092542,-1.49E-05,2,2268,1,30,12.6,12.5,18,505.063,453.095,24.9997,28.4438,30.0003,28.4317,28.3132,19.2921,25.0019,65.9563,25,403.242,17.1101,87.6597,101.295
363,1652233997,772.5,20220511 09:53:16,9:53:16,0,1652233997,0.001471456,1.471455885,7.454347562,400.007,255.3130933,25.69955213,40.26429125,0.088988385,3.021602988,0.08755766,0.054850166,66.34885305,26.87285234,26.2744,3.429436829,50.17477745,1.781593248,3.550774588,1.647843581,-64.89120452,96.12767962,6.836207766,104.4215359,7.384128386,1.477918971,7.454347562,410.2413801,407.208903,-2.36E-05,66.83704872,1.471455885,17.12148548,17.69945495,-1.17E-06,86.59541668,0,0,1,0,53235.04468,-,-,0,0,#DIV/0!,0,-,-,0,0,#DIV/0!,0.5,338.182185,7.454347562,#DIV/0!,0.022042402,#DIV/0!,#DIV/0!,-,0,#DIV/0!,#DIV/0!,#DIV/0!,#DIV/0!,#DIV/0!,#DIV/0!,#DIV/0!,#DIV/0!,401.165,338.182185,0.843000224,0.165390433,2,0.5,0: Broadleaf,2,TRUE,1652233997,400.007,403.196,17.6993,17.1188,395.388,17.4927,500.176,100.559,0.0999666,26.8645,26.2744,999.9,0,0,10007.5,0,3.33773,401.165,0.899996,0.100004,0,1.7381,0,2033.03,3873.99,39.5,43.25,41.562,42.125,40,361.05,40.12,0,1652233997,0,1.8055,-0.249707693,-242.6230771,2062.022,15,1652233242,9:40:42,1652233241,1652233242,1,-0.285,-0.028,4.62,0.189,403,17,0.4,0.09,-3.186207317,-0.05932223,0.028937728,1,1.787945714,0.184933855,0.166052319,1,0.575063244,0.031619582,0.004228412,1,3,3,3月3日,100,100,4.619,0.2066,4.445291379,0.000676004,-7.65E-07,4.25E-10,0.065174227,-0.023951514,0.002092542,-1.49E-05,2,2268,1,30,12.6,12.6,18,505.026,453.17,24.9997,28.4441,30.0003,28.433,28.3142,19.2935,25.0019,65.9563,25,403.174,17.1085,87.6599,101.295
364,1652233999,774.5,20220511 09:53:18,9:53:18,0,1652233999,0.001475742,1.475742488,7.464404525,400.003,255.4930618,25.71791883,40.26428198,0.089234617,3.023056985,0.087796712,0.055000205,65.98037216,26.86765544,26.2755,3.429659601,50.1780491,1.781499927,3.550357096,1.648159674,-65.08024373,95.66870128,6.800264081,103.3690938,7.302242056,1.47336826,7.464404525,410.2430688,407.2059758,-1.11E-05,66.83704872,1.475742488,17.11977346,17.69950989,-6.45E-07,86.59541668,0,0,1,0,53280.30409,-,-,0,0,#DIV/0!,0,-,-,0,0,#DIV/0!,0.5,336.308529,7.464404525,#DIV/0!,0.022195109,#DIV/0!,#DIV/0!,-,0,#DIV/0!,#DIV/0!,#DIV/0!,#DIV/0!,#DIV/0!,#DIV/0!,#DIV/0!,#DIV/0!,398.943,336.308529,0.842998947,0.165387968,2,0.5,0: Broadleaf,2,TRUE,1652233999,400.003,403.159,17.6982,17.1194,395.384,17.4915,500.101,100.56,0.09995,26.8625,26.2755,999.9,0,0,10016.2,0,3.33773,398.943,0.90003,0.0999696,0,1.5799,0,2022.32,3852.57,39.5,43.25,41.562,42.125,40,359.06,39.88,0,1652233999,0,1.797804,-0.400623074,-241.4515382,2052.3916,15,1652233242,9:40:42,1652233241,1652233242,1,-0.285,-0.028,4.62,0.189,403,17,0.4,0.09,-3.184163171,-0.132593728,0.027497654,1,1.797963636,0.174838418,0.146020283,1,0.575694927,0.037940551,0.004491623,1,3,3,3月3日,100,100,4.619,0.2067,4.445291379,0.000676004,-7.65E-07,4.25E-10,0.065174227,-0.023951514,0.002092542,-1.49E-05,2,2268,1,30,12.6,12.6,18,505.014,453.053,24.9996,28.4453,30.0002,28.4333,28.3142,19.2937,25.0019,65.9563,25,403.173,17.1124,87.6605,101.295
365,1652234001,776.5,20220511 09:53:20,9:53:20,0,1652234001,0.001469785,1.469785374,7.32175515,399.999,257.5339492,25.92360828,40.26427358,0.088881102,3.022462212,0.087454194,0.054785165,65.80045278,26.86643065,26.2732,3.429193819,50.17561648,1.78123552,3.550002261,1.647958299,-64.81753501,95.74764709,6.807078621,103.5376435,7.312241333,1.468639102,7.32175515,410.1880153,407.2091394,-1.15E-06,66.83704872,1.469785374,17.11886413,17.69621319,1.05E-07,86.59541668,0,0,1,0,53262.26497,-,-,0,0,#DIV/0!,0,-,-,0,0,#DIV/0!,0.5,335.389086,7.32175515,#DIV/0!,0.02183063,#DIV/0!,#DIV/0!,-,0,#DIV/0!,#DIV/0!,#DIV/0!,#DIV/0!,#DIV/0!,#DIV/0!,#DIV/0!,#DIV/0!,397.852,335.389086,0.842999623,0.165389272,2,0.5,0: Broadleaf,2,TRUE,1652234001,399.999,403.158,17.6954,17.1185,395.38,17.4888,500.139,100.561,0.0999356,26.8608,26.2732,999.9,0,0,10012.5,0,3.33773,397.852,0.90002,0.0999805,0,1.8623,0,2017.46,3842.02,39.5,43.25,41.562,42.125,40,358.07,39.78,0,1652234001,0,1.810338462,-0.395958972,-235.9463243,2046.496538,15,1652233242,9:40:42,1652233241,1652233242,1,-0.285,-0.028,4.62,0.189,403,17,0.4,0.09,-3.18177,-0.078092822,0.028758055,1,1.791542424,0.072761722,0.151804719,1,0.576273634,0.037534892,0.004482582,1,3,3,3月3日,100,100,4.619,0.2066,4.445291379,0.000676004,-7.65E-07,4.25E-10,0.065174227,-0.023951514,0.002092542,-1.49E-05,2,2268,1,30,12.7,12.6,18,505.062,452.925,24.9996,28.4462,30.0002,28.4336,28.315,19.2943,25.0019,65.9563,25,403.126,17.1117,87.6606,101.295
366,1652234003,778.5,20220511 09:53:22,9:53:22,0,1652234003,0.001460455,1.460454988,7.272599219,400.004,257.5886029,25.92888216,40.26442344,0.088310535,3.020792718,0.086900966,0.054437874,65.53060279,26.86584525,26.2716,3.428869829,50.17193331,1.780958168,3.549710068,1.647911661,-64.40606498,95.72733109,6.809293246,103.6611621,7.44086306,1.461378212,7.272599219,410.1745861,407.2159273,5.46E-06,66.83704872,1.460454988,17.11920644,17.69284505,-1.81E-07,86.59541668,0,0,1,0,53210.9713,-,-,0,0,#DIV/0!,0,-,-,0,0,#DIV/0!,0.5,334.007286,7.272599219,#DIV/0!,0.021773774,#DIV/0!,#DIV/0!,-,0,#DIV/0!,#DIV/0!,#DIV/0!,#DIV/0!,#DIV/0!,#DIV/0!,#DIV/0!,#DIV/0!,396.212,334.007286,0.843001439,0.165392777,2,0.5,0: Broadleaf,2,TRUE,1652234003,400.004,403.213,17.6928,17.1188,395.385,17.4864,500.182,100.56,0.100052,26.8594,26.2716,999.9,0,0,10002.5,0,3.33362,396.212,0.899941,0.100059,0,1.6137,0,2009.77,3826.1,39.5,43.25,41.562,42.125,39.937,356.57,39.64,0,1652234003,0,1.784616,-0.454153845,-238.4469232,2038.1096,15,1652233242,9:40:42,1652233241,1652233242,1,-0.285,-0.028,4.62,0.189,403,17,0.4,0.09,-3.180130732,-0.018901882,0.029720439,1,1.7977,-0.160978474,0.14308354,1,0.576756976,0.029311463,0.004226119,1,3,3,3月3日,100,100,4.619,0.2064,4.445291379,0.000676004,-7.65E-07,4.25E-10,0.065174227,-0.023951514,0.002092542,-1.49E-05,2,2268,1,30,12.7,12.7,18,505.165,452.918,24.9997,28.4462,30.0003,28.4348,28.3162,19.2931,25.0019,65.9563,25,403.218,17.1132,87.6602,101.294
367,1652234005,780.5,20220511 09:53:24,9:53:24,0,1652234005,0.001459758,1.459758456,7.386611392,399.999,255.4308853,25.71166142,40.26388134,0.088253825,3.020792718,0.08684605,0.054403394,65.29387955,26.86346454,26.2722,3.428991322,50.17173818,1.780825594,3.549459633,1.648165728,-64.37534789,95.43418854,6.788420944,103.1411411,7.576808053,1.455241231,7.386611392,410.2184231,407.2128303,2.33E-07,66.83704872,1.459758456,17.11841081,17.69189121,-8.61E-07,86.59541668,0,0,1,0,53211.18424,-,-,0,0,#DIV/0!,0,-,-,0,0,#DIV/0!,0.5,332.810772,7.386611392,#DIV/0!,0.022194628,#DIV/0!,#DIV/0!,-,0,#DIV/0!,#DIV/0!,#DIV/0!,#DIV/0!,#DIV/0!,#DIV/0!,#DIV/0!,#DIV/0!,394.794,332.810772,0.842998556,0.165387213,2,0.5,0: Broadleaf,2,TRUE,1652234005,399.999,403.262,17.6915,17.1198,395.38,17.4851,500.086,100.56,0.099955,26.8582,26.2722,999.9,0,0,10002.5,0,3.32405,394.794,0.900046,0.099954,0,1.9022,0,2003.61,3812.51,39.5,43.25,41.562,42.125,39.937,355.33,39.46,0,1652234005,0,1.7895,-0.367369223,-223.7661537,2029.324,15,1652233242,9:40:42,1652233241,1652233242,1,-0.285,-0.028,4.62,0.189,403,17,0.4,0.09,-3.184315854,-0.044449129,0.030821718,1,1.797130303,-0.18277081,0.14372704,1,0.576974268,0.014423017,0.00400169,1,3,3,3月3日,100,100,4.619,0.2064,4.445291379,0.000676004,-7.65E-07,4.25E-10,0.065174227,-0.023951514,0.002092542,-1.49E-05,2,2268,1,30,12.7,12.7,18,505.25,452.821,24.9996,28.4472,30.0002,28.4357,28.3166,19.2928,25.0019,65.9563,25,403.238,17.1133,87.6608,101.294
368,1652234007,782.5,20220511 09:53:26,9:53:26,0,1652234007,0.001454474,1.454474349,7.502808964,400.038,253.008681,25.46836845,40.26863876,0.088018397,3.017514764,0.086616564,0.054259442,65.11263706,26.86266699,26.2641,3.427351483,50.17289963,1.780751646,3.549230081,1.646599837,-64.14231881,96.4693918,6.869195003,104.3089051,7.389535163,1.452223743,7.502808964,410.2786888,407.2263455,1.62E-05,66.83704872,1.454474349,17.11872449,17.69001319,-6.43E-07,86.59541668,0,0,1,0,53110.36486,-,-,0,0,#DIV/0!,0,-,-,0,0,#DIV/0!,0.5,331.884585,7.502808964,#DIV/0!,0.022606681,#DIV/0!,#DIV/0!,-,0,#DIV/0!,#DIV/0!,#DIV/0!,#DIV/0!,#DIV/0!,#DIV/0!,#DIV/0!,#DIV/0!,393.695,331.884585,0.842999238,0.165388529,2,0.5,0: Broadleaf,2,TRUE,1652234007,400.038,403.225,17.6904,17.12,395.418,17.484,500.187,100.562,0.100034,26.8571,26.2641,999.9,0,0,9982.5,0,3.32815,393.695,0.900034,0.0999661,0,1.6712,0,1998.26,3801.89,39.5,43.187,41.562,42.125,39.937,354.34,39.36,0,1652234007,0,1.774892308,-0.081784607,-216.6905979,2023.557692,15,1652233242,9:40:42,1652233241,1652233242,1,-0.285,-0.028,4.62,0.189,403,17,0.4,0.09,-3.194300244,-0.105056446,0.035839979,1,1.782324242,-0.120776032,0.125682491,1,0.577041659,-0.006548592,0.003900106,1,3,3,3月3日,100,100,4.62,0.2064,4.445291379,0.000676004,-7.65E-07,4.25E-10,0.065174227,-0.023951514,0.002092542,-1.49E-05,2,2268,1,30,12.8,12.7,18,505.206,452.844,24.9997,28.4484,30.0002,28.436,28.3174,19.2916,25.0019,65.9563,25,403.132,17.111,87.6613,101.294
369,1652234009,784.5,20220511 09:53:28,9:53:28,0,1652234009,0.001452549,1.452549183,7.408029771,400.053,254.5820427,25.62626329,40.26938979,0.087909017,3.016860375,0.086510338,0.054192773,64.70266017,26.85880269,26.2628,3.427088363,50.17671966,1.780677824,3.548812747,1.646410539,-64.05741898,96.3346196,6.860972952,103.8408337,7.234707497,1.44952357,7.408029771,410.2699239,407.2557152,3.51E-05,66.83704872,1.452549183,17.11968128,17.69027363,-5.71E-07,86.59541668,0,0,1,0,53090.51778,-,-,0,0,#DIV/0!,0,-,-,0,0,#DIV/0!,0.5,329.792529,7.408029771,#DIV/0!,0.022462697,#DIV/0!,#DIV/0!,-,0,#DIV/0!,#DIV/0!,#DIV/0!,#DIV/0!,#DIV/0!,#DIV/0!,#DIV/0!,#DIV/0!,391.213,329.792529,0.842999923,0.165389852,2,0.5,0: Broadleaf,2,TRUE,1652234009,400.053,403.178,17.69,17.1206,395.434,17.4836,500.134,100.56,0.100137,26.8551,26.2628,999.9,0,0,9978.75,0,3.33773,391.213,0.900006,0.0999944,0,1.7104,0,1985.97,3777.89,39.5,43.187,41.562,42.125,39.937,352.09,39.12,0,1652234009,0,1.784108,0.028876935,-228.3115387,2015.4512,15,1652233242,9:40:42,1652233241,1652233242,1,-0.285,-0.028,4.62,0.189,403,17,0.4,0.09,-3.197350732,0.00315324,0.033667656,1,1.793108571,-0.057700978,0.129852328,1,0.576991805,-0.029189666,0.003974945,1,3,3,3月3日,100,100,4.619,0.2064,4.445291379,0.000676004,-7.65E-07,4.25E-10,0.065174227,-0.023951514,0.002092542,-1.49E-05,2,2268,1,30,12.8,12.8,18,505.092,452.953,24.9997,28.4487,30.0003,28.4372,28.3186,19.2913,25.0019,65.9563,25,403.164,17.1135,87.6614,101.294
370,1652234011,786.5,20220511 09:53:30,9:53:30,0,1652234011,0.001452435,1.452435367,7.27216656,400.032,256.9236565,25.86197303,40.26727992,0.087838389,3.015926889,0.086441513,0.054149599,64.34334222,26.85477004,26.2682,3.428181439,50.180356,1.780597472,3.548395457,1.647583967,-64.05239967,95.10161104,6.775369414,102.167923,7.17981115,1.449264922,7.27216656,410.2026062,407.2438848,-4.67E-06,66.83704872,1.452435367,17.11992346,17.69047033,-3.15E-07,86.59541668,0,0,1,0,53062.12466,-,-,0,0,#DIV/0!,0,-,-,0,0,#DIV/0!,0.5,327.959214,7.27216656,#DIV/0!,0.022173997,#DIV/0!,#DIV/0!,-,0,#DIV/0!,#DIV/0!,#DIV/0!,#DIV/0!,#DIV/0!,#DIV/0!,#DIV/0!,#DIV/0!,389.038,327.959214,0.843000463,0.165390893,2,0.5,0: Broadleaf,2,TRUE,1652234011,400.032,403.135,17.6892,17.1199,395.412,17.4828,500.133,100.56,0.100147,26.8531,26.2682,999.9,0,0,9973.12,0,3.33773,389.038,0.899978,0.100022,0,1.7986,0,1975.34,3756.86,39.5,43.187,41.562,42.125,39.937,350.13,38.91,0,1652234011,0,1.787664,0.184907703,-227.1823077,2006.3252,15,1652233242,9:40:42,1652233241,1652233242,1,-0.285,-0.028,4.62,0.189,403,17,0.4,0.09,-3.188755366,0.122787805,0.040756216,1,1.797042424,-0.02736787,0.120148461,1,0.57640922,-0.043145582,0.004478343,1,3,3,3月3日,100,100,4.62,0.2064,4.445291379,0.000676004,-7.65E-07,4.25E-10,0.065174227,-0.023951514,0.002092542,-1.49E-05,2,2268,1,30,12.8,12.8,18,505.131,452.924,24.9997,28.449,30.0003,28.4381,28.319,19.2931,25.0019,65.9563,25,403.17,17.1135,87.6613,101.294
371,1652234013,788.5,20220511 09:53:32,9:53:32,0,1652234013,0.001446244,1.446244293,7.241495226,400.012,256.769946,25.84647253,40.26522312,0.087376923,3.019551893,0.085996192,0.053869856,64.15662522,26.85326305,26.2751,3.429578592,50.18450068,1.780535148,3.547978208,1.649043443,-63.77937331,93.76708705,6.672437041,100.816776,7.200519194,1.450224896,7.241495226,410.1583078,407.2126303,-3.47E-05,66.83704872,1.446244293,17.12059708,17.68863297,9.25E-08,86.59541668,0,0,1,0,53174.17385,-,-,0,0,#DIV/0!,0,-,-,0,0,#DIV/0!,0.5,327.006714,7.241495226,#DIV/0!,0.022144791,#DIV/0!,#DIV/0!,-,0,#DIV/0!,#DIV/0!,#DIV/0!,#DIV/0!,#DIV/0!,#DIV/0!,#DIV/0!,#DIV/0!,387.908,327.006714,0.843000696,0.165391343,2,0.5,0: Broadleaf,2,TRUE,1652234013,400.012,403.123,17.6886,17.119,395.393,17.4823,500.201,100.56,0.100038,26.8511,26.2751,999.9,0,0,9995,0,3.33773,387.908,0.899969,0.100031,0,1.7136,0,1970.7,3745.94,39.437,43.187,41.562,42.125,39.937,349.11,38.8,0,1652234013,0,1.784915385,0.031931631,-227.8085467,2000.488462,15,1652233242,9:40:42,1652233241,1652233242,1,-0.285,-0.028,4.62,0.189,403,17,0.4,0.09,-3.177363659,0.188245714,0.045736807,1,1.78549697,0.216812733,0.113154214,1,0.57530439,-0.045399596,0.004631409,1,3,3,3月3日,100,100,4.619,0.2063,4.445291379,0.000676004,-7.65E-07,4.25E-10,0.065174227,-0.023951514,0.002092542,-1.49E-05,2,2268,1,30,12.9,12.8,18,505.193,452.98,24.9998,28.4502,30.0002,28.4381,28.3198,19.2934,25.0019,65.9563,25,403.185,17.1135,87.6608,101.294
372,1652234015,790.5,20220511 09:53:34,9:53:34,0,1652234015,0.001445931,1.445931356,7.230417924,400.007,256.9380794,25.86338758,40.26470542,0.087356485,3.020792718,0.085976952,0.053857726,63.88110183,26.85006215,26.2753,3.429619096,50.19035049,1.780564709,3.547623581,1.649054387,-63.76557281,93.49619051,6.650377274,100.2620968,7.293145773,1.452217678,7.230417924,410.1456776,407.2038061,-1.68E-05,66.83704872,1.445931356,17.12009059,17.68812308,-2.30E-07,86.59541668,0,0,1,0,53212.74589,-,-,0,0,#DIV/0!,0,-,-,0,0,#DIV/0!,0.5,325.606071,7.230417924,#DIV/0!,0.022206029,#DIV/0!,#DIV/0!,-,0,#DIV/0!,#DIV/0!,#DIV/0!,#DIV/0!,#DIV/0!,#DIV/0!,#DIV/0!,#DIV/0!,386.247,325.606071,0.842999612,0.16538925,2,0.5,0: Broadleaf,2,TRUE,1652234015,400.007,403.156,17.6889,17.1184,395.388,17.4826,500.098,100.56,0.100002,26.8494,26.2753,999.9,0,0,10002.5,0,3.33773,386.247,0.900011,0.0999888,0,1.6315,0,1962.21,3729.95,39.437,43.187,41.562,42.125,39.937,347.63,38.62,0,1652234015,0,1.773092,-0.163423066,-240.2753849,1992.238,15,1652233242,9:40:42,1652233241,1652233242,1,-0.285,-0.028,4.62,0.189,403,17,0.4,0.09,-3.171815854,0.256036725,0.048235211,1,1.781265714,-0.037244618,0.111894708,1,0.574183732,-0.043240683,0.004476579,1,3,3,3月3日,100,100,4.619,0.2063,4.445291379,0.000676004,-7.65E-07,4.25E-10,0.065174227,-0.023951514,0.002092542,-1.49E-05,2,2268,1,30,12.9,12.9,18,505.092,453.073,24.9998,28.4511,30.0001,28.439,28.3211,19.2926,25.0019,65.9563,25,403.16,17.1133,87.6608,101.294
373,1652234017,792.5,20220511 09:53:36,9:53:36,0,1652234017,0.001447721,1.447721284,7.284685538,400.011,256.2144449,25.79018079,40.26453704,0.087527836,3.025417279,0.086145013,0.053963054,63.56281722,26.84588779,26.2685,3.428242175,50.19070585,1.780378405,3.54722727,1.64786377,-63.84450863,94.43854557,6.706846822,100.863701,7.33748902,1.449832131,7.284685538,410.1720543,407.2083333,2.18E-06,66.83704872,1.447721284,17.11919617,17.68786813,-2.06E-07,86.59541668,0,0,1,0,53355.86598,-,-,0,0,#DIV/0!,0,-,-,0,0,#DIV/0!,0.5,323.980314,7.284685538,#DIV/0!,0.022484964,#DIV/0!,#DIV/0!,-,0,#DIV/0!,#DIV/0!,#DIV/0!,#DIV/0!,#DIV/0!,#DIV/0!,#DIV/0!,#DIV/0!,384.318,323.980314,0.843000624,0.165391205,2,0.5,0: Broadleaf,2,TRUE,1652234017,400.011,403.177,17.6873,17.1178,395.391,17.481,500.154,100.559,0.0995745,26.8475,26.2685,999.9,0,0,10030.6,0,3.33773,384.318,0.899989,0.100011,0,1.8126,0,1953.14,3711.3,39.437,43.187,41.562,42.125,39.937,345.88,38.44,0,1652234017,0,1.777556,-0.128138448,-244.8784616,1983.1512,15,1652233242,9:40:42,1652233241,1652233242,1,-0.285,-0.028,4.62,0.189,403,17,0.4,0.09,-3.168066829,0.218723833,0.047486529,1,1.774687879,-0.106969661,0.118105433,1,0.573178341,-0.037770564,0.004099307,1,3,3,3月3日,100,100,4.62,0.2063,4.445291379,0.000676004,-7.65E-07,4.25E-10,0.065174227,-0.023951514,0.002092542,-1.49E-05,2,2268,1,30,12.9,12.9,18,505.102,453.077,24.9998,28.4511,30.0001,28.4402,28.3215,19.2926,25.0019,65.9563,25,403.131,17.1133,87.6609,101.294
374,1652234019,794.5,20220511 09:53:38,9:53:38,0,1652234019,0.001445785,1.445785031,7.374783907,399.985,254.4621854,25.61384403,40.2619878,0.087471972,3.02449338,0.086090483,0.053928856,63.42571722,26.84499128,26.2623,3.426987167,50.18943966,1.780270682,3.547102127,1.646716486,-63.75911986,95.32282237,6.771483973,101.7609037,7.370381746,1.44797607,7.374783907,410.2015346,407.2010667,-8.49E-06,66.83704872,1.445785031,17.11863426,17.68657363,-3.92E-08,86.59541668,0,0,1,0,53327.42165,-,-,0,0,#DIV/0!,0,-,-,0,0,#DIV/0!,0.5,323.280714,7.374783907,#DIV/0!,0.022812323,#DIV/0!,#DIV/0!,-,0,#DIV/0!,#DIV/0!,#DIV/0!,#DIV/0!,#DIV/0!,#DIV/0!,#DIV/0!,#DIV/0!,383.488,323.280714,0.843000861,0.165391661,2,0.5,0: Broadleaf,2,TRUE,1652234019,399.985,403.164,17.6862,17.1174,395.366,17.4799,500.129,100.559,0.0997442,26.8469,26.2623,999.9,0,0,10025,0,3.33773,383.488,0.89998,0.10002,0,1.5871,0,1950.31,3703.27,39.437,43.187,41.5,42.125,39.937,345.13,38.36,0,1652234019,0,1.744380769,-0.75295384,-244.4468373,1977.282692,15,1652233242,9:40:42,1652233241,1652233242,1,-0.285,-0.028,4.62,0.189,403,17,0.4,0.09,-3.163388293,0.151382509,0.045035744,1,1.767639394,-0.021262044,0.114267387,1,0.572108659,-0.029706167,0.003429256,1,3,3,3月3日,100,100,4.619,0.2063,4.445291379,0.000676004,-7.65E-07,4.25E-10,0.065174227,-0.023951514,0.002092542,-1.49E-05,2,2268,1,30,13,12.9,18,505.136,453.028,24.9999,28.452,30.0001,28.4405,28.3217,19.2945,25.0019,65.9563,25,403.206,17.1133,87.6608,101.293
375,1652234021,796.5,20220511 09:53:40,9:53:40,0,1652234021,0.001443896,1.443895517,7.314811772,400.014,255.360193,25.70411296,40.26471362,0.087326111,3.018070236,0.085946305,0.053838595,63.01986679,26.84203739,26.2648,3.42749317,50.19017471,1.780181609,3.546872708,1.647311561,-63.67579228,94.5346277,6.72983189,100.6085341,7.278048914,1.446097501,7.314811772,410.1846869,407.2083394,7.06E-06,66.83704872,1.443895517,17.11782136,17.68505824,-2.49E-07,86.59541668,0,0,1,0,53129.39692,-,-,0,0,#DIV/0!,0,-,-,0,0,#DIV/0!,0.5,321.210486,7.314811772,#DIV/0!,0.022772643,#DIV/0!,#DIV/0!,-,0,#DIV/0!,#DIV/0!,#DIV/0!,#DIV/0!,#DIV/0!,#DIV/0!,#DIV/0!,#DIV/0!,381.032,321.210486,0.843001338,0.165392583,2,0.5,0: Broadleaf,2,TRUE,1652234021,400.014,403.156,17.6854,17.1173,395.395,17.4792,500.096,100.558,0.100261,26.8458,26.2648,999.9,0,0,9986.25,0,3.33773,381.032,0.89995,0.10005,0,1.8467,0,1937.35,3679.52,39.437,43.187,41.5,42.125,39.937,342.91,38.12,0,1652234021,0,1.761076,-0.47626923,-239.6546158,1968.4696,15,1652233242,9:40:42,1652233241,1652233242,1,-0.285,-0.028,4.62,0.189,403,17,0.4,0.09,-3.163665854,0.14108007,0.044979302,1,1.763797143,-0.313848141,0.147185324,1,0.571052732,-0.021513951,0.002588205,1,3,3,3月3日,100,100,4.619,0.2062,4.445291379,0.000676004,-7.65E-07,4.25E-10,0.065174227,-0.023951514,0.002092542,-1.49E-05,2,2268,1,30,13,13,18,505.049,453.004,24.9998,28.4532,30.0001,28.4414,28.3229,19.2929,25.0019,65.9563,25,403.14,17.1133,87.6611,101.293
376,1652234023,798.5,20220511 09:53:42,9:53:42,0,1652234023,0.001443863,1.443863488,7.181041878,400.066,257.8129264,25.95094773,40.26986543,0.087293931,3.019932701,0.08591597,0.053819474,62.69714934,26.83729749,26.2668,3.42789802,50.1949413,1.78004711,3.546267939,1.647850909,-63.67437984,93.79519343,6.673044093,99.49100703,7.255773466,1.442805923,7.181041878,410.1737699,407.2521697,5.10E-05,66.83704872,1.443863488,17.11744955,17.68456703,-3.39E-07,86.59541668,0,0,1,0,53187.32826,-,-,0,0,#DIV/0!,0,-,-,0,0,#DIV/0!,0.5,319.569558,7.181041878,#DIV/0!,0.022470982,#DIV/0!,#DIV/0!,-,0,#DIV/0!,#DIV/0!,#DIV/0!,#DIV/0!,#DIV/0!,#DIV/0!,#DIV/0!,#DIV/0!,379.086,319.569558,0.843000158,0.165390305,2,0.5,0: Broadleaf,2,TRUE,1652234023,400.066,403.198,17.6841,17.1174,395.447,17.478,500.191,100.558,0.100055,26.8429,26.2668,999.9,0,0,9997.5,0,3.33773,379.086,0.899988,0.100012,0,1.741,0,1928.22,3660.76,39.437,43.187,41.5,42.125,39.937,341.17,37.91,0,1652234023,0,1.754148,0.009453843,-237.8892308,1959.0668,15,1652233242,9:40:42,1652233241,1652233242,1,-0.285,-0.028,4.62,0.189,403,17,0.4,0.09,-3.162585122,0.196994216,0.04533705,1,1.7603,-0.237866053,0.148792446,1,0.570113049,-0.015038885,0.001772155,1,3,3,3月3日,100,100,4.619,0.2061,4.445291379,0.000676004,-7.65E-07,4.25E-10,0.065174227,-0.023951514,0.002092542,-1.49E-05,2,2268,1,30,13,13,18,505.09,453.046,24.9998,28.4535,30.0002,28.4426,28.3239,19.2899,25.0019,65.9563,25,403.06,17.1133,87.6615,101.293
377,1652234025,800.5,20220511 09:53:44,9:53:44,0,1652234025,0.001442953,1.442953135,7.249047297,400.058,256.4404518,25.81272925,40.26895431,0.087215062,3.024674948,0.085841688,0.053772646,62.55762639,26.83503678,26.2685,3.428242175,50.19897562,1.780012234,3.545913461,1.648229941,-63.63423325,93.38805616,6.633661362,98.94511067,7.215023172,1.441556493,7.249047297,410.2089937,407.2594364,1.75E-05,66.83704872,1.442953135,17.1174076,17.68425824,-3.23E-07,86.59541668,0,0,1,0,53334.02363,-,-,0,0,#DIV/0!,0,-,-,0,0,#DIV/0!,0.5,318.857343,7.249047297,#DIV/0!,0.022734453,#DIV/0!,#DIV/0!,-,0,#DIV/0!,#DIV/0!,#DIV/0!,#DIV/0!,#DIV/0!,#DIV/0!,#DIV/0!,#DIV/0!,378.241,318.857343,0.843000476,0.165390918,2,0.5,0: Broadleaf,2,TRUE,1652234025,400.058,403.174,17.6838,17.1175,395.439,17.4776,500.111,100.558,0.0997904,26.8412,26.2685,999.9,0,0,10026.2,0,3.33773,378.241,0.899981,0.100019,0,1.8909,0,1924.61,3652.6,39.437,43.187,41.5,42.125,39.937,340.41,37.83,0,1652234025,0,1.744434615,-0.092051285,-236.4731622,1953.225385,15,1652233242,9:40:42,1652233241,1652233242,1,-0.285,-0.028,4.62,0.189,403,17,0.4,0.09,-3.156350732,0.19423338,0.044652413,1,1.754172727,-0.255127866,0.155135142,1,0.569406854,-0.011685115,0.001318572,1,3,3,3月3日,100,100,4.619,0.2062,4.445291379,0.000676004,-7.65E-07,4.25E-10,0.065174227,-0.023951514,0.002092542,-1.49E-05,2,2268,1,30,13.1,13,18,505.047,453.03,24.9999,28.4535,30.0003,28.4429,28.324,19.2909,25.0019,65.9563,25,403.046,17.1133,87.661,101.293
378,1652234027,802.5,20220511 09:53:46,9:53:46,0,1652234027,0.001440354,1.44035371,7.280861002,400.015,255.620213,25.7302759,40.26479827,0.087086825,3.019105187,0.08571497,0.053693312,62.23441278,26.83323007,26.2656,3.427655105,50.19897432,1.779949388,3.545788359,1.647705717,-63.51959863,93.59044933,6.660185893,98.96544937,7.189022842,1.440469877,7.280861002,410.2031691,407.2412606,-2.10E-05,66.83704872,1.44035371,17.11729778,17.68305275,-8.11E-08,86.59541668,0,0,1,0,53162.2195,-,-,0,0,#DIV/0!,0,-,-,0,0,#DIV/0!,0.5,317.213886,7.280861002,#DIV/0!,0.022952529,#DIV/0!,#DIV/0!,-,0,#DIV/0!,#DIV/0!,#DIV/0!,#DIV/0!,#DIV/0!,#DIV/0!,#DIV/0!,#DIV/0!,376.292,317.213886,0.842999282,0.165388615,2,0.5,0: Broadleaf,2,TRUE,1652234027,400.015,403.12,17.6831,17.1173,395.396,17.477,500.176,100.558,0.100221,26.8406,26.2656,999.9,0,0,9992.5,0,3.33773,376.292,0.900022,0.0999783,0,1.8723,0,1915.24,3633.82,39.437,43.187,41.5,42.125,39.875,338.67,37.62,0,1652234027,0,1.726128,0.19063846,-240.705385,1944.5068,15,1652233242,9:40:42,1652233241,1652233242,1,-0.285,-0.028,4.62,0.189,403,17,0.4,0.09,-3.143606585,0.078867178,0.033165107,1,1.749825714,-0.328039139,0.151386756,1,0.568878488,-0.011877261,0.001328089,1,3,3,3月3日,100,100,4.619,0.2061,4.445291379,0.000676004,-7.65E-07,4.25E-10,0.065174227,-0.023951514,0.002092542,-1.49E-05,2,2268,1,30,13.1,13.1,18,505.049,453.006,24.9998,28.4544,30.0003,28.4432,28.3253,19.2943,25.0019,65.9563,25,403.239,17.1133,87.6607,101.292
379,1652234029,804.5,20220511 09:53:48,9:53:48,0,1652234029,0.001438255,1.438255089,7.267988465,399.978,255.8270036,25.75135968,40.2614939,0.08708399,3.016222211,0.085710934,0.053690894,61.91816244,26.82973952,26.254,3.425307704,50.20372114,1.779887428,3.545329683,1.645420277,-63.4270494,95.02961818,6.768597908,100.2893291,7.187665882,1.437937181,7.267988465,410.1642053,407.2076485,-3.69E-05,66.83704872,1.438255089,17.11729837,17.68222418,-1.28E-07,86.59541668,0,0,1,0,53073.79874,-,-,0,0,#DIV/0!,0,-,-,0,0,#DIV/0!,0.5,315.599028,7.267988465,#DIV/0!,0.023029185,#DIV/0!,#DIV/0!,-,0,#DIV/0!,#DIV/0!,#DIV/0!,#DIV/0!,#DIV/0!,#DIV/0!,#DIV/0!,#DIV/0!,374.376,315.599028,0.84300016,0.165390309,2,0.5,0: Broadleaf,2,TRUE,1652234029,399.978,403.082,17.6823,17.1175,395.359,17.4762,500.181,100.559,0.100271,26.8384,26.254,999.9,0,0,9975,0,3.33773,374.376,0.899999,0.100001,0,1.6751,0,1905.94,3615.29,39.437,43.187,41.5,42.125,39.875,336.94,37.44,0,1652234029,0,1.739428,0.260476923,-241.9253847,1935.1496,15,1652233242,9:40:42,1652233241,1652233242,1,-0.285,-0.028,4.62,0.189,403,17,0.4,0.09,-3.133694878,0.010629826,0.024857156,1,1.753739394,0.067509761,0.154057647,1,0.568400707,-0.014771017,0.001604551,1,3,3,3月3日,100,100,4.619,0.2061,4.445291379,0.000676004,-7.65E-07,4.25E-10,0.065174227,-0.023951514,0.002092542,-1.49E-05,2,2268,1,30,13.1,13.1,18,504.997,452.981,24.9998,28.4557,30.0002,28.4445,28.3263,19.298,25.0019,65.9563,25,403.31,17.1133,87.6607,101.293
380,1652234031,806.5,20220511 09:53:50,9:53:50,0,1652234031,0.001436166,1.436166472,7.248031913,399.979,256.0102356,25.76944778,40.2610385,0.086959482,3.021371628,0.08559261,0.0536164,61.73662212,26.82634078,26.2526,3.425024492,50.20818213,1.779742056,3.544725143,1.645282436,-63.33494141,94.94752432,6.751079307,100.1002843,7.216945665,1.430043164,7.248031913,410.1193834,407.1704303,-3.97E-05,66.83704872,1.436166472,17.11746869,17.68167582,-2.72E-07,86.59541668,0,0,1,0,53233.03195,-,-,0,0,#DIV/0!,0,-,-,0,0,#DIV/0!,0.5,314.673444,7.248031913,#DIV/0!,0.023033504,#DIV/0!,#DIV/0!,-,0,#DIV/0!,#DIV/0!,#DIV/0!,#DIV/0!,#DIV/0!,#DIV/0!,#DIV/0!,#DIV/0!,373.278,314.673444,0.843000241,0.165390465,2,0.5,0: Broadleaf,2,TRUE,1652234031,399.979,403.094,17.6811,17.1193,395.36,17.475,500.092,100.558,0.0998808,26.8355,26.2526,999.9,0,0,10006.2,0,3.33773,373.278,0.899986,0.100014,0,1.5444,0,1901.02,3604.68,39.375,43.187,41.5,42.125,39.875,335.94,37.33,0,1652234031,0,1.735873077,0.174512818,-243.3217092,1929.261538,15,1652233242,9:40:42,1652233241,1652233242,1,-0.285,-0.028,4.62,0.189,403,17,0.4,0.09,-3.131084634,0.070960348,0.026154641,1,1.744821212,0.147899268,0.153846062,1,0.567862902,-0.01831961,0.001920226,1,3,3,3月3日,100,100,4.619,0.2061,4.445291379,0.000676004,-7.65E-07,4.25E-10,0.065174227,-0.023951514,0.002092542,-1.49E-05,2,2268,1,30,13.2,13.1,18,504.85,452.931,24.9998,28.456,30.0003,28.4454,28.3265,19.2963,25.0019,65.9563,25,403.254,17.1133,87.6607,101.293
381,1652234033,808.5,20220511 09:53:52,9:53:52,0,1652234033,0.001432836,1.432836016,7.182094189,399.998,257.001903,25.86949978,40.26331344,0.08679629,3.022528442,0.085435013,0.05351741,61.36667766,26.82366618,26.2485,3.424195203,50.21049586,1.77967755,3.544433329,1.644517653,-63.18806831,95.42384407,6.782163653,100.3846171,7.532107358,1.425611234,7.182094189,410.1026008,407.1805636,1.18E-06,66.83704872,1.432836016,17.11749087,17.68032967,-1.17E-07,86.59541668,0,0,1,0,53269.00905,-,-,0,0,#DIV/0!,0,-,-,0,0,#DIV/0!,0.5,312.789942,7.182094189,#DIV/0!,0.022961397,#DIV/0!,#DIV/0!,-,0,#DIV/0!,#DIV/0!,#DIV/0!,#DIV/0!,#DIV/0!,#DIV/0!,#DIV/0!,#DIV/0!,371.044,312.789942,0.842999596,0.16538922,2,0.5,0: Broadleaf,2,TRUE,1652234033,399.998,403.238,17.6803,17.1203,395.379,17.4743,500.145,100.559,0.0997869,26.8341,26.2485,999.9,0,0,10013.1,0,3.33773,371.044,0.900023,0.0999774,0,1.8004,0,1890.08,3583.14,39.375,43.187,41.5,42.062,39.875,333.95,37.1,0,1652234033,0,1.724516,0.014138465,-243.7576928,1920.7108,15,1652233242,9:40:42,1652233241,1652233242,1,-0.285,-0.028,4.62,0.189,403,17,0.4,0.09,-3.134152439,0.116024948,0.02637105,1,1.727834286,-0.103801174,0.174044879,1,0.567096049,-0.024418474,0.002538183,1,3,3,3月3日,100,100,4.619,0.206,4.445291379,0.000676004,-7.65E-07,4.25E-10,0.065174227,-0.023951514,0.002092542,-1.49E-05,2,2268,1,30,13.2,13.2,18,504.945,452.841,24.9998,28.4563,30.0003,28.4457,28.3276,19.2917,25.0019,65.9563,25,403.154,17.1133,87.6609,101.292
382,1652234035,810.5,20220511 09:53:54,9:53:54,0,1652234035,0.001428336,1.428335506,7.386366036,400.028,252.93805,25.46071472,40.266772,0.086581929,3.022544894,0.085227318,0.053387015,60.95780061,26.82166094,26.2427,3.423022362,50.21198518,1.779646614,3.544266587,1.643375749,-62.98959583,96.23912064,6.839845518,101.0471709,7.506478723,1.42604837,7.386366036,410.2241434,407.2186606,3.64E-05,66.83704872,1.428335506,17.11876673,17.67986703,-2.69E-07,86.59541668,0,0,1,0,53269.68091,-,-,0,0,#DIV/0!,0,-,-,0,0,#DIV/0!,0.5,310.703757,7.386366036,#DIV/0!,0.023773018,#DIV/0!,#DIV/0!,-,0,#DIV/0!,#DIV/0!,#DIV/0!,#DIV/0!,#DIV/0!,#DIV/0!,#DIV/0!,#DIV/0!,368.569,310.703757,0.843000244,0.165390471,2,0.5,0: Broadleaf,2,TRUE,1652234035,400.028,403.258,17.6798,17.1196,395.408,17.4738,500.12,100.56,0.0998838,26.8333,26.2427,999.9,0,0,10013.1,0,3.33773,368.569,0.899991,0.100009,0,1.7643,0,1878.15,3559.21,39.375,43.187,41.5,42.125,39.937,331.71,36.86,0,1652234035,0,1.728428,-0.494038448,-242.3153847,1910.9004,15,1652233242,9:40:42,1652233241,1652233242,1,-0.285,-0.028,4.62,0.189,403,17,0.4,0.09,-3.145919512,-0.012903136,0.03981166,1,1.7367,0.111209414,0.182989541,1,0.566174976,-0.030561052,0.003119907,1,3,3,3月3日,100,100,4.62,0.206,4.445291379,0.000676004,-7.65E-07,4.25E-10,0.065174227,-0.023951514,0.002092542,-1.49E-05,2,2268,1,30,13.2,13.2,18,505.079,452.816,24.9999,28.4575,30.0002,28.4469,28.3287,19.2912,25.0019,65.9563,25,403.11,17.1133,87.661,101.292
383,1652234037,812.5,20220511 09:53:56,9:53:56,0,1652234037,0.001424989,1.424989425,7.526681366,400.034,250.0248404,25.16776421,40.26784448,0.086377608,3.021123369,0.085028706,0.05326238,60.81860844,26.82110379,26.2427,3.423022362,50.21377307,1.779647188,3.544141536,1.643375174,-62.84203364,96.09613381,6.832876265,100.9055849,7.195036257,1.425175156,7.526681366,410.286396,407.2242545,1.42E-05,66.83704872,1.424989425,17.12029953,17.68002857,-3.21E-07,86.59541668,0,0,1,0,53225.93343,-,-,0,0,#DIV/0!,0,-,-,0,0,#DIV/0!,0.5,309.993228,7.526681366,#DIV/0!,0.024280148,#DIV/0!,#DIV/0!,-,0,#DIV/0!,#DIV/0!,#DIV/0!,#DIV/0!,#DIV/0!,#DIV/0!,#DIV/0!,#DIV/0!,367.726,309.993228,0.843000571,0.165391102,2,0.5,0: Broadleaf,2,TRUE,1652234037,400.034,403.139,17.6796,17.1198,395.415,17.4736,500.171,100.561,0.100055,26.8327,26.2427,999.9,0,0,10004.4,0,3.33773,367.726,0.899985,0.100015,0,1.4588,0,1875.01,3551.06,39.375,43.187,41.5,42.125,39.875,330.95,36.78,0,1652234037,0,1.71275,-0.424406824,-244.9644442,1904.899615,15,1652233242,9:40:42,1652233241,1652233242,1,-0.285,-0.028,4.62,0.189,403,17,0.4,0.09,-3.152048537,-0.124518397,0.045059747,1,1.724133333,-0.124696091,0.198700542,1,0.565194659,-0.032901261,0.003323998,1,3,3,3月3日,100,100,4.619,0.206,4.445291379,0.000676004,-7.65E-07,4.25E-10,0.065174227,-0.023951514,0.002092542,-1.49E-05,2,2268,1,30,13.3,13.2,18,505.18,452.8,24.9998,28.4584,30.0001,28.4478,28.3288,19.2932,25.0019,65.9563,25,403.075,17.1133,87.6605,101.292
384,1652234039,814.5,20220511 09:53:58,9:53:58,0,1652234039,0.001423955,1.423954967,7.330922045,400.013,253.4611274,25.51336035,40.26525062,0.086269797,3.023783562,0.084925395,0.053197416,60.53920655,26.8188746,26.2462,3.423730069,50.21441197,1.779575644,3.543953965,1.644154425,-62.79641404,95.46346929,6.782007425,99.98826922,7.197812776,1.419123938,7.330922045,410.1918891,407.2096667,-1.54E-05,66.83704872,1.423954967,17.11979656,17.67909451,-6.02E-08,86.59541668,0,0,1,0,53308.20001,-,-,0,0,#DIV/0!,0,-,-,0,0,#DIV/0!,0.5,308.574672,7.330922045,#DIV/0!,0.023757368,#DIV/0!,#DIV/0!,-,0,#DIV/0!,#DIV/0!,#DIV/0!,#DIV/0!,#DIV/0!,#DIV/0!,#DIV/0!,#DIV/0!,366.044,308.574672,0.842998853,0.165387785,2,0.5,0: Broadleaf,2,TRUE,1652234039,400.013,403.118,17.6791,17.1217,395.394,17.4731,500.192,100.56,0.0998551,26.8318,26.2462,999.9,0,0,10020.6,0,3.31994,366.044,0.90003,0.0999705,0,1.6631,0,1866.62,3534.86,39.375,43.187,41.5,42.125,39.875,329.45,36.59,0,1652234039,0,1.725064,-0.203553835,-242.4600004,1896.2588,15,1652233242,9:40:42,1652233241,1652233242,1,-0.285,-0.028,4.62,0.189,403,17,0.4,0.09,-3.14690439,-0.101826481,0.046087301,1,1.722654286,0.054159687,0.204167707,1,0.564186317,-0.033679986,0.00339451,1,3,3,3月3日,100,100,4.619,0.206,4.445291379,0.000676004,-7.65E-07,4.25E-10,0.065174227,-0.023951514,0.002092542,-1.49E-05,2,2268,1,30,13.3,13.3,18,505.242,452.776,24.9998,28.4584,30.0001,28.4478,28.3301,19.2923,25.0019,65.9563,25,403.119,17.1133,87.6598,101.292
385,1652234041,816.5,20220511 09:54:00,9:54:00,0,1652234041,0.001421093,1.421093138,7.189421674,400.007,255.9359094,25.76249771,40.26468754,0.086170225,3.024311789,0.084829129,0.053136959,60.22119483,26.81577854,26.2388,3.422233925,50.21838073,1.779506989,3.543537173,1.642726936,-62.67020737,96.36059803,6.844224366,100.7558099,7.255319009,1.415001215,7.189421674,410.1368793,407.2115394,-5.50E-06,66.83704872,1.421093138,17.11977146,17.67806484,1.36E-08,86.59541668,0,0,1,0,53324.87427,-,-,0,0,#DIV/0!,0,-,-,0,0,#DIV/0!,0.5,306.950571,7.189421674,#DIV/0!,0.023422083,#DIV/0!,#DIV/0!,-,0,#DIV/0!,#DIV/0!,#DIV/0!,#DIV/0!,#DIV/0!,#DIV/0!,#DIV/0!,#DIV/0!,364.117,306.950571,0.842999835,0.165389682,2,0.5,0: Broadleaf,2,TRUE,1652234041,400.007,403.135,17.6784,17.1225,395.387,17.4724,500.085,100.56,0.0999573,26.8298,26.2388,999.9,0,0,10023.8,0,3.29258,364.117,0.900006,0.0999936,0,1.627,0,1857.94,3516.24,39.375,43.187,41.5,42.062,39.875,327.71,36.41,0,1652234041,0,1.722004,-0.394638453,-241.9253847,1886.8804,15,1652233242,9:40:42,1652233241,1652233242,1,-0.285,-0.028,4.62,0.189,403,17,0.4,0.09,-3.141019512,-0.084859024,0.046583873,1,1.727124242,-0.237373954,0.184316924,1,0.56305978,-0.035263338,0.003545847,1,3,3,3月3日,100,100,4.62,0.206,4.445291379,0.000676004,-7.65E-07,4.25E-10,0.065174227,-0.023951514,0.002092542,-1.49E-05,2,2268,1,30,13.3,13.3,18,505.172,452.802,24.9998,28.4593,30.0001,28.4487,28.3311,19.2937,25.0019,65.9563,25,403.087,17.1133,87.6598,101.292
386,1652234043,818.5,20220511 09:54:02,9:54:02,0,1652234043,0.001420323,1.420323054,7.216805794,400.027,255.5826683,25.72703957,40.26685583,0.086253466,3.016860375,0.084906537,0.05318585,60.03932373,26.8120974,26.2272,3.419889767,50.22712803,1.779523909,3.542953736,1.640365858,-62.6362467,97.55445692,6.945634298,101.9031683,7.297178229,1.414268765,7.216805794,410.15224,407.2162848,6.42E-06,66.83704872,1.420323054,17.12116813,17.67904835,-3.61E-07,86.59541668,0,0,1,0,53095.49346,-,-,0,0,#DIV/0!,0,-,-,0,0,#DIV/0!,0.5,306.023301,7.216805794,#DIV/0!,0.023582537,#DIV/0!,#DIV/0!,-,0,#DIV/0!,#DIV/0!,#DIV/0!,#DIV/0!,#DIV/0!,#DIV/0!,#DIV/0!,#DIV/0!,363.017,306.023301,0.842999917,0.165389841,2,0.5,0: Broadleaf,2,TRUE,1652234043,400.027,403.171,17.6785,17.123,395.407,17.4725,500.186,100.56,0.100345,26.827,26.2272,999.9,0,0,9978.75,0,3.28301,363.017,0.899993,0.100007,0,1.4069,0,1853.44,3505.6,39.375,43.125,41.5,42.062,39.875,326.71,36.3,0,1652234043,0,1.702688462,-0.244652985,-242.0437605,1880.960769,15,1652233242,9:40:42,1652233241,1652233242,1,-0.285,-0.028,4.62,0.189,403,17,0.4,0.09,-3.139152927,-0.06002216,0.046878988,1,1.725475758,-0.082435225,0.185383946,1,0.561913951,-0.037472718,0.003747321,1,3,3,3月3日,100,100,4.62,0.206,4.445291379,0.000676004,-7.65E-07,4.25E-10,0.065174227,-0.023951514,0.002092542,-1.49E-05,2,2268,1,30,13.4,13.3,18,505.213,452.752,24.9997,28.4605,30.0001,28.4499,28.3311,19.2894,25.0019,65.9563,25,403.057,17.1133,87.6596,101.292
387,1652234045,820.5,20220511 09:54:04,9:54:04,0,1652234045,0.001415924,1.41592441,7.146462638,400.066,256.3967415,25.80820219,40.26956098,0.085912026,3.013492636,0.084574182,0.052977328,59.66910639,26.80826942,26.233,3.421061671,50.23217183,1.779409578,3.542370383,1.641652093,-62.4422665,96.04837096,6.846149669,100.1213605,7.305906884,1.411224063,7.146462638,410.1787011,407.2711212,5.52E-05,66.83704872,1.41592441,17.1221777,17.67832418,-7.36E-08,86.59541668,0,0,1,0,52992.25548,-,-,0,0,#DIV/0!,0,-,-,0,0,#DIV/0!,0.5,304.138143,7.146462638,#DIV/0!,0.023497423,#DIV/0!,#DIV/0!,-,0,#DIV/0!,#DIV/0!,#DIV/0!,#DIV/0!,#DIV/0!,#DIV/0!,#DIV/0!,#DIV/0!,360.781,304.138143,0.842999335,0.165388716,2,0.5,0: Broadleaf,2,TRUE,1652234045,400.066,403.213,17.6779,17.1236,395.446,17.4719,500.19,100.557,0.100294,26.8242,26.233,999.9,0,0,9958.75,0,3.28301,360.781,0.900031,0.0999694,0,1.8141,0,1841.55,3484.04,39.375,43.125,41.437,42.062,39.875,324.71,36.07,0,1652234045,0,1.70578,0.453815389,-241.3661544,1872.35,15,1652233242,9:40:42,1652233241,1652233242,1,-0.285,-0.028,4.62,0.189,403,17,0.4,0.09,-3.139374146,-0.043181394,0.046834967,1,1.714868571,0.033583562,0.187825933,1,0.560767927,-0.037735401,0.003770473,1,3,3,3月3日,100,100,4.62,0.206,4.445291379,0.000676004,-7.65E-07,4.25E-10,0.065174227,-0.023951514,0.002092542,-1.49E-05,2,2268,1,30,13.4,13.4,18,505.184,452.807,24.9998,28.4608,30.0001,28.4502,28.3319,19.2884,25.0019,65.9563,25,403.12,17.1133,87.6598,101.292
388,1652234047,822.5,20220511 09:54:06,9:54:06,0,1652234047,0.001411435,1.411434775,7.210278813,400.086,254.7850037,25.64559426,40.27098564,0.085623688,3.021338726,0.084298128,0.052803717,59.31028461,26.80598637,26.2338,3.42122334,50.23727874,1.779443969,3.542078738,1.641779371,-62.24427356,95.94009748,6.820652926,99.82676145,7.074441318,1.410131215,7.210278813,410.2243867,407.2902485,3.82E-05,66.83704872,1.411434775,17.12321989,17.67773187,8.39E-08,86.59541668,0,0,1,0,53234.22801,-,-,0,0,#DIV/0!,0,-,-,0,0,#DIV/0!,0.5,302.307357,7.210278813,#DIV/0!,0.023850822,#DIV/0!,#DIV/0!,-,0,#DIV/0!,#DIV/0!,#DIV/0!,#DIV/0!,#DIV/0!,#DIV/0!,#DIV/0!,#DIV/0!,358.609,302.307357,0.842999916,0.165389839,2,0.5,0: Broadleaf,2,TRUE,1652234047,400.086,403.141,17.6785,17.1245,395.466,17.4725,500.073,100.556,0.0998231,26.8228,26.2338,999.9,0,0,10006.2,0,3.28301,358.609,0.900001,0.099999,0,1.8655,0,1831.51,3463.04,39.312,43.125,41.437,42.062,39.875,322.75,35.86,0,1652234047,0,1.732476,0.21964615,-235.2246155,1862.7892,15,1652233242,9:40:42,1652233241,1652233242,1,-0.285,-0.028,4.62,0.189,403,17,0.4,0.09,-3.139620244,0.010426829,0.046979682,1,1.726609091,-0.10098969,0.184632724,1,0.559557073,-0.036310432,0.003635567,1,3,3,3月3日,100,100,4.62,0.206,4.445291379,0.000676004,-7.65E-07,4.25E-10,0.065174227,-0.023951514,0.002092542,-1.49E-05,2,2268,1,30,13.4,13.4,18,505.005,452.934,24.9998,28.4617,30.0002,28.4511,28.3331,19.2877,25.0019,65.9563,25,403.056,17.1133,87.6606,101.292
389,1652234049,824.5,20220511 09:54:08,9:54:08,0,1652234049,0.001415108,1.415107884,7.215165187,400.064,255.146471,25.68222292,40.26915515,0.085923896,3.024460476,0.084590457,0.052987116,59.17048878,26.80447485,26.2276,3.419970577,50.24057688,1.779581723,3.5421204,1.640388854,-62.40625769,97.08277623,6.894558263,100.7415656,6.928728049,1.410219541,7.215165187,410.1905432,407.2554606,-2.45E-05,66.83704872,1.415107884,17.12350605,17.67932857,-3.28E-07,86.59541668,0,0,1,0,53330.61187,-,-,0,0,#DIV/0!,0,-,-,0,0,#DIV/0!,0.5,301.593486,7.215165187,#DIV/0!,0.023923478,#DIV/0!,#DIV/0!,-,0,#DIV/0!,#DIV/0!,#DIV/0!,#DIV/0!,#DIV/0!,#DIV/0!,#DIV/0!,#DIV/0!,357.762,301.593486,0.843000335,0.165390647,2,0.5,0: Broadleaf,2,TRUE,1652234049,400.064,403.06,17.6797,17.1258,395.445,17.4737,500.194,100.557,0.0997828,26.823,26.2276,999.9,0,0,10025,0,3.28301,357.762,0.899995,0.100005,0,1.5386,0,1828.03,3454.85,39.312,43.125,41.437,42.062,39.875,321.98,35.78,0,1652234049,0,1.732865385,0.322738462,-233.7757263,1856.897692,15,1652233242,9:40:42,1652233241,1652233242,1,-0.285,-0.028,4.62,0.189,403,17,0.4,0.09,-3.134702439,0.199581115,0.052493001,1,1.714593939,0.294418783,0.17721412,1,0.558399024,-0.034172843,0.003431746,1,3,3,3月3日,100,100,4.619,0.206,4.445291379,0.000676004,-7.65E-07,4.25E-10,0.065174227,-0.023951514,0.002092542,-1.49E-05,2,2268,1,30,13.5,13.4,18,505.093,452.904,24.9997,28.4629,30.0003,28.4524,28.3335,19.2893,25.0019,65.9563,25,403.046,17.1133,87.6607,101.291
390,1652234051,826.5,20220511 09:54:10,9:54:10,0,1652234051,0.001413326,1.413326475,7.119655671,399.997,256.7463741,25.84359784,40.26293123,0.085849169,3.019312102,0.084515797,0.052940446,58.89135977,26.80189524,26.2241,3.419263548,50.24138384,1.779463789,3.541828773,1.63979976,-62.32769755,97.25934956,6.918705919,100.7417177,7.056174734,1.407703785,7.119655671,410.1043375,407.2078424,-5.96E-05,66.83704872,1.413326475,17.12403704,17.67924396,1.95E-07,86.59541668,0,0,1,0,53171.96838,-,-,0,0,#DIV/0!,0,-,-,0,0,#DIV/0!,0.5,300.176586,7.119655671,#DIV/0!,0.023718225,#DIV/0!,#DIV/0!,-,0,#DIV/0!,#DIV/0!,#DIV/0!,#DIV/0!,#DIV/0!,#DIV/0!,#DIV/0!,#DIV/0!,356.082,300.176586,0.842998483,0.165387073,2,0.5,0: Broadleaf,2,TRUE,1652234051,399.997,403.044,17.6783,17.1253,395.378,17.4723,500.115,100.558,0.100083,26.8216,26.2241,999.9,0,0,9993.75,0,3.28301,356.082,0.900041,0.0999589,0,1.791,0,1819.31,3438.67,39.312,43.125,41.437,42.062,39.875,320.49,35.59,0,1652234051,0,1.741096,0.219899997,-233.9592312,1848.8368,15,1652233242,9:40:42,1652233241,1652233242,1,-0.285,-0.028,4.62,0.189,403,17,0.4,0.09,-3.126513415,0.44144216,0.062683589,1,1.723291429,0.250551076,0.18483217,1,0.557347488,-0.02929269,0.002963333,1,3,3,3月3日,100,100,4.619,0.206,4.445291379,0.000676004,-7.65E-07,4.25E-10,0.065174227,-0.023951514,0.002092542,-1.49E-05,2,2268,1,30,13.5,13.5,18,505.081,452.843,24.9997,28.4632,30.0002,28.4527,28.3343,19.2916,25.0019,65.5846,25,403.133,17.1133,87.6605,101.291
391,1652234053,828.5,20220511 09:54:12,9:54:12,0,1652234053,0.001405693,1.405693021,7.127589494,399.951,255.7602139,25.7447707,40.25898567,0.085334301,3.022445762,0.084018086,0.052627869,58.62120366,26.80029512,26.2278,3.420010982,50.2450217,1.779383328,3.541412199,1.640627654,-61.99106222,96.43149955,6.852761412,99.91440241,7.226543271,1.406107383,7.127589494,410.0681869,407.168303,-5.53E-05,66.83704872,1.405693021,17.12551536,17.67774945,4.04E-07,86.59541668,0,0,1,0,53269.05433,-,-,0,0,#DIV/0!,0,-,-,0,0,#DIV/0!,0.5,298.796142,7.127589494,#DIV/0!,0.023854356,#DIV/0!,#DIV/0!,-,0,#DIV/0!,#DIV/0!,#DIV/0!,#DIV/0!,#DIV/0!,#DIV/0!,#DIV/0!,#DIV/0!,354.444,298.796142,0.842999577,0.165389183,2,0.5,0: Broadleaf,2,TRUE,1652234053,399.951,403.066,17.6772,17.1248,395.332,17.4713,500.091,100.56,0.099795,26.8196,26.2278,999.9,0,0,10012.5,0,3.28301,354.444,0.900021,0.0999792,0,1.8542,0,1812.15,3422.84,39.312,43.125,41.437,42.062,39.875,319.01,35.44,0,1652234053,0,1.7463,0.437923078,-231.8230771,1839.5368,15,1652233242,9:40:42,1652233241,1652233242,1,-0.285,-0.028,4.62,0.189,403,17,0.4,0.09,-3.11994561,0.584183415,0.066635354,0,1.737984848,0.174749937,0.165677511,1,0.556457171,-0.025599115,0.002615334,1,2,3,2月3日,100,100,4.619,0.2059,4.445291379,0.000676004,-7.65E-07,4.25E-10,0.065174227,-0.023951514,0.002092542,-1.49E-05,2,2268,1,30,13.5,13.5,18,505.067,452.802,24.9997,28.4635,30.0003,28.453,28.3355,19.2927,25.0019,65.5846,25,403.223,17.1133,87.6612,101.291
392,1652234055,830.5,20220511 09:54:14,9:54:14,0,1652234055,0.001405897,1.405896737,7.166521567,399.966,254.9923741,25.6672093,40.2600708,0.085302901,3.02366805,0.08398817,0.052609041,58.34673078,26.79847918,26.232,3.420859593,50.24707225,1.779435016,3.541370544,1.641424577,-62.00004612,95.75324405,6.801947669,98.90187639,7.343547575,1.411221241,7.166521567,410.0740309,407.1586788,-1.79E-05,66.83704872,1.405896737,17.12520222,17.67741319,-2.94E-07,86.59541668,0,0,1,0,53306.81461,-,-,0,0,#DIV/0!,0,-,-,0,0,#DIV/0!,0.5,297.395286,7.166521567,#DIV/0!,0.02409763,#DIV/0!,#DIV/0!,-,0,#DIV/0!,#DIV/0!,#DIV/0!,#DIV/0!,#DIV/0!,#DIV/0!,#DIV/0!,#DIV/0!,352.782,297.395286,0.84300017,0.165390328,2,0.5,0: Broadleaf,2,TRUE,1652234055,399.966,403.128,17.6779,17.1236,395.346,17.472,500.189,100.559,0.099733,26.8194,26.232,999.9,0,0,10020,0,3.27891,352.782,0.9,0.0999997,0,1.5964,0,1804.3,3406.76,39.312,43.125,41.437,42.062,39.812,317.5,35.28,0,1652234055,0,1.762692308,0.383535044,-238.7111109,1833.533077,15,1652233242,9:40:42,1652233241,1652233242,1,-0.285,-0.028,4.62,0.189,403,17,0.4,0.09,-3.109466341,0.406839512,0.057814971,1,1.739457576,0.559008783,0.164835909,1,0.555716415,-0.024193902,0.002498787,1,3,3,3月3日,100,100,4.62,0.2059,4.445291379,0.000676004,-7.65E-07,4.25E-10,0.065174227,-0.023951514,0.002092542,-1.49E-05,2,2268,1,30,13.6,13.5,18,505.093,452.756,24.9998,28.4648,30.0003,28.4542,28.3359,19.2912,25.0019,65.5846,25,403.114,17.1133,87.6618,101.291
393,1652234057,832.5,20220511 09:54:16,9:54:16,0,1652234057,0.001405536,1.405536401,7.303001113,399.969,252.4870829,25.41485514,40.260096,0.085333343,3.021074017,0.08401657,0.05262697,58.11661509,26.79803468,26.2269,3.419829161,50.24322592,1.77938252,3.541537167,1.640446641,-61.98415529,96.6320421,6.870120409,99.63462231,7.414161991,1.417777201,7.303001113,410.1391218,407.1674606,6.46E-06,66.83704872,1.405536401,17.12498639,17.67717912,-2.25E-07,86.59541668,0,0,1,0,53226.56457,-,-,0,0,#DIV/0!,0,-,-,0,0,#DIV/0!,0.5,296.227944,7.303001113,#DIV/0!,0.024653316,#DIV/0!,#DIV/0!,-,0,#DIV/0!,#DIV/0!,#DIV/0!,#DIV/0!,#DIV/0!,#DIV/0!,#DIV/0!,#DIV/0!,351.398,296.227944,0.842998378,0.165386869,2,0.5,0: Broadleaf,2,TRUE,1652234057,399.969,403.161,17.6775,17.1205,395.349,17.4716,500.077,100.558,0.100041,26.8202,26.2269,999.9,0,0,10004.4,0,3.25155,351.398,0.900047,0.0999529,0,1.881,0,1798.12,3393.45,39.312,43.125,41.437,42.062,39.812,316.27,35.12,0,1652234057,0,1.77556,0.564923081,-229.6969236,1825.5692,15,1652233242,9:40:42,1652233241,1652233242,1,-0.285,-0.028,4.62,0.189,403,17,0.4,0.09,-3.102896585,0.087337213,0.046015542,1,1.759274286,0.318371037,0.143129117,1,0.555159829,-0.018243596,0.002092813,1,3,3,3月3日,100,100,4.62,0.2059,4.445291379,0.000676004,-7.65E-07,4.25E-10,0.065174227,-0.023951514,0.002092542,-1.49E-05,2,2268,1,30,13.6,13.6,18,505.054,452.828,24.9998,28.4657,30.0003,28.4551,28.3367,19.2931,25.0019,65.5846,25,403.187,17.1133,87.6615,101.29
394,1652234059,834.5,20220511 09:54:18,9:54:18,0,1652234059,0.001405823,1.405822709,7.397135029,399.958,250.7576937,25.24109015,40.25948631,0.085362903,3.017776908,0.084043809,0.052644198,57.70677066,26.79358834,26.2256,3.419566545,50.24663023,1.779293785,3.541120623,1.64027276,-61.99678148,96.41269472,6.861901337,98.98458524,7.462348126,1.420092996,7.397135029,410.1832861,407.1739152,7.90E-06,66.83704872,1.405822709,17.1243747,17.67656923,1.84E-08,86.59541668,0,0,1,0,53125.26942,-,-,0,0,#DIV/0!,0,-,-,0,0,#DIV/0!,0.5,294.134442,7.397135029,#DIV/0!,0.025148823,#DIV/0!,#DIV/0!,-,0,#DIV/0!,#DIV/0!,#DIV/0!,#DIV/0!,#DIV/0!,#DIV/0!,#DIV/0!,#DIV/0!,348.914,294.134442,0.842999828,0.165389668,2,0.5,0: Broadleaf,2,TRUE,1652234059,399.958,403.169,17.6764,17.1186,395.339,17.4705,500.176,100.559,0.100285,26.8182,26.2256,999.9,0,0,9984.38,0,3.22829,348.914,0.900016,0.0999838,0,1.6778,0,1785.44,3369.43,39.312,43.125,41.437,42.062,39.812,314.03,34.89,0,1652234059,0,1.793848,0.299792311,-226.973077,1816.3656,15,1652233242,9:40:42,1652233241,1652233242,1,-0.285,-0.028,4.62,0.189,403,17,0.4,0.09,-3.10832122,-0.111808432,0.051570142,1,1.766784848,0.460407842,0.131209204,1,0.554880537,-0.007073164,0.001601569,1,3,3,3月3日,100,100,4.619,0.2059,4.445291379,0.000676004,-7.65E-07,4.25E-10,0.065174227,-0.023951514,0.002092542,-1.49E-05,2,2268,1,30,13.6,13.6,18,505.164,452.754,24.9998,28.4657,30.0003,28.4554,28.3379,19.2931,25.0019,65.5846,25,403.266,17.1133,87.6617,101.29
395,1652234061,836.5,20220511 09:54:20,9:54:20,0,1652234061,0.001413298,1.413297677,7.441259441,399.982,250.6701152,25.2320422,40.26153135,0.085811419,3.014546764,0.08447714,0.052916364,57.52357644,26.78721858,26.226,3.419647348,50.25195124,1.779126412,3.540412597,1.640520936,-62.32642756,95.69192035,6.817797428,97.70686665,7.387342677,1.415372498,7.441259441,410.1884484,407.1614424,-3.77E-06,66.83704872,1.413297677,17.12096731,17.67605275,-1.42E-07,86.59541668,0,0,1,0,53026.37348,-,-,0,0,#DIV/0!,0,-,-,0,0,#DIV/0!,0.5,293.200428,7.441259441,#DIV/0!,0.025379429,#DIV/0!,#DIV/0!,-,0,#DIV/0!,#DIV/0!,#DIV/0!,#DIV/0!,#DIV/0!,#DIV/0!,#DIV/0!,#DIV/0!,347.806,293.200428,0.842999914,0.165389834,2,0.5,0: Broadleaf,2,TRUE,1652234061,399.982,403.162,17.6749,17.119,395.363,17.4691,500.218,100.558,0.100358,26.8148,26.226,999.9,0,0,9965,0,3.22829,347.806,0.900006,0.0999942,0,1.7674,0,1780.17,3358.72,39.312,43.125,41.437,42.062,39.812,313.03,34.78,0,1652234061,0,1.781026923,-0.007770938,-232.1613673,1810.545385,15,1652233242,9:40:42,1652233241,1652233242,1,-0.285,-0.028,4.62,0.189,403,17,0.4,0.09,-3.117797561,-0.258051429,0.058967924,1,1.7762,0.292574876,0.133269586,1,0.554867317,0.003054125,0.001571135,1,3,3,3月3日,100,100,4.619,0.2058,4.445291379,0.000676004,-7.65E-07,4.25E-10,0.065174227,-0.023951514,0.002092542,-1.49E-05,2,2268,1,30,13.7,13.6,18,505.19,452.658,24.9998,28.4666,30.0002,28.4566,28.3384,19.2923,25.0019,65.5846,25,403.142,17.1133,87.6619,101.29
396,1652234063,838.5,20220511 09:54:22,9:54:22,0,1652234063,0.001412527,1.412526606,7.319487257,400.015,252.9254929,25.45875194,40.26435826,0.085779347,3.016396576,0.08444686,0.052897282,57.38923017,26.78585844,26.2235,3.419142356,50.24914897,1.778943497,3.54024602,1.64019886,-62.29242334,96.0270936,6.837369005,97.96126944,7.265138852,1.409959434,7.319487257,410.1805449,407.2021818,3.68E-05,66.83704872,1.412526606,17.1186136,17.67352198,1.16E-09,86.59541668,0,0,1,0,53083.44573,-,-,0,0,#DIV/0!,0,-,-,0,0,#DIV/0!,0.5,292.515129,7.319487257,#DIV/0!,0.025022594,#DIV/0!,#DIV/0!,-,0,#DIV/0!,#DIV/0!,#DIV/0!,#DIV/0!,#DIV/0!,#DIV/0!,#DIV/0!,#DIV/0!,346.993,292.515129,0.843000086,0.165390167,2,0.5,0: Broadleaf,2,TRUE,1652234063,400.015,403.146,17.6733,17.1194,395.396,17.4675,500.105,100.557,0.100121,26.814,26.2235,999.9,0,0,9976.25,0,3.22829,346.993,0.899995,0.100005,0,1.8269,0,1777.04,3350.86,39.312,43.125,41.437,42.062,39.812,312.29,34.7,0,1652234063,0,1.77784,-0.298276921,-227.6084619,1802.698,15,1652233242,9:40:42,1652233241,1652233242,1,-0.285,-0.028,4.62,0.189,403,17,0.4,0.09,-3.123010976,-0.346971429,0.061239952,1,1.769308824,-0.002536872,0.136721654,1,0.554837683,0.006796244,0.001560908,1,3,3,3月3日,100,100,4.619,0.2058,4.445291379,0.000676004,-7.65E-07,4.25E-10,0.065174227,-0.023951514,0.002092542,-1.49E-05,2,2268,1,30,13.7,13.7,18,505.059,452.743,24.9997,28.4678,30.0001,28.4575,28.3385,19.2919,25.0019,65.5846,25,403.168,17.1133,87.6616,101.29
397,1652234065,840.5,20220511 09:54:24,9:54:24,0,1652234065,0.001407593,1.407593295,7.226322361,400.036,254.2983956,25.59693903,40.26646366,0.085528548,3.015152626,0.08420324,0.052744388,56.97826096,26.78303708,26.218,3.418031604,50.25075067,1.778822337,3.539892068,1.639209267,-62.07486431,96.60519345,6.881120971,98.38971108,7.215224398,1.405804607,7.226322361,410.1738627,407.2337515,4.02E-05,66.83704872,1.407593295,17.11900147,17.67190659,-3.46E-07,86.59541668,0,0,1,0,53045.44321,-,-,0,0,#DIV/0!,0,-,-,0,0,#DIV/0!,0.5,290.418015,7.226322361,#DIV/0!,0.024882487,#DIV/0!,#DIV/0!,-,0,#DIV/0!,#DIV/0!,#DIV/0!,#DIV/0!,#DIV/0!,#DIV/0!,#DIV/0!,#DIV/0!,344.505,290.418015,0.843000871,0.165391681,2,0.5,0: Broadleaf,2,TRUE,1652234065,400.036,403.146,17.6721,17.1199,395.416,17.4664,500.167,100.557,0.1001,26.8123,26.218,999.9,0,0,9968.75,0,3.22829,344.505,0.899964,0.100036,0,1.7972,0,1764.84,3326.8,39.312,43.125,41.437,42.062,39.812,310.04,34.46,0,1652234065,0,1.770416,-0.572261539,-227.4646155,1793.2788,15,1652233242,9:40:42,1652233241,1652233242,1,-0.285,-0.028,4.62,0.189,403,17,0.4,0.09,-3.123401707,-0.388105923,0.061304295,1,1.769432353,-0.144048384,0.121013783,1,0.554621,0.005952397,0.001605176,1,3,3,3月3日,100,100,4.62,0.2057,4.445291379,0.000676004,-7.65E-07,4.25E-10,0.065174227,-0.023951514,0.002092542,-1.49E-05,2,2268,1,30,13.7,13.7,18,505.012,452.769,24.9997,28.4681,30.0001,28.4575,28.3398,19.2916,25.0019,65.5846,25,403.106,17.1133,87.6617,101.29
398,1652234067,842.5,20220511 09:54:26,9:54:26,0,1652234067,0.001407413,1.407412629,7.198205409,400.056,254.9246031,25.65986283,40.26830661,0.085574338,3.021355177,0.0842503,0.05277369,56.70031461,26.77844594,26.2123,3.416880794,50.25913242,1.778794688,3.539246705,1.638086106,-62.06689692,97.22742954,6.91092063,98.77176786,7.119720051,1.404343264,7.198205409,410.1792031,407.2502182,2.52E-05,66.83704872,1.407412629,17.1193327,17.67224286,-6.50E-07,86.59541668,0,0,1,0,53237.17226,-,-,0,0,#DIV/0!,0,-,-,0,0,#DIV/0!,0.5,289.004757,7.198205409,#DIV/0!,0.024906875,#DIV/0!,#DIV/0!,-,0,#DIV/0!,#DIV/0!,#DIV/0!,#DIV/0!,#DIV/0!,#DIV/0!,#DIV/0!,#DIV/0!,342.829,289.004757,0.842999737,0.165389493,2,0.5,0: Broadleaf,2,TRUE,1652234067,400.056,403.128,17.6719,17.1202,395.437,17.4661,500.1,100.557,0.0996746,26.8092,26.2123,999.9,0,0,10006.2,0,3.22829,342.829,0.900012,0.0999885,0,1.8055,0,1756.86,3310.66,39.312,43.125,41.375,42.062,39.812,308.55,34.28,0,1652234067,0,1.783242308,-0.196372647,-239.3032476,1787.221538,15,1652233242,9:40:42,1652233241,1652233242,1,-0.285,-0.028,4.62,0.189,403,17,0.4,0.09,-3.120696098,-0.376817561,0.061538977,1,1.772557576,-0.199502909,0.12405511,1,0.554389902,0.002189017,0.001753695,1,3,3,3月3日,100,100,4.619,0.2058,4.445291379,0.000676004,-7.65E-07,4.25E-10,0.065174227,-0.023951514,0.002092542,-1.49E-05,2,2268,1,30,13.8,13.7,18,505.004,452.694,24.9997,28.4684,30.0001,28.4584,28.3408,19.2901,25.0019,65.5846,25,403.121,17.1133,87.6624,101.29
399,1652234069,844.5,20220511 09:54:28,9:54:28,0,1652234069,0.001406335,1.40633492,7.090654898,400.064,256.8632437,25.85528747,40.2695597,0.085520206,3.02345346,0.084198731,0.052741235,56.42369139,26.7751538,26.2113,3.416678932,50.26588835,1.778824536,3.538830396,1.637854397,-62.01936998,97.13195203,6.899238927,98.43551237,6.982277334,1.403537663,7.090654898,410.1483791,407.263103,1.86E-05,66.83704872,1.40633492,17.11996496,17.67246593,-3.29E-07,86.59541668,0,0,1,0,53302.33335,-,-,0,0,#DIV/0!,0,-,-,0,0,#DIV/0!,0.5,287.598243,7.090654898,#DIV/0!,0.024654723,#DIV/0!,#DIV/0!,-,0,#DIV/0!,#DIV/0!,#DIV/0!,#DIV/0!,#DIV/0!,#DIV/0!,#DIV/0!,#DIV/0!,341.161,287.598243,0.842998593,0.165387285,2,0.5,0: Broadleaf,2,TRUE,1652234069,400.064,403.081,17.672,17.1206,395.445,17.4663,500.085,100.558,0.099794,26.8072,26.2113,999.9,0,0,10018.8,0,3.22829,341.161,0.900056,0.0999437,0,1.7543,0,1749.04,3294.59,39.312,43.062,41.437,42.062,39.812,307.06,34.1,0,1652234069,0,1.774792,-0.007569225,-241.3346159,1779.0796,15,1652233242,9:40:42,1652233241,1652233242,1,-0.285,-0.028,4.62,0.189,403,17,0.4,0.09,-3.119216585,-0.182716725,0.062945496,1,1.778502857,0.016812198,0.134994119,1,0.554222171,-0.002421157,0.001877743,1,3,3,3月3日,100,100,4.619,0.2057,4.445291379,0.000676004,-7.65E-07,4.25E-10,0.065174227,-0.023951514,0.002092542,-1.49E-05,2,2268,1,30,13.8,13.8,18,505.076,452.728,24.9997,28.4696,30.0001,28.4596,28.341,19.2912,25.0019,65.5846,25,403.161,17.1133,87.6627,101.29
400,1652234071,846.5,20220511 09:54:30,9:54:30,0,1652234071,0.00140356,1.403560228,7.07415403,400.035,256.9449271,25.86357635,40.26674463,0.08538802,3.022627638,0.084070239,0.052660603,56.06878135,26.77301349,26.2073,3.415871589,50.26582338,1.778738538,3.538663884,1.637133051,-61.89700604,97.62688042,6.936121369,98.7347771,6.97863816,1.397978203,7.07415403,410.1008438,407.2231576,-3.15E-05,66.83704872,1.403560228,17.1200807,17.67137253,7.70E-08,86.59541668,0,0,1,0,53276.97178,-,-,0,0,#DIV/0!,0,-,-,0,0,#DIV/0!,0.5,285.782358,7.07415403,#DIV/0!,0.024753641,#DIV/0!,#DIV/0!,-,0,#DIV/0!,#DIV/0!,#DIV/0!,#DIV/0!,#DIV/0!,#DIV/0!,#DIV/0!,#DIV/0!,339.006,285.782358,0.843000885,0.165391708,2,0.5,0: Broadleaf,2,TRUE,1652234071,400.035,403.049,17.6711,17.122,395.415,17.4654,500.191,100.558,0.100054,26.8064,26.2073,999.9,0,0,10013.8,0,3.22829,339.006,0.899959,0.100041,0,2.1625,0,1738.14,3273.7,39.25,43.062,41.437,42,39.812,305.09,33.91,0,1652234071,0,1.77852,0.277869241,-243.9900001,1769.4436,15,1652233242,9:40:42,1652233241,1652233242,1,-0.285,-0.028,4.62,0.189,403,17,0.4,0.09,-3.119175122,0.151818815,0.0628839,1,1.780978788,-0.133401482,0.119936457,1,0.55395922,-0.007794355,0.002088956,1,3,3,3月3日,100,100,4.62,0.2057,4.445291379,0.000676004,-7.65E-07,4.25E-10,0.065174227,-0.023951514,0.002092542,-1.49E-05,2,2268,1,30,13.8,13.8,18,505.11,452.771,24.9997,28.4705,30.0002,28.4599,28.3421,19.2918,25.0019,65.5846,25,403.075,17.1133,87.6623,101.29
401,1652234073,848.5,20220511 09:54:32,9:54:32,0,1652234073,0.001398974,1.39897449,7.043747167,400.022,257.1940248,25.88862262,40.26539343,0.085181954,3.021586537,0.083870029,0.052534956,55.83775643,26.7705377,26.1995,3.414297751,50.26887225,1.778605799,3.538185202,1.635691952,-61.694775,98.48920298,6.99944406,99.63162846,7.152076278,1.392105265,7.043747167,410.0803868,407.2144788,-2.53E-05,66.83704872,1.39897449,17.12024122,17.66983956,3.80E-08,86.59541668,0,0,1,0,53245.24018,-,-,0,0,#DIV/0!,0,-,-,0,0,#DIV/0!,0.5,284.602428,7.043747167,#DIV/0!,0.024749428,#DIV/0!,#DIV/0!,-,0,#DIV/0!,#DIV/0!,#DIV/0!,#DIV/0!,#DIV/0!,#DIV/0!,#DIV/0!,#DIV/0!,337.606,284.602428,0.843001688,0.165393258,2,0.5,0: Broadleaf,2,TRUE,1652234073,400.022,403.105,17.6698,17.1229,395.403,17.4641,500.094,100.558,0.0999474,26.8041,26.1995,999.9,0,0,10007.5,0,3.22829,337.606,0.899943,0.100057,0,1.6487,0,1731.38,3260.16,39.25,43.125,41.437,42,39.812,303.83,33.78,0,1652234073,0,1.782434615,0.597726504,-244.6970938,1763.195769,15,1652233242,9:40:42,1652233241,1652233242,1,-0.285,-0.028,4.62,0.189,403,17,0.4,0.09,-3.117657561,0.441081951,0.064942196,1,1.793884848,0.067232727,0.142398623,1,0.553482341,-0.017079721,0.002644803,1,3,3,3月3日,100,100,4.619,0.2057,4.445291379,0.000676004,-7.65E-07,4.25E-10,0.065174227,-0.023951514,0.002092542,-1.49E-05,2,2268,1,30,13.9,13.8,18,505.116,452.712,24.9997,28.4705,30.0003,28.4608,28.3432,19.2886,25.0019,65.5846,25,403.043,17.1133,87.6618,101.289
402,1652234075,850.5,20220511 09:54:34,9:54:34,0,1652234075,0.001395398,1.395398279,7.065785659,400.034,256.5086278,25.81960582,40.26656057,0.08499576,3.022198054,0.083689776,0.052421776,55.74072183,26.76859161,26.1963,3.413652256,50.27619142,1.77862413,3.537706576,1.635028126,-61.53706409,98.65577495,7.009670276,99.86910297,7.116782338,1.389522246,7.065785659,410.1110755,407.2364364,1.34E-05,66.83704872,1.395398279,17.12172656,17.66983736,-3.76E-07,86.59541668,0,0,1,0,53264.52559,-,-,0,0,#DIV/0!,0,-,-,0,0,#DIV/0!,0.5,284.113671,7.065785659,#DIV/0!,0.024869573,#DIV/0!,#DIV/0!,-,0,#DIV/0!,#DIV/0!,#DIV/0!,#DIV/0!,#DIV/0!,#DIV/0!,#DIV/0!,#DIV/0!,337.027,284.113671,0.842999733,0.165389485,2,0.5,0: Broadleaf,2,TRUE,1652234075,400.034,403.102,17.67,17.1242,395.415,17.4643,500.172,100.558,0.0998455,26.8018,26.1963,999.9,0,0,10011.2,0,3.22829,337.027,0.900007,0.0999934,0,1.4531,0,1730.44,3254.63,39.25,43.062,41.375,42,39.812,303.33,33.7,0,1652234075,0,1.781068,0.573161556,-239.5861543,1755.1036,15,1652233242,9:40:42,1652233241,1652233242,1,-0.285,-0.028,4.62,0.189,403,17,0.4,0.09,-3.117097805,0.53687101,0.064598624,0,1.801351429,0.208416183,0.147007567,1,0.552873,-0.028941073,0.003348719,1,2,3,2月3日,100,100,4.619,0.2057,4.445291379,0.000676004,-7.65E-07,4.25E-10,0.065174227,-0.023951514,0.002092542,-1.49E-05,2,2268,1,30,13.9,13.9,18,505.204,452.746,24.9998,28.4714,30.0003,28.462,28.3432,19.2923,25.0019,65.5846,25,403.126,17.1133,87.6623,101.289
403,1652234077,852.5,20220511 09:54:36,9:54:36,0,1652234077,0.001393359,1.393358525,7.127107774,400.049,255.2894292,25.69664845,40.26770143,0.084940237,3.022396408,0.083636029,0.052388028,55.37683917,26.76592432,26.1896,3.412301098,50.27926828,1.778617897,3.537477688,1.633683201,-61.44711097,99.57473321,7.074223368,100.5786848,6.912876707,1.386185074,7.127107774,410.1440904,407.2444242,1.66E-05,66.83704872,1.393358525,17.1227944,17.67011429,-3.04E-07,86.59541668,0,0,1,0,53270.82324,-,-,0,0,#DIV/0!,0,-,-,0,0,#DIV/0!,0.5,282.256029,7.127107774,#DIV/0!,0.025250507,#DIV/0!,#DIV/0!,-,0,#DIV/0!,#DIV/0!,#DIV/0!,#DIV/0!,#DIV/0!,#DIV/0!,#DIV/0!,#DIV/0!,334.823,282.256029,0.843000717,0.165391383,2,0.5,0: Broadleaf,2,TRUE,1652234077,400.049,403.035,17.6701,17.1256,395.43,17.4644,500.162,100.557,0.0999231,26.8007,26.1896,999.9,0,0,10012.5,0,3.22829,334.823,0.899978,0.100022,0,1.9903,0,1719.2,3233.32,39.25,43.062,41.375,42,39.75,301.33,33.49,0,1652234077,0,1.802848,0.137746172,-237.2200001,1745.4632,15,1652233242,9:40:42,1652233241,1652233242,1,-0.285,-0.028,4.62,0.189,403,17,0.4,0.09,-3.108406585,0.552872822,0.065103451,0,1.784836364,0.1565422,0.15471675,1,0.552087659,-0.038659296,0.003947726,1,2,3,2月3日,100,100,4.619,0.2057,4.445291379,0.000676004,-7.65E-07,4.25E-10,0.065174227,-0.023951514,0.002092542,-1.49E-05,2,2268,1,30,13.9,13.9,18,505.207,452.735,24.9998,28.4727,30.0003,28.4623,28.3439,19.2913,25.0019,65.5846,25,403.035,17.1133,87.6629,101.289
404,1652234079,854.5,20220511 09:54:38,9:54:38,0,1652234079,0.001389497,1.389497284,7.043408338,400.022,256.4968469,25.81822902,40.26505486,0.084718299,3.019709409,0.083419706,0.052252332,55.00811061,26.76325758,26.1877,3.411918018,50.28123237,1.778530449,3.537165588,1.633387569,-61.27683023,99.55132779,7.07873332,100.3613415,7.103203984,1.382935278,7.043408338,410.0814515,407.2156545,-2.41E-05,66.83704872,1.389497284,17.12393362,17.66981099,3.52E-08,86.59541668,0,0,1,0,53188.17241,-,-,0,0,#DIV/0!,0,-,-,0,0,#DIV/0!,0.5,280.373157,7.043408338,#DIV/0!,0.02512155,#DIV/0!,#DIV/0!,-,0,#DIV/0!,#DIV/0!,#DIV/0!,#DIV/0!,#DIV/0!,#DIV/0!,#DIV/0!,#DIV/0!,332.589,280.373157,0.843001894,0.165393656,2,0.5,0: Broadleaf,2,TRUE,1652234079,400.022,403.084,17.6692,17.1259,395.403,17.4635,500.092,100.557,0.100101,26.7992,26.1877,999.9,0,0,9996.25,0,3.22419,332.589,0.899948,0.100052,0,1.9298,0,1707.97,3211.72,39.25,43.062,41.375,42,39.75,299.31,33.28,0,1652234079,0,1.801273077,0.209329927,-241.7005126,1739.055385,15,1652233242,9:40:42,1652233241,1652233242,1,-0.285,-0.028,4.62,0.189,403,17,0.4,0.09,-3.08922,0.578460209,0.067280966,0,1.786042424,0.342665726,0.159765125,1,0.550918415,-0.042805087,0.004278427,1,2,3,2月3日,100,100,4.619,0.2057,4.445291379,0.000676004,-7.65E-07,4.25E-10,0.065174227,-0.023951514,0.002092542,-1.49E-05,2,2268,1,30,14,13.9,18,505.136,452.611,24.9998,28.473,30.0003,28.4632,28.3451,19.2896,25.0019,65.5846,25,403.086,17.1133,87.6622,101.289
405,1652234081,856.5,20220511 09:54:40,9:54:40,0,1652234081,0.001384119,1.384118936,7.006560464,400.029,256.6382158,25.83274522,40.26620589,0.084357746,3.019105187,0.083069839,0.052032725,54.73418322,26.76114012,26.1903,3.412442242,50.28627123,1.778509905,3.536770297,1.633932337,-61.03964507,98.79896129,7.026665779,99.52016522,7.176333056,1.381068984,7.006560464,410.074002,407.2239636,-3.50E-06,66.83704872,1.384118936,17.12526614,17.66886374,2.90E-08,86.59541668,0,0,1,0,53169.89776,-,-,0,0,#DIV/0!,0,-,-,0,0,#DIV/0!,0.5,278.980914,7.006560464,#DIV/0!,0.025114838,#DIV/0!,#DIV/0!,-,0,#DIV/0!,#DIV/0!,#DIV/0!,#DIV/0!,#DIV/0!,#DIV/0!,#DIV/0!,#DIV/0!,330.938,278.980914,0.843000544,0.16539105,2,0.5,0: Broadleaf,2,TRUE,1652234081,400.029,403.119,17.6688,17.1264,395.41,17.4632,500.246,100.558,0.100217,26.7973,26.1903,999.9,0,0,9992.5,0,3.19683,330.938,0.899994,0.100006,0,2.0625,0,1699.77,3195.81,39.25,43.125,41.375,42,39.75,297.84,33.1,0,1652234081,0,1.8033,-0.379876911,-240.5076928,1730.6888,15,1652233242,9:40:42,1652233241,1652233242,1,-0.285,-0.028,4.62,0.189,403,17,0.4,0.09,-3.075247561,0.411456376,0.056348303,1,1.769022857,0.085670349,0.16655827,1,0.549483805,-0.042272718,0.004220935,1,3,3,3月3日,100,100,4.619,0.2056,4.445291379,0.000676004,-7.65E-07,4.25E-10,0.065174227,-0.023951514,0.002092542,-1.49E-05,2,2268,1,30,14,14,18,505.162,452.581,24.9998,28.4739,30.0003,28.4645,28.3456,19.2887,25.0019,65.5846,25,403.044,17.1133,87.6621,101.289
406,1652234083,858.5,20220511 09:54:42,9:54:42,0,1652234083,0.0013796,1.379600424,7.118481987,400.045,254.0720711,25.57462808,40.26810993,0.084068331,3.020362759,0.082789698,0.051856821,54.41565039,26.75877044,26.1909,3.412563226,50.28938945,1.778442341,3.536416648,1.634120885,-60.84037868,98.46559708,7.000002231,99.04087102,6.947898149,1.378160647,7.118481987,410.138891,407.2424364,2.08E-05,66.83704872,1.379600424,17.12603045,17.6679967,-9.32E-08,86.59541668,0,0,1,0,53209.00787,-,-,0,0,#DIV/0!,0,-,-,0,0,#DIV/0!,0.5,277.356543,7.118481987,#DIV/0!,0.025665455,#DIV/0!,#DIV/0!,-,0,#DIV/0!,#DIV/0!,#DIV/0!,#DIV/0!,#DIV/0!,#DIV/0!,#DIV/0!,#DIV/0!,329.011,277.356543,0.843000821,0.165391584,2,0.5,0: Broadleaf,2,TRUE,1652234083,400.045,403.044,17.668,17.1266,395.426,17.4624,500.115,100.559,0.0999507,26.7956,26.1909,999.9,0,0,10000,0,3.17358,329.011,0.89997,0.10003,0,1.7713,0,1691.24,3177.19,39.25,43.062,41.375,42,39.75,296.1,32.91,0,1652234083,0,1.790016,-0.289999991,-239.4615385,1721.1656,15,1652233242,9:40:42,1652233241,1652233242,1,-0.285,-0.028,4.62,0.189,403,17,0.4,0.09,-3.065336829,0.203949408,0.044524033,1,1.792570588,-0.004123672,0.169858362,1,0.548109683,-0.040333902,0.004031894,1,3,3,3月3日,100,100,4.619,0.2056,4.445291379,0.000676004,-7.65E-07,4.25E-10,0.065174227,-0.023951514,0.002092542,-1.49E-05,2,2268,1,30,14,14,18,505.243,452.67,24.9998,28.4751,30.0003,28.4648,28.3464,19.2913,25.0019,65.5846,25,403.091,17.0634,87.6619,101.289
407,1652234085,860.5,20220511 09:54:44,9:54:44,0,1652234085,0.001378262,1.378262135,7.024448451,400.026,255.8373432,25.75226456,40.26611305,0.084059129,3.02242931,0.082781633,0.051851681,54.17975439,26.75658062,26.1838,3.411131815,50.29254932,1.778428549,3.536167032,1.632703266,-60.78136014,99.49434461,7.068006897,99.96074575,6.988249145,1.375751215,7.024448451,410.0980002,407.2396485,3.91E-06,66.83704872,1.378262135,17.12655482,17.66804286,-2.35E-07,86.59541668,0,0,1,0,53273.00223,-,-,0,0,#DIV/0!,0,-,-,0,0,#DIV/0!,0.5,276.158943,7.024448451,#DIV/0!,0.025436252,#DIV/0!,#DIV/0!,-,0,#DIV/0!,#DIV/0!,#DIV/0!,#DIV/0!,#DIV/0!,#DIV/0!,#DIV/0!,#DIV/0!,327.591,276.158943,0.842999176,0.165388409,2,0.5,0: Broadleaf,2,TRUE,1652234085,400.026,403.041,17.6679,17.1274,395.407,17.4623,500.072,100.559,0.0997398,26.7944,26.1838,999.9,0,0,10012.5,0,3.17358,327.591,0.900026,0.0999741,0,1.4862,0,1683.86,3163.53,39.25,43.062,41.375,42,39.75,294.84,32.75,0,1652234085,0,1.774073077,-0.628201699,-240.0810254,1715.114231,15,1652233242,9:40:42,1652233241,1652233242,1,-0.285,-0.028,4.62,0.189,403,17,0.4,0.09,-3.05161122,0.158694355,0.040281938,1,1.792342424,-0.248197284,0.168493796,1,0.546889927,-0.039623791,0.003967177,1,3,3,3月3日,100,100,4.619,0.2056,4.445291379,0.000676004,-7.65E-07,4.25E-10,0.065174227,-0.023951514,0.002092542,-1.49E-05,2,2268,1,30,14.1,14,18,505.141,452.63,24.9999,28.4754,30.0002,28.4657,28.3476,19.2903,25.0019,65.5846,25,403.178,17.0536,87.6614,101.289
408,1652234087,862.5,20220511 09:54:46,9:54:46,0,1652234087,0.001379412,1.379412155,7.006391759,400.007,256.4120076,25.81018807,40.26432301,0.084213891,3.021090468,0.082931167,0.051945599,54.04425039,26.75379767,26.1764,3.40964048,50.29972459,1.77850442,3.535813436,1.63113606,-60.83207604,100.378648,7.133662303,100.7244846,7.168049605,1.373716823,7.006391759,410.0581795,407.2078727,-2.80E-05,66.83704872,1.379412155,17.12629946,17.66813846,-2.30E-07,86.59541668,0,0,1,0,53231.9764,-,-,0,0,#DIV/0!,0,-,-,0,0,#DIV/0!,0.5,275.467743,7.006391759,#DIV/0!,0.025434527,#DIV/0!,#DIV/0!,-,0,#DIV/0!,#DIV/0!,#DIV/0!,#DIV/0!,#DIV/0!,#DIV/0!,#DIV/0!,#DIV/0!,326.771,275.467743,0.842999357,0.16538876,2,0.5,0: Broadleaf,2,TRUE,1652234087,400.007,403.093,17.6686,17.129,395.387,17.4629,500.165,100.559,0.100046,26.7927,26.1764,999.9,0,0,10004.4,0,3.17358,326.771,0.900015,0.0999852,0,1.8558,0,1680.81,3155.59,39.25,43.062,41.375,42,39.75,294.1,32.67,0,1652234087,0,1.772852,-0.134269226,-235.6038466,1707.0028,15,1652233242,9:40:42,1652233241,1652233242,1,-0.285,-0.028,4.62,0.189,403,17,0.4,0.09,-3.041499024,0.087274913,0.034738686,1,1.792145714,-0.333806654,0.171453384,1,0.545712512,-0.03962816,0.003967605,1,3,3,3月3日,100,100,4.62,0.2057,4.445291379,0.000676004,-7.65E-07,4.25E-10,0.065174227,-0.023951514,0.002092542,-1.49E-05,2,2268,1,30,14.1,14.1,18,505.198,452.516,24.9999,28.4757,30.0001,28.4669,28.348,19.2906,25.0019,65.5846,25,403.166,17.0416,87.662,101.288
409,1652234089,864.5,20220511 09:54:48,9:54:48,0,1652234089,0.001377356,1.377355777,7.135769554,400.025,253.7707005,25.54376951,40.26527246,0.084086417,3.024361458,0.082808901,0.051868726,53.72530422,26.75083002,26.1762,3.409600182,50.30538566,1.778526723,3.535459871,1.631073459,-60.74138975,100.2427557,7.11623207,100.3429022,7.099411598,1.373232416,7.135769554,410.0985453,407.1950606,-1.82E-05,66.83704872,1.377355777,17.12722583,17.66834615,1.29E-08,86.59541668,0,0,1,0,53333.2446,-,-,0,0,#DIV/0!,0,-,-,0,0,#DIV/0!,0.5,273.838614,7.135769554,#DIV/0!,0.026058303,#DIV/0!,#DIV/0!,-,0,#DIV/0!,#DIV/0!,#DIV/0!,#DIV/0!,#DIV/0!,#DIV/0!,#DIV/0!,#DIV/0!,324.838,273.838614,0.843000554,0.165391069,2,0.5,0: Broadleaf,2,TRUE,1652234089,400.025,403.084,17.6692,17.1297,395.406,17.4635,500.081,100.557,0.0998901,26.791,26.1762,999.9,0,0,10024.4,0,3.17358,324.838,0.899989,0.100011,0,1.7737,0,1671.59,3136.9,39.187,43.062,41.375,42,39.75,292.35,32.49,0,1652234089,0,1.733204,-0.183453842,-236.1823078,1697.5328,15,1652233242,9:40:42,1652233241,1652233242,1,-0.285,-0.028,4.62,0.189,403,17,0.4,0.09,-3.042466585,-0.032272474,0.035392473,1,1.774957576,-0.334034142,0.169496361,1,0.544467171,-0.037431868,0.003762038,1,3,3,3月3日,100,100,4.619,0.2057,4.445291379,0.000676004,-7.65E-07,4.25E-10,0.065174227,-0.023951514,0.002092542,-1.49E-05,2,2268,1,30,14.1,14.1,18,505.201,452.572,24.9998,28.4769,30.0001,28.4672,28.3488,19.2881,25.2945,65.5846,25,402.993,17.0286,87.6621,101.288
410,1652234091,866.5,20220511 09:54:50,9:54:50,0,1652234091,0.001377323,1.377322528,7.052342432,400.045,255.380598,25.70590027,40.26741637,0.084091208,3.015982026,0.082810057,0.051869766,53.40335584,26.74698615,26.1759,3.409539735,50.31088709,1.778522433,3.535064746,1.631017302,-60.73992348,99.7048624,7.097634025,99.46592878,7.005807662,1.373788932,7.052342432,410.1118434,407.2426424,3.65E-05,66.83704872,1.377322528,17.12879594,17.66978352,-2.97E-09,86.59541668,0,0,1,0,53075.08686,-,-,0,0,#DIV/0!,0,-,-,0,0,#DIV/0!,0.5,272.201871,7.052342432,#DIV/0!,0.025908501,#DIV/0!,#DIV/0!,-,0,#DIV/0!,#DIV/0!,#DIV/0!,#DIV/0!,#DIV/0!,#DIV/0!,#DIV/0!,#DIV/0!,322.897,272.201871,0.842999071,0.165388207,2,0.5,0: Broadleaf,2,TRUE,1652234091,400.045,403.066,17.6691,17.1295,395.426,17.4634,500.191,100.557,0.100217,26.7891,26.1759,999.9,0,0,9973.75,0,3.17358,322.897,0.900036,0.099964,0,1.5152,0,1662.1,3118.2,39.187,43.062,41.375,42,39.75,290.62,32.28,0,1652234091,0,1.743096154,-0.528858118,-237.1114527,1691.265769,15,1652233242,9:40:42,1652233241,1652233242,1,-0.285,-0.028,4.62,0.189,403,17,0.4,0.09,-3.045713659,-0.005497422,0.035357702,1,1.773375758,-0.423622576,0.180856659,1,0.543268902,-0.031697415,0.003188819,1,3,3,3月3日,100,100,4.619,0.2057,4.445291379,0.000676004,-7.65E-07,4.25E-10,0.065174227,-0.023951514,0.002092542,-1.49E-05,2,2268,1,30,14.2,14.1,18,505.156,452.515,24.9998,28.4778,30.0001,28.4675,28.35,19.2874,25.2945,65.5846,25,403.08,17.0253,87.6626,101.288
411,1652234093,868.5,20220511 09:54:52,9:54:52,0,1652234093,0.001373793,1.373792947,6.978001897,400.054,256.4673064,25.81554024,40.26871994,0.083877538,3.010808212,0.082600682,0.051738527,53.08936305,26.7445082,26.1753,3.409418844,50.31297582,1.778439338,3.534752832,1.630979506,-60.58426896,99.38773531,7.087142188,98.97997159,6.931544371,1.389214978,6.978001897,410.0887478,407.249697,1.85E-05,66.83704872,1.373792947,17.12908576,17.66872527,3.13E-07,86.59541668,0,0,1,0,52916.20052,-,-,0,0,#DIV/0!,0,-,-,0,0,#DIV/0!,0.5,270.598785,6.978001897,#DIV/0!,0.025787262,#DIV/0!,#DIV/0!,-,0,#DIV/0!,#DIV/0!,#DIV/0!,#DIV/0!,#DIV/0!,#DIV/0!,#DIV/0!,#DIV/0!,320.995,270.598785,0.843,0.16539,2,0.5,0: Broadleaf,2,TRUE,1652234093,400.054,403.048,17.6681,17.1224,395.435,17.4625,500.154,100.558,0.100211,26.7876,26.1753,999.9,0,0,9942.5,0,3.17358,320.995,0.900006,0.099994,0,1.4253,0,1652.72,3099.8,39.187,43.062,41.375,42,39.75,288.9,32.1,0,1652234093,0,1.708532,-0.578923079,-235.338462,1682.9392,15,1652233242,9:40:42,1652233241,1652233242,1,-0.285,-0.028,4.62,0.189,403,17,0.4,0.09,-3.045173171,0.076876307,0.035654304,1,1.755164706,-0.437549117,0.169122961,1,0.542416049,-0.024316746,0.002569507,1,3,3,3月3日,100,100,4.619,0.2056,4.445291379,0.000676004,-7.65E-07,4.25E-10,0.065174227,-0.023951514,0.002092542,-1.49E-05,2,2268,1,30,14.2,14.2,18,505.213,452.485,24.9998,28.4778,30.0002,28.4687,28.3504,19.2877,25.2945,65.5846,25,403.003,17.0128,87.6632,101.288
412,1652234095,870.5,20220511 09:54:54,9:54:54,0,1652234095,0.001366133,1.366133356,6.996789181,400.042,255.3174201,25.69945223,40.26697539,0.083381907,3.019502543,0.082123548,0.051438694,52.85831322,26.74443604,26.1765,3.409660629,50.31353396,1.778375373,3.534586488,1.631285256,-60.246481,99.3491631,7.064007045,99.02500236,6.923589116,1.412960787,6.996789181,410.0820645,407.2351818,-9.90E-06,66.83704872,1.366133356,17.13003527,17.66673736,2.39E-07,86.59541668,0,0,1,0,53183.99227,-,-,0,0,#DIV/0!,0,-,-,0,0,#DIV/0!,0.5,269.421114,6.996789181,#DIV/0!,0.025969714,#DIV/0!,#DIV/0!,-,0,#DIV/0!,#DIV/0!,#DIV/0!,#DIV/0!,#DIV/0!,#DIV/0!,#DIV/0!,#DIV/0!,319.598,269.421114,0.843,0.16539,2,0.5,0: Broadleaf,2,TRUE,1652234095,400.042,403.037,17.6677,17.1126,395.423,17.4621,500.089,100.557,0.0998695,26.7868,26.1765,999.9,0,0,9995,0,3.17358,319.598,0.89999,0.10001,0,1.8324,0,1646.47,3086.31,39.187,43.062,41.375,42,39.75,287.64,31.96,0,1652234095,0,1.720012,-0.720184617,-235.343077,1673.6052,15,1652233242,9:40:42,1652233241,1652233242,1,-0.285,-0.028,4.62,0.189,403,17,0.4,0.09,-3.038089512,0.100517143,0.03651916,1,1.720261765,-0.478148663,0.168699013,1,0.542413195,-0.0088237,0.002659314,1,3,3,3月3日,100,100,4.619,0.2056,4.445291379,0.000676004,-7.65E-07,4.25E-10,0.065174227,-0.023951514,0.002092542,-1.49E-05,2,2268,1,30,14.2,14.2,18,505.267,452.52,24.9997,28.4781,30.0002,28.4696,28.3506,19.2876,25.5889,65.5846,25,403.109,17.0045,87.6632,101.288
413,1652234097,872.5,20220511 09:54:56,9:54:56,0,1652234097,0.001378509,1.378509308,6.985732844,400.009,256.7553003,25.84421402,40.26369931,0.08417983,3.020528354,0.082897899,0.051924737,52.53592655,26.7377729,26.1722,3.4087943,50.31064824,1.778095548,3.53423303,1.630698752,-60.79226047,99.80630593,7.093888,98.64386001,7.091321707,1.417660886,6.985732844,410.0554478,407.2139152,-2.52E-05,66.83704872,1.378509308,17.12466596,17.66609011,-2.82E-07,86.59541668,0,0,1,0,53215.9373,-,-,0,0,#DIV/0!,0,-,-,0,0,#DIV/0!,0.5,267.781872,6.985732844,#DIV/0!,0.0260874,#DIV/0!,#DIV/0!,-,0,#DIV/0!,#DIV/0!,#DIV/0!,#DIV/0!,#DIV/0!,#DIV/0!,#DIV/0!,#DIV/0!,317.654,267.781872,0.842998583,0.165387266,2,0.5,0: Broadleaf,2,TRUE,1652234097,400.009,403.071,17.6649,17.1081,395.39,17.4594,500.222,100.557,0.0999835,26.7851,26.1722,999.9,0,0,10001.2,0,3.17358,317.654,0.900039,0.0999612,0,1.5136,0,1636.47,3067.58,39.187,43.062,41.375,42,39.75,285.9,31.75,0,1652234097,0,1.688073077,-0.423258123,-237.7087177,1667.737692,15,1652233242,9:40:42,1652233241,1652233242,1,-0.285,-0.028,4.62,0.189,403,17,0.4,0.09,-3.030445366,0.078599164,0.03499564,1,1.726339394,-0.34568997,0.161127781,1,0.543300683,0.017529199,0.004571026,1,3,3,3月3日,100,100,4.619,0.2055,4.445291379,0.000676004,-7.65E-07,4.25E-10,0.065174227,-0.023951514,0.002092542,-1.49E-05,2,2268,1,30,14.3,14.2,18,505.376,452.379,24.9997,28.4794,30.0003,28.4696,28.3518,19.2864,25.5889,65.5846,25,403.046,16.9998,87.6629,101.288
414,1652234099,874.5,20220511 09:54:58,9:54:58,0,1652234099,0.001395691,1.395690901,7.060678471,400.013,257.034873,25.87257589,40.26444575,0.085271663,3.022825872,0.083957526,0.052589837,52.35733057,26.73044312,26.1681,3.407968444,50.30702805,1.777758428,3.533817236,1.630210016,-61.54996872,100.2244519,7.1179766,98.14979031,7.01727703,1.410703177,7.060678471,410.0722261,407.199497,-1.87E-05,66.83704872,1.395690901,17.11429785,17.6626,-6.39E-08,86.59541668,0,0,1,0,53287.23435,-,-,0,0,#DIV/0!,0,-,-,0,0,#DIV/0!,0.5,266.863872,7.060678471,#DIV/0!,0.026457978,#DIV/0!,#DIV/0!,-,0,#DIV/0!,#DIV/0!,#DIV/0!,#DIV/0!,#DIV/0!,#DIV/0!,#DIV/0!,#DIV/0!,316.564,266.863872,0.843001327,0.165392561,2,0.5,0: Broadleaf,2,TRUE,1652234099,400.013,403.045,17.6614,17.1072,395.393,17.456,500.104,100.558,0.099843,26.7831,26.1681,999.9,0,0,10015,0,3.17358,316.564,0.899949,0.100051,0,1.7957,0,1632.18,3056.97,39.187,43.062,41.312,42,39.75,284.89,31.67,0,1652234099,0,1.6834,-0.351246162,-235.2515389,1659.4196,15,1652233242,9:40:42,1652233241,1652233242,1,-0.285,-0.028,4.62,0.189,403,17,0.4,0.09,-3.035678293,0.074923484,0.034319679,1,1.707244118,-0.412952824,0.159647019,1,0.544462244,0.040654557,0.006048124,1,3,3,3月3日,100,100,4.62,0.2054,4.445291379,0.000676004,-7.65E-07,4.25E-10,0.065174227,-0.023951514,0.002092542,-1.49E-05,2,2268,1,30,14.3,14.3,18,505.352,452.37,24.9997,28.4803,30.0002,28.4705,28.3528,19.2886,25.88,65.5846,25,403.093,16.9924,87.6628,101.288
415,1652234101,876.5,20220511 09:55:00,9:55:00,0,1652234101,0.001403349,1.403349157,7.021806276,400.023,258.4818985,26.01832884,40.26560474,0.085740812,3.017656083,0.084410058,0.052874129,52.03378617,26.72626497,26.1683,3.408008726,50.3044033,1.777634302,3.533754871,1.630374424,-61.88769784,99.97169902,7.112186052,97.2299734,6.87703697,1.406766374,7.021806276,410.0730808,407.2162788,1.25E-05,66.83704872,1.403349157,17.10861395,17.65987582,-5.85E-07,86.59541668,0,0,1,0,53127.79762,-,-,0,0,#DIV/0!,0,-,-,0,0,#DIV/0!,0.5,265.218729,7.021806276,#DIV/0!,0.026475529,#DIV/0!,#DIV/0!,-,0,#DIV/0!,#DIV/0!,#DIV/0!,#DIV/0!,#DIV/0!,#DIV/0!,#DIV/0!,#DIV/0!,314.613,265.218729,0.842999905,0.165389816,2,0.5,0: Broadleaf,2,TRUE,1652234101,400.023,402.998,17.6601,17.1075,395.404,17.4547,500.153,100.558,0.100224,26.7828,26.1683,999.9,0,0,9983.75,0,3.17358,314.613,0.899997,0.100003,0,1.6182,0,1622.96,3038.17,39.187,43.062,41.312,42,39.75,283.15,31.46,0,1652234101,0,1.678416,0.061046148,-238.9861539,1649.7824,15,1652233242,9:40:42,1652233241,1652233242,1,-0.285,-0.028,4.62,0.189,403,17,0.4,0.09,-3.033819268,0.101401672,0.034268087,1,1.706997059,-0.260109187,0.153516793,1,0.545523488,0.053339582,0.006667421,1,3,3,3月3日,100,100,4.619,0.2054,4.445291379,0.000676004,-7.65E-07,4.25E-10,0.065174227,-0.023951514,0.002092542,-1.49E-05,2,2268,1,30,14.3,14.3,18,505.222,452.321,24.9997,28.4806,30.0003,28.4718,28.353,19.2871,25.88,65.5846,25,403.043,16.986,87.6631,101.288
416,1652234103,878.5,20220511 09:55:02,9:55:02,0,1652234103,0.001402728,1.402727719,6.862755263,400.039,261.4054201,26.31263278,40.26725727,0.085701688,3.012678493,0.084369979,0.052849162,51.75760123,26.72444826,26.1671,3.407767042,50.29679798,1.777334181,3.533692506,1.630432861,-61.86029242,99.95297441,7.122549107,96.97283233,6.898695908,1.398526175,6.862755263,410.0139471,407.2222,9.02E-06,66.83704872,1.402727719,17.10724031,17.6581956,-8.12E-07,86.59541668,0,0,1,0,52974.60322,-,-,0,0,#DIV/0!,0,-,-,0,0,#DIV/0!,0.5,263.814714,6.862755263,#DIV/0!,0.026013542,#DIV/0!,#DIV/0!,-,0,#DIV/0!,#DIV/0!,#DIV/0!,#DIV/0!,#DIV/0!,#DIV/0!,#DIV/0!,#DIV/0!,312.948,263.814714,0.842998562,0.165387225,2,0.5,0: Broadleaf,2,TRUE,1652234103,400.039,403.021,17.6571,17.1078,395.42,17.4518,500.212,100.558,0.100329,26.7825,26.1671,999.9,0,0,9953.75,0,3.17358,312.948,0.900049,0.0999506,0,1.4453,0,1614.76,3022.14,39.187,43.062,41.312,42,39.687,281.67,31.28,0,1652234103,0,1.676388462,0.136495728,-240.1914527,1643.770769,15,1652233242,9:40:42,1652233241,1652233242,1,-0.285,-0.028,4.62,0.189,403,17,0.4,0.09,-3.023203171,0.105339094,0.034498484,1,1.687927273,-0.207809233,0.138203233,1,0.546482024,0.058089721,0.006870503,1,3,3,3月3日,100,100,4.619,0.2053,4.445291379,0.000676004,-7.65E-07,4.25E-10,0.065174227,-0.023951514,0.002092542,-1.49E-05,2,2268,1,30,14.4,14.3,18,505.318,452.281,24.9997,28.4818,30.0003,28.4721,28.3542,19.2864,26.176,65.5846,25,402.973,16.9805,87.663,101.288
417,1652234105,880.5,20220511 09:55:04,9:55:04,0,1652234105,0.00139263,1.392630202,6.961341222,400.028,258.5506039,26.02509977,40.26588393,0.085035203,3.023024082,0.083728369,0.052445971,51.39432222,26.72290343,26.1688,3.408109431,50.29442886,1.777020462,3.533235196,1.631088969,-61.4149919,99.66060325,7.077393262,96.71732683,6.992865273,1.389772696,6.961341222,410.0348372,407.2024242,-1.82E-05,66.83704872,1.392630202,17.10725557,17.65438022,-3.12E-07,86.59541668,0,0,1,0,53293.85363,-,-,0,0,#DIV/0!,0,-,-,0,0,#DIV/0!,0.5,261.960414,6.961341222,#DIV/0!,0.02657402,#DIV/0!,#DIV/0!,-,0,#DIV/0!,#DIV/0!,#DIV/0!,#DIV/0!,#DIV/0!,#DIV/0!,#DIV/0!,#DIV/0!,310.748,261.960414,0.842999517,0.165389068,2,0.5,0: Broadleaf,2,TRUE,1652234105,400.028,403.047,17.6541,17.1081,395.409,17.449,500.087,100.558,0.0996638,26.7803,26.1688,999.9,0,0,10016.2,0,3.17358,310.748,0.900015,0.0999853,0,1.8376,0,1603.23,3000.86,39.187,43.062,41.312,42,39.687,279.68,31.07,0,1652234105,0,1.674384,0.438030773,-241.4161543,1635.2824,15,1652233242,9:40:42,1652233241,1652233242,1,-0.285,-0.028,4.62,0.189,403,17,0.4,0.09,-3.02177,0.138359373,0.034342013,1,1.682764706,-0.191377956,0.157722263,1,0.547176,0.052677638,0.006720467,1,3,3,3月3日,100,100,4.619,0.2051,4.445291379,0.000676004,-7.65E-07,4.25E-10,0.065174227,-0.023951514,0.002092542,-1.49E-05,2,2268,1,30,14.4,14.4,18,505.31,452.456,24.9997,28.4827,30.0003,28.473,28.3552,19.2846,26.176,65.5846,25,402.926,16.9711,87.6629,101.288
418,1652234107,882.5,20220511 09:55:06,9:55:06,0,1652234107,0.001386453,1.386453162,6.988771465,400.024,257.4874497,25.91810819,40.26551711,0.084678206,3.025499786,0.083383274,0.052229241,51.16621644,26.71920069,26.1653,3.407404545,50.30061112,1.776820727,3.532403857,1.630583818,-61.14258446,99.66066486,7.071340691,96.75563753,6.926175064,1.384659909,6.988771465,410.0625394,407.2193212,5.39E-06,66.83704872,1.386453162,17.10760872,17.65221868,-8.06E-07,86.59541668,0,0,1,0,53371.06729,-,-,0,0,#DIV/0!,0,-,-,0,0,#DIV/0!,0.5,260.795628,6.988771465,#DIV/0!,0.026797886,#DIV/0!,#DIV/0!,-,0,#DIV/0!,#DIV/0!,#DIV/0!,#DIV/0!,#DIV/0!,#DIV/0!,#DIV/0!,#DIV/0!,309.366,260.795628,0.843000291,0.165390561,2,0.5,0: Broadleaf,2,TRUE,1652234107,400.024,403.015,17.6521,17.1082,395.404,17.447,500.172,100.558,0.0997533,26.7763,26.1653,999.9,0,0,10031.2,0,3.17358,309.366,0.899998,0.100002,0,1.8808,0,1597.72,2987.5,39.125,43.062,41.312,42,39.687,278.43,30.94,0,1652234107,0,1.71146,0.839784625,-242.9230769,1625.6412,15,1652233242,9:40:42,1652233241,1652233242,1,-0.285,-0.028,4.62,0.189,403,17,0.4,0.09,-3.022542683,0.189627805,0.034243337,1,1.704820588,0.24760765,0.166229646,1,0.547653634,0.03741347,0.006400167,1,3,3,3月3日,100,100,4.62,0.2051,4.445291379,0.000676004,-7.65E-07,4.25E-10,0.065174227,-0.023951514,0.002092542,-1.49E-05,2,2268,1,30,14.4,14.4,18,505.149,452.507,24.9997,28.4827,30.0001,28.4742,28.3554,19.2864,26.469,65.2136,25,403.026,16.9678,87.6628,101.287
419,1652234109,884.5,20220511 09:55:08,9:55:08,0,1652234109,0.001385776,1.385775793,6.878128976,400.033,259.5133075,26.12210608,40.26654572,0.084631458,3.021801419,0.083336387,0.052199948,50.84674917,26.71377593,26.1656,3.407464959,50.30971974,1.77675568,3.531635019,1.630709279,-61.11271248,98.88719436,7.024927403,95.64615846,6.798645396,1.382461956,6.878128976,410.0293319,407.2307455,1.57E-05,66.83704872,1.385775793,17.10818837,17.6525967,-1.03E-06,86.59541668,0,0,1,0,53257.46848,-,-,0,0,#DIV/0!,0,-,-,0,0,#DIV/0!,0.5,259.166229,6.878128976,#DIV/0!,0.026539449,#DIV/0!,#DIV/0!,-,0,#DIV/0!,#DIV/0!,#DIV/0!,#DIV/0!,#DIV/0!,#DIV/0!,#DIV/0!,#DIV/0!,307.433,259.166229,0.843000683,0.165391318,2,0.5,0: Broadleaf,2,TRUE,1652234109,400.033,402.973,17.6514,17.1083,395.414,17.4464,500.114,100.558,0.10006,26.7726,26.1656,999.9,0,0,10008.8,0,3.19136,307.433,0.899971,0.100029,0,1.6865,0,1587.83,2968.81,39.125,43.062,41.312,42,39.687,276.68,30.75,0,1652234109,0,1.722823077,0.286044453,-244.2437604,1619.666538,15,1652233242,9:40:42,1652233241,1652233242,1,-0.285,-0.028,4.62,0.189,403,17,0.4,0.09,-3.01299561,0.180756794,0.033096765,1,1.700048485,0.410330425,0.16596653,1,0.548106634,0.016477443,0.00595102,1,3,3,3月3日,100,100,4.619,0.205,4.445291379,0.000676004,-7.65E-07,4.25E-10,0.065174227,-0.023951514,0.002092542,-1.49E-05,2,2268,1,30,14.5,14.4,18,505.23,452.366,24.9997,28.4836,30.0001,28.4745,28.3566,19.287,26.469,65.2136,25,403.039,16.9641,87.6625,101.287
420,1652234111,886.5,20220511 09:55:10,9:55:10,0,1652234111,0.001382984,1.382984168,6.831028612,400.028,260.0506805,26.17618582,40.26602522,0.084404936,3.020544805,0.083116204,0.052061776,50.706399,26.71345425,26.1704,3.408431707,50.30886511,1.776704592,3.531593464,1.631727115,-60.9896018,98.03185414,6.967221855,94.71587319,6.883047877,1.397006917,6.831028612,409.996002,407.2167818,-5.28E-06,66.83704872,1.382984168,17.10805589,17.65134945,-3.58E-07,86.59541668,0,0,1,0,53218.72106,-,-,0,0,#DIV/0!,0,-,-,0,0,#DIV/0!,0.5,258.4551,6.831028612,#DIV/0!,0.026430233,#DIV/0!,#DIV/0!,-,0,#DIV/0!,#DIV/0!,#DIV/0!,#DIV/0!,#DIV/0!,#DIV/0!,#DIV/0!,#DIV/0!,306.59,258.4551,0.842999119,0.1653883,2,0.5,0: Broadleaf,2,TRUE,1652234111,400.028,403.004,17.6509,17.1021,395.409,17.4459,500.127,100.558,0.100017,26.7724,26.1704,999.9,0,0,10001.2,0,3.21872,306.59,0.900037,0.0999631,0,1.5804,0,1584.46,2960.72,39.125,43.062,41.312,42,39.687,275.94,30.65,0,1652234111,0,1.71686,0.605676936,-235.3176927,1611.124,15,1652233242,9:40:42,1652233241,1652233242,1,-0.285,-0.028,4.62,0.189,403,17,0.4,0.09,-3.001302683,0.167992056,0.032054476,1,1.710247059,0.359348788,0.158927181,1,0.548574927,-0.006050446,0.005414081,1,3,3,3月3日,100,100,4.619,0.205,4.445291379,0.000676004,-7.65E-07,4.25E-10,0.065174227,-0.023951514,0.002092542,-1.49E-05,2,2268,1,30,14.5,14.5,18,505.206,452.359,24.9998,28.4848,30.0001,28.4754,28.3577,19.2867,26.7726,65.2136,25,403.044,16.9563,87.6622,101.287
421,1652234113,888.5,20220511 09:55:12,9:55:12,0,1652234113,0.001374042,1.374041707,6.887298,400.026,258.1057953,25.9803743,40.2657569,0.083835308,3.021999748,0.082564372,0.051715316,50.34312,26.71445887,26.1702,3.408391422,50.29729338,1.776379531,3.531759686,1.632011891,-60.59523929,98.24199639,6.97881631,94.9686934,7.023697029,1.416244121,6.887298,410.0142069,407.2124303,-7.08E-06,66.83704872,1.374041707,17.10878803,17.64850989,8.71E-08,86.59541668,0,0,1,0,53263.48471,-,-,0,0,#DIV/0!,0,-,-,0,0,#DIV/0!,0.5,256.6008,6.887298,#DIV/0!,0.026840516,#DIV/0!,#DIV/0!,-,0,#DIV/0!,#DIV/0!,#DIV/0!,#DIV/0!,#DIV/0!,#DIV/0!,#DIV/0!,#DIV/0!,304.39,256.6008,0.843000099,0.16539019,2,0.5,0: Broadleaf,2,TRUE,1652234113,400.026,403.061,17.6477,17.0914,395.407,17.4428,500.18,100.558,0.0998495,26.7732,26.1702,999.9,0,0,10010,0,3.22829,304.39,0.900005,0.0999947,0,1.6928,0,1573.57,2939.46,39.125,43.062,41.312,42,39.687,273.95,30.44,0,1652234113,0,1.74962,0.096207709,-242.7707693,1601.3556,15,1652233242,9:40:42,1652233241,1652233242,1,-0.285,-0.028,4.62,0.189,403,17,0.4,0.09,-2.998356829,0.155621185,0.032067925,1,1.714388235,0.50468738,0.156251701,1,0.549514927,-0.020548244,0.004645123,1,3,3,3月3日,100,100,4.619,0.2049,4.445291379,0.000676004,-7.65E-07,4.25E-10,0.065174227,-0.023951514,0.002092542,-1.49E-05,2,2268,1,30,14.5,14.5,18,505.092,452.375,24.9998,28.4851,30.0001,28.4766,28.3577,19.285,26.7726,65.2136,25,402.99,16.9524,87.662,101.287
422,1652234115,890.5,20220511 09:55:14,9:55:14,0,1652234115,0.001375403,1.375403164,7.002805128,400.041,256.0713248,25.77591293,40.26777302,0.083934444,3.018500741,0.082659073,0.051774894,50.06765478,26.71187088,26.1668,3.407706624,50.28602023,1.7759187,3.531635019,1.631787924,-60.65527952,98.58390095,7.011081685,95.0073579,6.837333879,1.426787594,7.002805128,410.0610985,407.2115394,-1.94E-06,66.83704872,1.375403164,17.10408834,17.6444989,-1.33E-07,86.59541668,0,0,1,0,53155.663,-,-,0,0,#DIV/0!,0,-,-,0,0,#DIV/0!,0.5,255.194886,7.002805128,#DIV/0!,0.027441009,#DIV/0!,#DIV/0!,-,0,#DIV/0!,#DIV/0!,#DIV/0!,#DIV/0!,#DIV/0!,#DIV/0!,#DIV/0!,#DIV/0!,302.722,255.194886,0.843000793,0.16539153,2,0.5,0: Broadleaf,2,TRUE,1652234115,400.041,403.004,17.6429,17.0823,395.422,17.4382,500.041,100.559,0.100115,26.7726,26.1668,999.9,0,0,9988.75,0,3.22829,302.722,0.899981,0.100019,0,1.5601,0,1565.4,2923.33,39.125,43.062,41.312,41.937,39.687,272.44,30.28,0,1652234115,0,1.746946154,0.216191466,-243.8198288,1595.275,15,1652233242,9:40:42,1652233241,1652233242,1,-0.285,-0.028,4.62,0.189,403,17,0.4,0.09,-3.000503415,0.11003331,0.033291148,1,1.738806061,0.340247657,0.150723051,1,0.550693463,-0.017913031,0.004839729,1,3,3,3月3日,100,100,4.619,0.2047,4.445291379,0.000676004,-7.65E-07,4.25E-10,0.065174227,-0.023951514,0.002092542,-1.49E-05,2,2268,1,30,14.6,14.5,18,505.172,452.364,24.9997,28.4851,30.0002,28.4769,28.3584,19.2848,27.0586,65.2136,25,402.914,16.9509,87.6622,101.287
423,1652234117,892.5,20220511 09:55:16,9:55:16,0,1652234117,0.001387774,1.387774372,6.875578804,400.022,259.7529491,26.14673419,40.26621812,0.08476432,3.02203265,0.08346531,0.052280871,49.79026279,26.70472178,26.1584,3.406015285,50.27932527,1.775421107,3.531115617,1.630594178,-61.20084979,99.66050327,7.078977568,95.32889383,6.810084433,1.431241498,6.875578804,410.0165843,407.2195455,3.67E-06,66.83704872,1.387774372,17.09387601,17.63900549,-6.15E-07,86.59541668,0,0,1,0,53265.09489,-,-,0,0,#DIV/0!,0,-,-,0,0,#DIV/0!,0.5,253.778886,6.875578804,#DIV/0!,0.027092793,#DIV/0!,#DIV/0!,-,0,#DIV/0!,#DIV/0!,#DIV/0!,#DIV/0!,#DIV/0!,#DIV/0!,#DIV/0!,#DIV/0!,301.042,253.778886,0.843001594,0.165393077,2,0.5,0: Broadleaf,2,TRUE,1652234117,400.022,402.974,17.6378,17.0756,395.403,17.4332,500.177,100.56,0.100009,26.7701,26.1584,999.9,0,0,10010,0,3.22829,301.042,0.899955,0.100045,0,1.691,0,1557.67,2907.08,39.125,43,41.312,41.937,39.687,270.92,30.12,0,1652234117,0,1.75558,-0.237153835,-241.6953851,1586.8236,15,1652233242,9:40:42,1652233241,1652233242,1,-0.285,-0.028,4.62,0.189,403,17,0.4,0.09,-2.996517561,0.171487735,0.035516618,1,1.730322857,0.275894422,0.1539442,1,0.551446878,0.002968578,0.005676414,1,3,3,3月3日,100,100,4.619,0.2046,4.445291379,0.000676004,-7.65E-07,4.25E-10,0.065174227,-0.023951514,0.002092542,-1.49E-05,2,2268,1,30,14.6,14.6,18,505.299,452.307,24.9997,28.486,30.0002,28.4772,28.3596,19.2857,27.0586,65.2136,25,403.056,16.9493,87.6626,101.286
424,1652234119,894.5,20220511 09:55:18,9:55:18,0,1652234119,0.001397701,1.397700572,6.860760759,400,261.0057985,26.27255044,40.2635506,0.08542514,3.024080765,0.084106846,0.052683528,49.509207,26.69894719,26.1512,3.40456615,50.26782349,1.774837442,3.530762462,1.629728708,-61.63859523,100.6247343,7.142308755,95.63765481,6.948814537,1.423166532,6.860760759,409.9774976,407.1868182,-2.76E-05,66.83704872,1.397700572,17.08392157,17.63292527,-9.71E-07,86.59541668,0,0,1,0,53328.63557,-,-,0,0,#DIV/0!,0,-,-,0,0,#DIV/0!,0.5,252.3519,6.860760759,#DIV/0!,0.027187276,#DIV/0!,#DIV/0!,-,0,#DIV/0!,#DIV/0!,#DIV/0!,#DIV/0!,#DIV/0!,#DIV/0!,#DIV/0!,#DIV/0!,299.35,252.3519,0.842999499,0.165389033,2,0.5,0: Broadleaf,2,TRUE,1652234119,400,403.006,17.6322,17.0732,395.381,17.4278,500.205,100.559,0.0998765,26.7684,26.1512,999.9,0,0,10022.5,0,3.22829,299.35,0.900011,0.099989,0,1.9138,0,1549.8,2890.78,39.125,43.062,41.312,41.937,39.687,269.42,29.93,0,1652234119,0,1.759552,-0.513961534,-236.0384616,1577.264,15,1652233242,9:40:42,1652233241,1652233242,1,-0.285,-0.028,4.62,0.189,403,17,0.4,0.09,-2.987822683,0.141024669,0.032502467,1,1.735058824,-0.009243969,0.147251076,1,0.551908171,0.028531129,0.006258516,1,3,3,3月3日,100,100,4.619,0.2044,4.445291379,0.000676004,-7.65E-07,4.25E-10,0.065174227,-0.023951514,0.002092542,-1.49E-05,2,2268,1,30,14.6,14.6,18,505.34,452.178,24.9997,28.4872,30.0002,28.4784,28.3602,19.286,27.3681,65.2136,25,403,16.9482,87.6623,101.286
425,1652234121,896.5,20220511 09:55:20,9:55:20,0,1652234121,0.001404128,1.404128257,7.024453945,399.982,258.5061393,26.02072674,40.26141255,0.085814088,3.018691281,0.084481527,0.052918956,49.274907,26.69496177,26.15,3.40432468,50.25724834,1.774370102,3.53057551,1.629954578,-61.92205614,100.4942251,7.145705231,94.99278118,6.958050547,1.414421957,7.024453945,410.0026142,407.1447576,-4.36E-05,66.83704872,1.404128257,17.07656343,17.62822857,-1.38E-06,86.59541668,0,0,1,0,53162.42052,-,-,0,0,#DIV/0!,0,-,-,0,0,#DIV/0!,0.5,251.1627,7.024453945,#DIV/0!,0.027967743,#DIV/0!,#DIV/0!,-,0,#DIV/0!,#DIV/0!,#DIV/0!,#DIV/0!,#DIV/0!,#DIV/0!,#DIV/0!,#DIV/0!,297.94,251.1627,0.842997583,0.165385336,2,0.5,0: Broadleaf,2,TRUE,1652234121,399.982,402.991,17.6277,17.072,395.363,17.4235,500.086,100.558,0.100061,26.7675,26.15,999.9,0,0,9990,0,3.22829,297.94,0.900071,0.0999288,0,1.9946,0,1542.99,2877.22,39.062,43,41.312,41.937,39.687,268.17,29.77,0,1652234121,0,1.757984615,0.097565816,-230.5155553,1571.822308,15,1652233242,9:40:42,1652233241,1652233242,1,-0.285,-0.028,4.62,0.189,403,17,0.4,0.09,-2.985537805,0.009361463,0.028706025,1,1.7358,-0.002966355,0.148853127,1,0.552242976,0.043922655,0.006504682,1,3,3,3月3日,100,100,4.619,0.2042,4.445291379,0.000676004,-7.65E-07,4.25E-10,0.065174227,-0.023951514,0.002092542,-1.49E-05,2,2268,1,30,14.7,14.6,18,505.285,452.271,24.9997,28.4875,30.0003,28.4794,28.3614,19.286,27.3681,65.2136,25,403.007,16.9459,87.6622,101.285
426,1652234123,898.5,20220511 09:55:22,9:55:22,0,1652234123,0.001408833,1.408832976,6.855828501,400.026,262.1630097,26.38853609,40.26540796,0.086132243,3.019709409,0.084790312,0.05311277,49.13753409,26.69130723,26.1462,3.403560123,50.25489101,1.77410942,3.530222402,1.629450702,-62.12953426,100.8699962,7.169808937,95.047805,6.918547333,1.441681057,6.855828501,409.9912485,407.2021515,3.68E-05,66.83704872,1.408832976,17.07285013,17.62625824,-1.65E-06,86.59541668,0,0,1,0,53194.09865,-,-,0,0,#DIV/0!,0,-,-,0,0,#DIV/0!,0.5,250.461444,6.855828501,#DIV/0!,0.02737279,#DIV/0!,#DIV/0!,-,0,#DIV/0!,#DIV/0!,#DIV/0!,#DIV/0!,#DIV/0!,#DIV/0!,#DIV/0!,#DIV/0!,297.108,250.461444,0.84299798,0.165386102,2,0.5,0: Broadleaf,2,TRUE,1652234123,400.026,403.023,17.6253,17.059,395.406,17.4211,500.184,100.557,0.0999772,26.7658,26.1462,999.9,0,0,9996.25,0,3.22829,297.108,0.900059,0.0999409,0,1.6501,0,1539.73,2869.17,39.125,43,41.25,41.937,39.687,267.41,29.69,0,1652234123,0,1.750396,-0.002946149,-220.8838465,1563.6332,15,1652233242,9:40:42,1652233241,1652233242,1,-0.285,-0.028,4.62,0.189,403,17,0.4,0.09,-2.988662927,-0.01371115,0.029297896,1,1.75334,0.085015007,0.153023879,1,0.55267822,0.052987965,0.00669372,1,3,3,3月3日,100,100,4.62,0.2042,4.445291379,0.000676004,-7.65E-07,4.25E-10,0.065174227,-0.023951514,0.002092542,-1.49E-05,2,2268,1,30,14.7,14.7,18,505.21,452.263,24.9997,28.4879,30.0003,28.4797,28.3625,19.2842,27.3681,65.2136,25,402.93,16.9451,87.6618,101.285
427,1652234125,900.5,20220511 09:55:24,9:55:24,0,1652234125,0.001397109,1.397109395,6.84027666,400.059,261.4085496,26.31287302,40.26915602,0.085399613,3.021173227,0.084080853,0.052667322,48.68861661,26.68983107,26.1436,3.403037091,50.24279088,1.773483994,3.529827788,1.629553097,-61.61252432,101.0329077,7.177747331,95.28674728,6.747315674,1.474127882,6.84027666,410.0175323,407.2345212,4.61E-05,66.83704872,1.397109395,17.07300451,17.62185275,-8.62E-07,86.59541668,0,0,1,0,53239.62321,-,-,0,0,#DIV/0!,0,-,-,0,0,#DIV/0!,0.5,248.162157,6.84027666,#DIV/0!,0.027563738,#DIV/0!,#DIV/0!,-,0,#DIV/0!,#DIV/0!,#DIV/0!,#DIV/0!,#DIV/0!,#DIV/0!,#DIV/0!,#DIV/0!,294.379,248.162157,0.843002242,0.165394327,2,0.5,0: Broadleaf,2,TRUE,1652234125,400.059,402.993,17.6189,17.0398,395.439,17.415,500.14,100.558,0.100043,26.7639,26.1436,999.9,0,0,10005,0,3.24608,294.379,0.899938,0.100062,0,1.8916,0,1525.52,2842.73,39.062,43,41.25,41.937,39.625,264.92,29.46,0,1652234125,0,1.759304,0.381184619,-227.3276923,1554.1284,15,1652233242,9:40:42,1652233241,1652233242,1,-0.285,-0.028,4.62,0.189,403,17,0.4,0.09,-2.988332439,-0.014327666,0.029070636,1,1.764802941,-0.204724235,0.126380033,1,0.554452683,0.071702948,0.008071609,1,3,3,3月3日,100,100,4.62,0.2039,4.445291379,0.000676004,-7.65E-07,4.25E-10,0.065174227,-0.023951514,0.002092542,-1.49E-05,2,2268,1,30,14.7,14.7,18,505.204,452.146,24.9997,28.4891,30.0003,28.4809,28.3625,19.2859,27.3681,65.2136,25,402.977,16.9513,87.6614,101.285
428,1652234127,902.5,20220511 09:55:26,9:55:26,0,1652234127,0.001395303,1.395302929,6.840894557,400.043,261.042584,26.27630321,40.26795554,0.085179588,3.019121637,0.083866682,0.05253295,48.59202027,26.68658684,26.1491,3.404143587,50.22480116,1.77252566,3.529184027,1.631617927,-61.53285918,99.56450397,7.078318066,93.70198313,6.813001518,1.4725919,6.840894557,409.9921757,407.2092545,-1.04E-05,66.83704872,1.395302929,17.06347143,17.61160879,-1.82E-07,86.59541668,0,0,1,0,53176.90074,-,-,0,0,#DIV/0!,0,-,-,0,0,#DIV/0!,0.5,247.675899,6.840894557,#DIV/0!,0.027620348,#DIV/0!,#DIV/0!,-,0,#DIV/0!,#DIV/0!,#DIV/0!,#DIV/0!,#DIV/0!,#DIV/0!,#DIV/0!,#DIV/0!,293.803,247.675899,0.842999898,0.165389803,2,0.5,0: Broadleaf,2,TRUE,1652234127,400.043,403.003,17.6092,17.0307,395.424,17.4056,500.142,100.559,0.100068,26.7608,26.1491,999.9,0,0,9992.5,0,3.27343,293.803,0.90001,0.0999897,0,1.6982,0,1523.91,2837.23,39.062,43,41.25,41.937,39.625,264.43,29.38,0,1652234127,0,1.752988462,0.182382906,-221.1254697,1548.686154,15,1652233242,9:40:42,1652233241,1652233242,1,-0.285,-0.028,4.62,0.189,403,17,0.4,0.09,-2.980241463,-0.00155101,0.030349034,1,1.754793939,0.163748663,0.122668153,1,0.557655756,0.094297568,0.010353154,1,3,3,3月3日,100,100,4.619,0.2036,4.445291379,0.000676004,-7.65E-07,4.25E-10,0.065174227,-0.023951514,0.002092542,-1.49E-05,2,2268,1,30,14.8,14.7,18,505.135,452.135,24.9997,28.49,30.0003,28.4818,28.3633,19.2814,27.6451,65.2136,25,402.922,16.9563,87.662,101.285
429,1652234129,904.5,20220511 09:55:28,9:55:28,0,1652234129,0.001422115,1.422115493,6.720179986,400.069,265.6662873,26.74165446,40.27047266,0.086804777,3.02181787,0.085442922,0.053522403,48.23391796,26.67582123,26.1485,3.404022863,50.2080521,1.771726053,3.528768752,1.63229681,-62.71529324,99.42534312,7.062025886,92.00599372,6.833242991,1.460443346,6.720179986,409.9687181,407.2349333,1.45E-05,66.83704872,1.422115493,17.043308,17.60196154,-1.45E-06,86.59541668,0,0,1,0,53260.44994,-,-,0,0,#DIV/0!,0,-,-,0,0,#DIV/0!,0.5,245.848515,6.720179986,#DIV/0!,0.027334637,#DIV/0!,#DIV/0!,-,0,#DIV/0!,#DIV/0!,#DIV/0!,#DIV/0!,#DIV/0!,#DIV/0!,#DIV/0!,#DIV/0!,291.635,245.848515,0.84300072,0.16539139,2,0.5,0: Broadleaf,2,TRUE,1652234129,400.069,403.035,17.6013,17.0276,395.45,17.3979,500.17,100.559,0.099818,26.7588,26.1485,999.9,0,0,10008.8,0,3.28301,291.635,0.899963,0.100037,0,1.7231,0,1512.75,2816.25,39.062,43,41.25,41.937,39.625,262.46,29.17,0,1652234129,0,1.759032,0.496792315,-225.0569234,1540.6664,15,1652233242,9:40:42,1652233241,1652233242,1,-0.285,-0.028,4.62,0.189,403,17,0.4,0.09,-2.978021951,0.026376585,0.031079563,1,1.759034286,0.25096339,0.131391209,1,0.560930634,0.099630188,0.010857123,1,3,3,3月3日,100,100,4.619,0.2034,4.445291379,0.000676004,-7.65E-07,4.25E-10,0.065174227,-0.023951514,0.002092542,-1.49E-05,2,2268,1,30,14.8,14.8,18,505.166,452.195,24.9997,28.49,30.0004,28.4818,28.3645,19.2817,27.6451,65.2136,25,402.968,16.9589,87.6622,101.285
430,1652234131,906.5,20220511 09:55:30,9:55:30,0,1652234131,0.001438527,1.43852697,6.8606499,400.052,264.5566232,26.63023556,40.26918271,0.0878554,3.023684502,0.086461511,0.054161838,47.86075655,26.66758724,26.1423,3.402775602,50.19508648,1.7710601,3.528353519,1.631715501,-63.43903939,100.1714141,7.110333808,91.70346502,6.676855513,1.472603554,6.8606499,410.0110351,407.2196788,-6.31E-06,66.83704872,1.43852697,17.03121075,17.59643846,-2.55E-06,86.59541668,0,0,1,0,53318.47721,-,-,0,0,#DIV/0!,0,-,-,0,0,#DIV/0!,0.5,243.950472,6.8606499,#DIV/0!,0.028123126,#DIV/0!,#DIV/0!,-,0,#DIV/0!,#DIV/0!,#DIV/0!,#DIV/0!,#DIV/0!,#DIV/0!,#DIV/0!,#DIV/0!,289.384,243.950472,0.842999171,0.165388399,2,0.5,0: Broadleaf,2,TRUE,1652234131,400.052,402.958,17.5945,17.0159,395.433,17.3914,500.067,100.56,0.099871,26.7568,26.1423,999.9,0,0,10020,0,3.28301,289.384,0.900025,0.0999754,0,1.8567,0,1501.35,2794.55,39.062,43,41.25,41.937,39.625,260.45,28.93,0,1652234131,0,1.793816,0.716107702,-238.5992306,1531.252,15,1652233242,9:40:42,1652233241,1652233242,1,-0.285,-0.028,4.62,0.189,403,17,0.4,0.09,-2.978967561,0.129499652,0.030251582,1,1.779255882,0.42600859,0.152161352,1,0.563910976,0.088406216,0.009913855,1,3,3,3月3日,100,100,4.619,0.2031,4.445291379,0.000676004,-7.65E-07,4.25E-10,0.065174227,-0.023951514,0.002092542,-1.49E-05,2,2268,1,30,14.8,14.8,18,505.266,452.232,24.9996,28.4909,30.0003,28.4827,28.3649,19.2816,27.6451,65.2136,25,402.878,16.9588,87.6618,101.285
431,1652234133,908.5,20220511 09:55:32,9:55:32,0,1652234133,0.001426481,1.426480679,6.758145342,400.038,265.4608435,26.72128957,40.26782668,0.087169796,3.022858774,0.085797026,0.053744678,47.58732561,26.66674115,26.1327,3.400845146,50.17854939,1.770237028,3.527876055,1.630608118,-62.90779796,101.3337276,7.194372877,93.20762817,6.579080116,1.49525416,6.758145342,409.956737,407.2076848,-1.77E-05,66.83704872,1.426480679,17.02883934,17.58923407,-1.94E-06,86.59541668,0,0,1,0,53293.37849,-,-,0,0,#DIV/0!,0,-,-,0,0,#DIV/0!,0.5,242.555457,6.758145342,#DIV/0!,0.027862269,#DIV/0!,#DIV/0!,-,0,#DIV/0!,#DIV/0!,#DIV/0!,#DIV/0!,#DIV/0!,#DIV/0!,#DIV/0!,#DIV/0!,287.729,242.555457,0.842999687,0.165389396,2,0.5,0: Broadleaf,2,TRUE,1652234133,400.038,402.908,17.5863,16.9989,395.418,17.3835,500.156,100.56,0.100004,26.7545,26.1327,999.9,0,0,10015,0,3.28301,287.729,0.9,0.0999996,0,1.7762,0,1493.33,2778.56,39.062,43,41.25,41.937,39.625,258.96,28.77,0,1652234133,0,1.791896154,0.146266675,-238.7360679,1525.448077,15,1652233242,9:40:42,1652233241,1652233242,1,-0.285,-0.028,4.62,0.189,403,17,0.4,0.09,-2.97166122,0.250616446,0.038190904,1,1.778121212,0.366205393,0.150007698,1,0.567028805,0.083185192,0.009435064,1,3,3,3月3日,100,100,4.62,0.2028,4.445291379,0.000676004,-7.65E-07,4.25E-10,0.065174227,-0.023951514,0.002092542,-1.49E-05,2,2268,1,30,14.9,14.8,18,505.167,452.233,24.9997,28.4921,30.0002,28.4839,28.3651,19.2834,27.6451,65.2136,25,402.975,16.9588,87.6617,101.285
432,1652234135,910.5,20220511 09:55:34,9:55:34,0,1652234135,0.001422216,1.422215875,6.623334768,400.036,267.526288,26.92895271,40.26725973,0.086877534,3.019949151,0.085512584,0.053566214,47.45055639,26.66525629,26.1302,3.40034258,50.15429258,1.769204298,3.527523182,1.631138283,-62.71972011,101.366439,7.20347753,93.30075285,6.635855435,1.490360581,6.623334768,409.8909655,407.1966727,-1.26E-05,66.83704872,1.422215875,17.01963303,17.57837033,-1.39E-06,86.59541668,0,0,1,0,53203.84444,-,-,0,0,#DIV/0!,0,-,-,0,0,#DIV/0!,0.5,241.857543,6.623334768,#DIV/0!,0.027385273,#DIV/0!,#DIV/0!,-,0,#DIV/0!,#DIV/0!,#DIV/0!,#DIV/0!,#DIV/0!,#DIV/0!,#DIV/0!,#DIV/0!,286.901,241.857543,0.843,0.16539,2,0.5,0: Broadleaf,2,TRUE,1652234135,400.036,402.928,17.5762,16.9907,395.417,17.3737,500.142,100.559,0.10009,26.7528,26.1302,999.9,0,0,9997.5,0,3.28301,286.901,0.899988,0.100012,0,1.545,0,1490,2770.55,39.062,43,41.25,41.937,39.625,258.21,28.69,0,1652234135,0,1.791052,-0.383638451,-242.4861541,1517.1732,15,1652233242,9:40:42,1652233241,1652233242,1,-0.285,-0.028,4.62,0.189,403,17,0.4,0.09,-2.957558537,0.284140557,0.041660833,1,1.776517143,0.201299413,0.151466459,1,0.570135683,0.091287282,0.010174967,1,3,3,3月3日,100,100,4.619,0.2025,4.445291379,0.000676004,-7.65E-07,4.25E-10,0.065174227,-0.023951514,0.002092542,-1.49E-05,2,2268,1,30,14.9,14.9,18,505.201,452.225,24.9996,28.4924,30.0001,28.4842,28.3663,19.2822,27.6451,65.2136,25,402.952,16.9588,87.6615,101.285
433,1652234137,912.5,20220511 09:55:36,9:55:36,0,1652234137,0.001440968,1.440967514,6.702185686,400.012,267.5309676,26.92919072,40.2644955,0.087954533,3.015583824,0.086553835,0.054220136,47.037933,26.65692142,26.1328,3.40086525,50.1265704,1.768111946,3.527294869,1.632753304,-63.54666737,100.6183824,7.16072227,91.27037031,6.738832179,1.470759306,6.702185686,409.8889194,407.1626848,-3.10E-05,66.83704872,1.440967514,17.00182616,17.56793407,-1.90E-06,86.59541668,0,0,1,0,53069.46637,-,-,0,0,#DIV/0!,0,-,-,0,0,#DIV/0!,0.5,239.7573,6.702185686,#DIV/0!,0.027954042,#DIV/0!,#DIV/0!,-,0,#DIV/0!,#DIV/0!,#DIV/0!,#DIV/0!,#DIV/0!,#DIV/0!,#DIV/0!,#DIV/0!,284.41,239.7573,0.84299884,0.165387761,2,0.5,0: Broadleaf,2,TRUE,1652234137,400.012,402.942,17.5655,16.9877,395.393,17.3634,500.147,100.558,0.100219,26.7517,26.1328,999.9,0,0,9971.25,0,3.28301,284.41,0.900033,0.0999673,0,1.649,0,1477.64,2746.54,39.062,43,41.25,41.937,39.625,255.98,28.43,0,1652234137,0,1.765496,-0.444361533,-250.4261538,1507.0024,15,1652233242,9:40:42,1652233241,1652233242,1,-0.285,-0.028,4.62,0.189,403,17,0.4,0.09,-2.949136341,0.357491289,0.045565265,1,1.767472727,-0.070829206,0.151431125,1,0.572492195,0.095087101,0.010456127,1,3,3,3月3日,100,100,4.619,0.2021,4.445291379,0.000676004,-7.65E-07,4.25E-10,0.065174227,-0.023951514,0.002092542,-1.49E-05,2,2268,1,30,14.9,14.9,18,505.317,452.167,24.9996,28.4927,30.0002,28.4851,28.3673,19.2819,27.6451,65.2136,25,402.948,16.9588,87.6614,101.285
434,1652234139,914.5,20220511 09:55:38,9:55:38,0,1652234139,0.00144614,1.446140286,6.717084359,399.995,267.6563862,26.94179238,40.26275031,0.088258516,3.014546764,0.086847726,0.054404704,46.90022933,26.65419005,26.1308,3.40046319,50.10775051,1.767385714,3.527170341,1.633077476,-63.77478662,100.8113081,7.176826943,91.11357773,6.823753228,1.459355371,6.717084359,409.8890835,407.1568364,-1.72E-05,66.83704872,1.446140286,16.99162521,17.55975165,-2.69E-06,86.59541668,0,0,1,0,53037.64209,-,-,0,0,#DIV/0!,0,-,-,0,0,#DIV/0!,0.5,239.054358,6.717084359,#DIV/0!,0.028098565,#DIV/0!,#DIV/0!,-,0,#DIV/0!,#DIV/0!,#DIV/0!,#DIV/0!,#DIV/0!,#DIV/0!,#DIV/0!,#DIV/0!,283.576,239.054358,0.842999259,0.165388571,2,0.5,0: Broadleaf,2,TRUE,1652234139,399.995,402.957,17.5583,16.985,395.375,17.3564,500.168,100.558,0.100134,26.7511,26.1308,999.9,0,0,9965,0,3.28301,283.576,0.90002,0.09998,0,1.5697,0,1473.64,2738.47,39.062,43,41.25,41.937,39.625,255.22,28.35,0,1652234139,0,1.758042308,-0.768625635,-243.2851278,1501.055769,15,1652233242,9:40:42,1652233241,1652233242,1,-0.285,-0.028,4.62,0.189,403,17,0.4,0.09,-2.947044878,0.390453449,0.046081683,1,1.772490909,-0.333467185,0.149325054,1,0.574026146,0.082905993,0.009933806,1,3,3,3月3日,100,100,4.62,0.2019,4.445291379,0.000676004,-7.65E-07,4.25E-10,0.065174227,-0.023951514,0.002092542,-1.49E-05,2,2268,1,30,15,14.9,18,505.265,452.151,24.9997,28.4939,30.0003,28.4863,28.3675,19.2831,27.6451,65.2136,25,402.999,16.9588,87.662,101.285
435,1652234141,916.5,20220511 09:55:40,9:55:40,0,1652234141,0.001440221,1.44022066,6.85474801,399.981,264.7411006,26.6485387,40.26163348,0.087961898,3.018293726,0.086562204,0.054225279,46.58298666,26.65317998,26.1216,3.398614249,50.09420572,1.766824794,3.527004308,1.631789455,-63.51373111,102.3034794,7.273650186,92.64638515,6.841623425,1.44890406,6.85474801,409.919541,407.1308303,-2.31E-05,66.83704872,1.44022066,16.98822107,17.55412747,-2.74E-06,86.59541668,0,0,1,0,53153.23507,-,-,0,0,#DIV/0!,0,-,-,0,0,#DIV/0!,0.5,237.434442,6.85474801,#DIV/0!,0.028870066,#DIV/0!,#DIV/0!,-,0,#DIV/0!,#DIV/0!,#DIV/0!,#DIV/0!,#DIV/0!,#DIV/0!,#DIV/0!,#DIV/0!,281.654,237.434442,0.843000426,0.165390822,2,0.5,0: Broadleaf,2,TRUE,1652234141,399.981,402.949,17.5526,16.9833,395.362,17.351,500.078,100.559,0.099865,26.7503,26.1216,999.9,0,0,9987.5,0,3.28301,281.654,0.899989,0.100011,0,1.7857,0,1463.87,2719.89,39.062,43,41.25,41.937,39.625,253.49,28.17,0,1652234141,0,1.734216,-0.928892306,-249.5938464,1492.6144,15,1652233242,9:40:42,1652233241,1652233242,1,-0.285,-0.028,4.62,0.189,403,17,0.4,0.09,-2.943126585,0.266385366,0.042537139,1,1.749565714,-0.575372994,0.155450584,1,0.575339634,0.053463366,0.008725013,1,3,3,3月3日,100,100,4.619,0.2016,4.445291379,0.000676004,-7.65E-07,4.25E-10,0.065174227,-0.023951514,0.002092542,-1.49E-05,2,2268,1,30,15,15,18,505.268,452.094,24.9997,28.4948,30.0002,28.4866,28.3687,19.284,27.6451,65.2136,25,403,16.9588,87.6623,101.285
436,1652234143,918.5,20220511 09:55:42,9:55:42,0,1652234143,0.001430748,1.43074804,6.790904614,399.998,265.1142435,26.68607027,40.26330156,0.087381952,3.023469912,0.086002822,0.05387386,46.16472339,26.65273218,26.1172,3.397730284,50.07594237,1.76611829,3.526879788,1.631611993,-63.09598854,103.0983285,7.317430529,93.48449388,6.808134383,1.431204462,6.790904614,409.9146089,407.1524061,1.42E-05,66.83704872,1.43074804,16.98572822,17.54776044,-1.83E-06,86.59541668,0,0,1,0,53313.08833,-,-,0,0,#DIV/0!,0,-,-,0,0,#DIV/0!,0.5,235.307043,6.790904614,#DIV/0!,0.028859759,#DIV/0!,#DIV/0!,-,0,#DIV/0!,#DIV/0!,#DIV/0!,#DIV/0!,#DIV/0!,#DIV/0!,#DIV/0!,#DIV/0!,279.131,235.307043,0.842998603,0.165387303,2,0.5,0: Broadleaf,2,TRUE,1652234143,399.998,402.949,17.5456,16.9834,395.379,17.3442,500.211,100.559,0.0997572,26.7497,26.1172,999.9,0,0,10018.8,0,3.26523,279.131,0.900034,0.0999659,0,2.0325,0,1451.06,2695.55,39.062,43,41.25,41.937,39.562,251.23,27.9,0,1652234143,0,1.753216,-0.038315384,-248.2199998,1482.3628,15,1652233242,9:40:42,1652233241,1652233242,1,-0.285,-0.028,4.62,0.189,403,17,0.4,0.09,-2.938083415,0.106580488,0.036629998,1,1.749621212,-0.379539677,0.154555532,1,0.576473463,0.006292934,0.006729333,1,3,3,3月3日,100,100,4.619,0.2014,4.445291379,0.000676004,-7.65E-07,4.25E-10,0.065174227,-0.023951514,0.002092542,-1.49E-05,2,2268,1,30,15,15,18,505.332,452.036,24.9996,28.4948,30.0002,28.4869,28.3697,19.2835,27.6451,65.2136,25,403.076,16.9588,87.6618,101.285
437,1652234145,920.5,20220511 09:55:44,9:55:44,0,1652234145,0.001419388,1.419387567,6.751501253,400.027,264.796881,26.65422129,40.2663662,0.086629501,3.018707731,0.085271719,0.053415043,45.93744456,26.65245921,26.1195,3.398192331,50.06771745,1.765651576,3.526527003,1.632540756,-62.59499171,102.284963,7.271176041,92.89859188,6.831682033,1.419257494,6.751501253,409.909645,407.163,1.88E-05,66.83704872,1.419387567,16.9835953,17.54125714,-1.57E-06,86.59541668,0,0,1,0,53166.40769,-,-,0,0,#DIV/0!,0,-,-,0,0,#DIV/0!,0.5,234.146472,6.751501253,#DIV/0!,0.028834521,#DIV/0!,#DIV/0!,-,0,#DIV/0!,#DIV/0!,#DIV/0!,#DIV/0!,#DIV/0!,#DIV/0!,#DIV/0!,#DIV/0!,277.754,234.146472,0.84299946,0.165388958,2,0.5,0: Broadleaf,2,TRUE,1652234145,400.027,402.986,17.5409,16.9833,395.408,17.3396,500.13,100.559,0.100121,26.748,26.1195,999.9,0,0,9990,0,3.23787,277.754,0.900014,0.0999858,0,1.5406,0,1444.6,2682.24,39,43,41.25,41.937,39.625,249.98,27.77,0,1652234145,0,1.743265385,-0.179059832,-243.081367,1476.220385,15,1652233242,9:40:42,1652233241,1652233242,1,-0.285,-0.028,4.62,0.189,403,17,0.4,0.09,-2.933395854,-0.021786272,0.031619345,1,1.770924242,-0.104031118,0.165649294,1,0.576176512,-0.039705909,0.007222288,1,3,3,3月3日,100,100,4.619,0.2013,4.445291379,0.000676004,-7.65E-07,4.25E-10,0.065174227,-0.023951514,0.002092542,-1.49E-05,2,2268,1,30,15.1,15,18,505.342,452.12,24.9997,28.4958,30.0002,28.4882,28.3699,19.282,27.6451,65.2136,25,402.918,16.9588,87.6619,101.285
438,1652234147,922.5,20220511 09:55:46,9:55:46,0,1652234147,0.001412662,1.41266226,6.841415953,400.037,262.5149459,26.4242394,40.26693955,0.086194903,3.019002547,0.084850725,0.053150726,45.75653283,26.65203125,26.1195,3.398192331,50.06214157,1.76534067,3.526298746,1.632851661,-62.29840568,102.115916,7.258410012,92.83245311,6.73822614,1.412963775,6.841415953,409.9494585,407.1659455,6.80E-06,66.83704872,1.41266226,16.98340025,17.53849451,-1.86E-06,86.59541668,0,0,1,0,53175.67252,-,-,0,0,#DIV/0!,0,-,-,0,0,#DIV/0!,0.5,233.221971,6.841415953,#DIV/0!,0.029334354,#DIV/0!,#DIV/0!,-,0,#DIV/0!,#DIV/0!,#DIV/0!,#DIV/0!,#DIV/0!,#DIV/0!,#DIV/0!,#DIV/0!,276.657,233.221971,0.843000434,0.165390837,2,0.5,0: Broadleaf,2,TRUE,1652234147,400.037,402.958,17.538,16.9828,395.418,17.3369,500.066,100.558,0.100038,26.7469,26.1195,999.9,0,0,9991.88,0,3.22829,276.657,0.899997,0.100003,0,2.1528,0,1439.28,2671.63,39,43,41.25,41.937,39.625,248.99,27.67,0,1652234147,0,1.73804,0.74273076,-247.6084617,1467.6896,15,1652233242,9:40:42,1652233241,1652233242,1,-0.285,-0.028,4.62,0.189,403,17,0.4,0.09,-2.935363659,-0.102370453,0.032521204,1,1.7489,-0.177076321,0.174055686,1,0.574224756,-0.0668497,0.009059284,1,3,3,3月3日,100,100,4.619,0.2011,4.445291379,0.000676004,-7.65E-07,4.25E-10,0.065174227,-0.023951514,0.002092542,-1.49E-05,2,2268,1,30,15.1,15.1,18,505.366,452.213,24.9997,28.497,30.0002,28.4891,28.3711,19.2834,27.6451,65.2136,25,402.997,16.96,87.6627,101.285
439,1652234149,924.5,20220511 09:55:48,9:55:48,0,1652234149,0.001406695,1.406694775,6.757212085,400.03,263.5500135,26.52885349,40.26688187,0.085830379,3.025235794,0.084500152,0.052930393,45.38452916,26.64989064,26.1171,3.397710196,50.05682034,1.76497646,3.525946012,1.632733735,-62.0352396,102.4409193,7.266359107,93.05656795,6.629066327,1.403705467,6.757212085,409.9360635,407.1875636,1.88E-05,66.83704872,1.406694775,16.98331224,17.53589451,-1.29E-06,86.59541668,0,0,1,0,53368.48673,-,-,0,0,#DIV/0!,0,-,-,0,0,#DIV/0!,0.5,231.329829,6.757212085,#DIV/0!,0.029210293,#DIV/0!,#DIV/0!,-,0,#DIV/0!,#DIV/0!,#DIV/0!,#DIV/0!,#DIV/0!,#DIV/0!,#DIV/0!,#DIV/0!,274.413,231.329829,0.842998797,0.165387679,2,0.5,0: Broadleaf,2,TRUE,1652234149,400.03,402.905,17.5341,16.9827,395.411,17.3331,500.215,100.56,0.0996552,26.7452,26.1171,999.9,0,0,10029.4,0,3.22829,274.413,0.900048,0.0999521,0,1.6061,0,1429.06,2650,39,43,41.25,41.937,39.562,246.98,27.43,0,1652234149,0,1.708748,0.170015367,-248.6823075,1457.5836,15,1652233242,9:40:42,1652233241,1652233242,1,-0.285,-0.028,4.62,0.189,403,17,0.4,0.09,-2.932467805,-0.106285714,0.032865775,1,1.737748485,-0.27929967,0.196952936,1,0.571888707,-0.088439875,0.010556901,1,3,3,3月3日,100,100,4.619,0.201,4.445291379,0.000676004,-7.65E-07,4.25E-10,0.065174227,-0.023951514,0.002092542,-1.49E-05,2,2268,1,30,15.1,15.1,18,505.228,452.138,24.9997,28.4973,30.0002,28.4894,28.3721,19.2842,27.6451,65.2136,25,403.046,16.965,87.6633,101.284
440,1652234151,926.5,20220511 09:55:50,9:55:50,0,1652234151,0.001395772,1.395771811,6.664785763,400.03,264.3204525,26.60705446,40.26786386,0.085169538,3.020205317,0.083857402,0.052527082,45.25095194,26.64943809,26.1145,3.397187949,50.05482306,1.764667186,3.525468832,1.632520764,-61.55353687,102.3194242,7.269651305,93.2864906,6.59850512,1.394173513,6.664785763,409.873935,407.162497,-1.34E-05,66.83704872,1.395771811,16.98291578,17.53134835,-7.13E-07,86.59541668,0,0,1,0,53213.5699,-,-,0,0,#DIV/0!,0,-,-,0,0,#DIV/0!,0.5,230.648715,6.664785763,#DIV/0!,0.028895829,#DIV/0!,#DIV/0!,-,0,#DIV/0!,#DIV/0!,#DIV/0!,#DIV/0!,#DIV/0!,#DIV/0!,#DIV/0!,#DIV/0!,273.605,230.648715,0.842998904,0.165387884,2,0.5,0: Broadleaf,2,TRUE,1652234151,400.03,402.892,17.5306,16.9828,395.411,17.3297,500.085,100.562,0.10011,26.7429,26.1145,999.9,0,0,9998.75,0,3.22419,273.605,0.900035,0.0999653,0,1.6602,0,1425.22,2642.19,39,43,41.187,41.875,39.562,246.25,27.35,0,1652234151,0,1.732457692,0.094929897,-242.0485465,1451.652308,15,1652233242,9:40:42,1652233241,1652233242,1,-0.285,-0.028,4.62,0.189,403,17,0.4,0.09,-2.922550732,-0.048092613,0.037748697,1,1.728124242,0.201852465,0.188990053,1,0.569619951,-0.115819171,0.012152107,0,2,3,2月3日,100,100,4.619,0.2009,4.445291379,0.000676004,-7.65E-07,4.25E-10,0.065174227,-0.023951514,0.002092542,-1.49E-05,2,2268,1,30,15.2,15.1,18,505.176,452.072,24.9997,28.4976,30.0003,28.4906,28.3723,19.2827,27.6451,65.2136,25,402.935,16.9666,87.6633,101.284
441,1652234153,928.5,20220511 09:55:52,9:55:52,0,1652234153,0.001390852,1.390851882,6.667772048,400.003,263.7254185,26.54690865,40.26476918,0.084821047,3.019775209,0.083519356,0.052314885,44.88783834,26.64808768,26.1177,3.397830724,50.05154439,1.76449968,3.525365104,1.633331044,-61.33656801,101.702485,7.226945476,92.48070085,6.786011147,1.390540105,6.667772048,409.8430196,407.1308424,-3.43E-05,66.83704872,1.390851882,16.98265486,17.52908462,-1.04E-06,86.59541668,0,0,1,0,53200.3675,-,-,0,0,#DIV/0!,0,-,-,0,0,#DIV/0!,0.5,228.795258,6.667772048,#DIV/0!,0.029142964,#DIV/0!,#DIV/0!,-,0,#DIV/0!,#DIV/0!,#DIV/0!,#DIV/0!,#DIV/0!,#DIV/0!,#DIV/0!,#DIV/0!,271.406,228.795258,0.843,0.16539,2,0.5,0: Broadleaf,2,TRUE,1652234153,400.003,402.939,17.5291,16.9828,395.384,17.3282,500.152,100.561,0.100168,26.7424,26.1177,999.9,0,0,9996.25,0,3.19683,271.406,0.899998,0.100002,0,1.5547,0,1413.89,2620.93,39,43,41.187,41.875,39.562,244.26,27.14,0,1652234153,0,1.716616,-0.300523097,-248.7007694,1443.19,15,1652233242,9:40:42,1652233241,1652233242,1,-0.285,-0.028,4.62,0.189,403,17,0.4,0.09,-2.918927073,0.029161672,0.040121107,1,1.714097143,0.072857143,0.185945278,1,0.56668378,-0.134086035,0.013347908,0,2,3,2月3日,100,100,4.619,0.2009,4.445291379,0.000676004,-7.65E-07,4.25E-10,0.065174227,-0.023951514,0.002092542,-1.49E-05,2,2268,1,30,15.2,15.2,18,505.323,452.015,24.9998,28.4988,30.0002,28.4915,28.3735,19.2828,27.6451,65.2136,25,403.004,16.9691,87.6629,101.284
442,1652234155,930.5,20220511 09:55:54,9:55:54,0,1652234155,0.001386162,1.386162032,6.754766174,400.004,261.6915623,26.3415233,40.26386863,0.084552392,3.025944997,0.08326146,0.052152756,44.47923417,26.64711245,26.1137,3.397027272,50.04287613,1.764194092,3.525365104,1.63283318,-61.1297456,102.5628152,7.273074501,93.18537831,6.886540268,1.38288925,6.754766174,409.8883262,407.1405758,-4.18E-06,66.83704872,1.386162032,16.98266038,17.52725165,-8.44E-07,86.59541668,0,0,1,0,53390.89288,-,-,0,0,#DIV/0!,0,-,-,0,0,#DIV/0!,0.5,226.710729,6.754766174,#DIV/0!,0.029794647,#DIV/0!,#DIV/0!,-,0,#DIV/0!,#DIV/0!,#DIV/0!,#DIV/0!,#DIV/0!,#DIV/0!,#DIV/0!,#DIV/0!,268.933,226.710729,0.843000781,0.165391507,2,0.5,0: Broadleaf,2,TRUE,1652234155,400.004,402.979,17.5265,16.9832,395.385,17.3257,500.148,100.559,0.099665,26.7424,26.1137,999.9,0,0,10033.8,0,3.17358,268.933,0.899958,0.100042,0,1.7535,0,1400.99,2597.01,39,42.937,41.187,41.875,39.562,242.03,26.9,0,1652234155,0,1.730336,-0.956107714,-248.5538459,1432.9976,15,1652233242,9:40:42,1652233241,1652233242,1,-0.285,-0.028,4.62,0.189,403,17,0.4,0.09,-2.92521439,0.066105784,0.03851715,1,1.700839394,-0.099383842,0.192013846,1,0.562754073,-0.130154969,0.012981878,0,2,3,2月3日,100,100,4.619,0.2008,4.445291379,0.000676004,-7.65E-07,4.25E-10,0.065174227,-0.023951514,0.002092542,-1.49E-05,2,2268,1,30,15.2,15.2,18,505.339,451.974,24.9998,28.4997,30.0001,28.4915,28.3746,19.2811,27.6451,65.2136,25,402.927,16.9716,87.6622,101.284
443,1652234157,932.5,20220511 09:55:56,9:55:56,0,1652234157,0.001378949,1.378949054,6.78257041,400.052,260.6334034,26.23509634,40.26883211,0.08416609,3.020155967,0.082884419,0.051916289,44.250963,26.64605682,26.1073,3.395742095,50.04145189,1.763998551,3.525074682,1.631743544,-60.81165328,103.1807124,7.330630352,93.95065243,6.662941471,1.376313901,6.78257041,409.9326011,407.1729394,2.92E-05,66.83704872,1.378949054,16.98263064,17.52446923,-4.49E-07,86.59541668,0,0,1,0,53212.31972,-,-,0,0,#DIV/0!,0,-,-,0,0,#DIV/0!,0.5,225.5451,6.78257041,#DIV/0!,0.030071903,#DIV/0!,#DIV/0!,-,0,#DIV/0!,#DIV/0!,#DIV/0!,#DIV/0!,#DIV/0!,#DIV/0!,#DIV/0!,#DIV/0!,267.55,225.5451,0.843001682,0.165393246,2,0.5,0: Broadleaf,2,TRUE,1652234157,400.052,402.937,17.5245,16.9837,395.433,17.3238,500.072,100.559,0.0999946,26.741,26.1073,999.9,0,0,9998.75,0,3.17358,267.55,0.899936,0.100064,0,2.1583,0,1394.68,2583.65,39,42.937,41.187,41.875,39.562,240.78,26.77,0,1652234157,0,1.750188462,-0.316454717,-241.5340166,1426.711923,15,1652233242,9:40:42,1652233241,1652233242,1,-0.285,-0.028,4.62,0.189,403,17,0.4,0.09,-2.931307561,0.085085854,0.038046405,1,1.711142424,-0.191198462,0.188941564,1,0.558538659,-0.117809247,0.01175438,0,2,3,2月3日,100,100,4.619,0.2007,4.445291379,0.000676004,-7.65E-07,4.25E-10,0.065174227,-0.023951514,0.002092542,-1.49E-05,2,2268,1,30,15.3,15.2,18,505.331,452.008,24.9998,28.4997,30.0001,28.4924,28.3747,19.2816,27.6451,65.2136,25,402.856,16.9736,87.6617,101.284
444,1652234159,934.5,20220511 09:55:58,9:55:58,0,1652234159,0.001378039,1.378039484,6.712758222,400.045,261.8690058,26.35979514,40.26862291,0.084111009,3.016238659,0.082829367,0.051881878,44.10835527,26.64305326,26.1072,3.395722017,50.04684191,1.763949791,3.524597604,1.631772226,-60.77154125,102.6891361,7.305092904,93.33104304,6.525739269,1.374420868,6.712758222,409.9111597,407.1807697,1.49E-05,66.83704872,1.378039484,16.98301259,17.52433956,-8.31E-07,86.59541668,0,0,1,0,53091.98027,-,-,0,0,#DIV/0!,0,-,-,0,0,#DIV/0!,0.5,224.822199,6.712758222,#DIV/0!,0.029858076,#DIV/0!,#DIV/0!,-,0,#DIV/0!,#DIV/0!,#DIV/0!,#DIV/0!,#DIV/0!,#DIV/0!,#DIV/0!,#DIV/0!,266.693,224.822199,0.843,0.16539,2,0.5,0: Broadleaf,2,TRUE,1652234159,400.045,402.874,17.5238,16.9839,395.426,17.3232,500.217,100.56,0.100233,26.7387,26.1072,999.9,0,0,9975,0,3.17358,266.693,0.900011,0.099989,0,1.8594,0,1390.92,2575.43,38.937,42.937,41.187,41.875,39.562,240.03,26.67,0,1652234159,0,1.717024,0.681615368,-246.1938463,1418.3452,15,1652233242,9:40:42,1652233241,1652233242,1,-0.285,-0.028,4.62,0.189,403,17,0.4,0.09,-2.928545366,0.180042021,0.039991796,1,1.730057143,0.109192955,0.199795996,1,0.554809976,-0.106264578,0.010634442,0,2,3,2月3日,100,100,4.619,0.2006,4.445291379,0.000676004,-7.65E-07,4.25E-10,0.065174227,-0.023951514,0.002092542,-1.49E-05,2,2268,1,30,15.3,15.3,18,505.325,452.101,24.9998,28.5006,30.0002,28.4936,28.3759,19.2828,27.6451,64.8425,25,402.919,16.9774,87.6616,101.284
445,1652234161,936.5,20220511 09:56:00,9:56:00,0,1652234161,0.001372845,1.372844667,6.545293384,400.043,264.4742145,26.62224128,40.26873202,0.083720125,3.020594156,0.082452071,0.051644874,43.6973279,26.64013896,26.1129,3.396866602,50.04854832,1.763802332,3.5241828,1.63306427,-60.54244981,101.5835046,7.216154072,91.95453673,6.55600494,1.370884467,6.545293384,409.8518096,407.1891394,7.14E-06,66.83704872,1.372844667,16.98379357,17.52316593,-3.96E-07,86.59541668,0,0,1,0,53226.64754,-,-,0,0,#DIV/0!,0,-,-,0,0,#DIV/0!,0.5,222.730356,6.545293384,#DIV/0!,0.029386625,#DIV/0!,#DIV/0!,-,0,#DIV/0!,#DIV/0!,#DIV/0!,#DIV/0!,#DIV/0!,#DIV/0!,#DIV/0!,#DIV/0!,264.212,222.730356,0.842998637,0.16538737,2,0.5,0: Broadleaf,2,TRUE,1652234161,400.043,402.884,17.5222,16.9836,395.424,17.3216,500.135,100.561,0.100009,26.7367,26.1129,999.9,0,0,10001.2,0,3.17358,264.212,0.90006,0.0999403,0,1.8021,0,1378.37,2551.5,39,42.937,41.187,41.875,39.562,237.81,26.41,0,1652234161,0,1.72084,0.221246137,-249.2792306,1408.3604,15,1652233242,9:40:42,1652233241,1652233242,1,-0.285,-0.028,4.62,0.189,403,17,0.4,0.09,-2.916615854,0.288079233,0.048286311,1,1.740424242,-0.327078847,0.207725651,1,0.551480415,-0.093421735,0.009389449,1,3,3,3月3日,100,100,4.619,0.2006,4.445291379,0.000676004,-7.65E-07,4.25E-10,0.065174227,-0.023951514,0.002092542,-1.49E-05,2,2268,1,30,15.3,15.3,18,505.281,452.126,24.9998,28.5018,30.0002,28.4939,28.377,19.2816,27.6451,64.8425,25,402.932,16.9808,87.6621,101.284
446,1652234163,938.5,20220511 09:56:02,9:56:02,0,1652234163,0.001366848,1.36684801,6.595192971,400.028,262.9568454,26.46947959,40.26718895,0.08335164,3.02142098,0.082094971,0.051420686,43.554588,26.63886101,26.1116,3.396605527,50.04868476,1.763599557,3.523768039,1.633005969,-60.27799723,101.4972873,7.207937254,91.98181533,6.659173556,1.382376844,6.595192971,409.8373905,407.1546909,-2.47E-05,66.83704872,1.36684801,16.9836501,17.52064945,-6.76E-08,86.59541668,0,0,1,0,53252.52274,-,-,0,0,#DIV/0!,0,-,-,0,0,#DIV/0!,0.5,222.0036,6.595192971,#DIV/0!,0.029707595,#DIV/0!,#DIV/0!,-,0,#DIV/0!,#DIV/0!,#DIV/0!,#DIV/0!,#DIV/0!,#DIV/0!,#DIV/0!,#DIV/0!,263.35,222.0036,0.842998291,0.165386702,2,0.5,0: Broadleaf,2,TRUE,1652234163,400.028,402.912,17.5202,16.9771,395.409,17.3197,500.15,100.561,0.0999261,26.7347,26.1116,999.9,0,0,10006.2,0,3.17358,263.35,0.900046,0.099954,0,1.6212,0,1374.66,2543.17,39,42.937,41.187,41.875,39.562,237.03,26.32,0,1652234163,0,1.697076923,0.006557253,-245.0246149,1402.273462,15,1652233242,9:40:42,1652233241,1652233242,1,-0.285,-0.028,4.62,0.189,403,17,0.4,0.09,-2.905120976,0.297700139,0.049502283,1,1.730736364,-0.179829288,0.203528751,1,0.548519634,-0.078448056,0.007902383,1,3,3,3月3日,100,100,4.619,0.2005,4.445291379,0.000676004,-7.65E-07,4.25E-10,0.065174227,-0.023951514,0.002092542,-1.49E-05,2,2268,1,30,15.4,15.3,18,505.289,452.059,24.9997,28.5021,30.0002,28.4948,28.377,19.2819,27.6451,64.8425,25,402.88,16.9855,87.6624,101.284
447,1652234165,940.5,20220511 09:56:04,9:56:04,0,1652234165,0.001358036,1.358035573,6.724583283,399.996,259.7331394,26.14499937,40.26400016,0.08288649,3.017186769,0.08164198,0.051136495,43.19766861,26.63891743,26.1023,3.394738345,50.03844111,1.763238595,3.523768039,1.63149975,-59.88936875,102.8678112,7.315177824,93.4912889,6.701263033,1.397501016,6.724583283,409.8713437,407.1362606,-2.57E-05,66.83704872,1.358035573,16.98423755,17.51773516,-2.86E-07,86.59541668,0,0,1,0,53121.92298,-,-,0,0,#DIV/0!,0,-,-,0,0,#DIV/0!,0.5,220.174557,6.724583283,#DIV/0!,0.030542054,#DIV/0!,#DIV/0!,-,0,#DIV/0!,#DIV/0!,#DIV/0!,#DIV/0!,#DIV/0!,#DIV/0!,#DIV/0!,#DIV/0!,261.179,220.174557,0.843002527,0.165394877,2,0.5,0: Broadleaf,2,TRUE,1652234165,399.996,402.899,17.5166,16.9676,395.377,17.3161,500.19,100.561,0.100007,26.7347,26.1023,999.9,0,0,9980.62,0,3.17358,261.179,0.899917,0.100083,0,2.1348,0,1362.93,2522.11,38.937,42.937,41.187,41.875,39.562,235.04,26.14,0,1652234165,0,1.725744,0.763846141,-252.6161541,1393.658,15,1652233242,9:40:42,1652233241,1652233242,1,-0.285,-0.028,4.62,0.189,403,17,0.4,0.09,-2.900571463,0.232955122,0.047846411,1,1.7143,0.089264971,0.199873567,1,0.546658561,-0.057551289,0.006339399,1,3,3,3月3日,100,100,4.619,0.2005,4.445291379,0.000676004,-7.65E-07,4.25E-10,0.065174227,-0.023951514,0.002092542,-1.49E-05,2,2268,1,30,15.4,15.4,18,505.299,452.031,24.9997,28.5024,30.0003,28.496,28.3778,19.2831,27.6451,64.8425,25,402.973,16.9921,87.6624,101.284
448,1652234167,942.5,20220511 09:56:06,9:56:06,0,1652234167,0.00135962,1.359619952,6.609085401,400.034,262.1664187,26.3899016,40.26777323,0.082994581,3.021024154,0.081748408,0.05120316,42.82759174,26.6360094,26.0994,3.394156289,50.02956466,1.762873937,3.523664355,1.631282352,-59.95923989,103.3895295,7.3428144,93.60069577,6.581966695,1.397963236,6.609085401,409.8625997,407.1736606,2.54E-05,66.83704872,1.359619952,16.979335,17.51357143,-4.18E-07,86.59541668,0,0,1,0,53240.3624,-,-,0,0,#DIV/0!,0,-,-,0,0,#DIV/0!,0.5,218.292501,6.609085401,#DIV/0!,0.030276282,#DIV/0!,#DIV/0!,-,0,#DIV/0!,#DIV/0!,#DIV/0!,#DIV/0!,#DIV/0!,#DIV/0!,#DIV/0!,#DIV/0!,258.947,218.292501,0.843000695,0.165391342,2,0.5,0: Broadleaf,2,TRUE,1652234167,400.034,402.89,17.513,16.9637,395.414,17.3126,500.084,100.561,0.0998769,26.7342,26.0994,999.9,0,0,10003.8,0,3.17358,258.947,0.899971,0.100029,0,1.6078,0,1352.13,2500.59,38.937,42.937,41.187,41.875,39.562,233.04,25.9,0,1652234167,0,1.726692,0.125646138,-250.3153844,1383.446,15,1652233242,9:40:42,1652233241,1652233242,1,-0.285,-0.028,4.62,0.189,403,17,0.4,0.09,-2.892307317,0.143659652,0.043547847,1,1.721990909,0.147230964,0.205884207,1,0.545764073,-0.031979603,0.005183854,1,3,3,3月3日,100,100,4.62,0.2004,4.445291379,0.000676004,-7.65E-07,4.25E-10,0.065174227,-0.023951514,0.002092542,-1.49E-05,2,2268,1,30,15.4,15.4,18,505.255,452.074,24.9998,28.5037,30.0003,28.4964,28.379,19.2821,27.6451,64.8425,25,402.92,16.995,87.663,101.284
449,1652234169,944.5,20220511 09:56:08,9:56:08,0,1652234169,0.001376714,1.3767143,6.55777343,400.045,264.5333202,26.62790703,40.26850402,0.08392221,3.023370772,0.082649228,0.051768532,42.59959343,26.62705683,26.1098,3.396244067,50.02853639,1.762485014,3.522959377,1.633759053,-60.71310063,101.2204943,7.183439557,90.29042666,6.533160094,1.391292369,6.55777343,409.8383378,407.1707515,1.06E-05,66.83704872,1.3767143,16.96895601,17.50983407,-8.12E-07,86.59541668,0,0,1,0,53313.40899,-,-,0,0,#DIV/0!,0,-,-,0,0,#DIV/0!,0.5,217.128528,6.55777343,#DIV/0!,0.030202265,#DIV/0!,#DIV/0!,-,0,#DIV/0!,#DIV/0!,#DIV/0!,#DIV/0!,#DIV/0!,#DIV/0!,#DIV/0!,#DIV/0!,257.566,217.128528,0.843001514,0.165392922,2,0.5,0: Broadleaf,2,TRUE,1652234169,400.045,402.88,17.5093,16.9627,395.426,17.3091,500.158,100.56,0.0999358,26.7308,26.1098,999.9,0,0,10018.1,0,3.17358,257.566,0.899948,0.100052,0,1.6993,0,1345.46,2487.24,38.937,42.937,41.125,41.875,39.562,231.8,25.77,0,1652234169,0,1.754711538,-0.051470095,-243.5254696,1377.220769,15,1652233242,9:40:42,1652233241,1652233242,1,-0.285,-0.028,4.62,0.189,403,17,0.4,0.09,-2.882657561,0.130092544,0.042348707,1,1.726484848,0.081954993,0.179644489,1,0.545097195,-0.009893415,0.004281184,1,3,3,3月3日,100,100,4.619,0.2002,4.445291379,0.000676004,-7.65E-07,4.25E-10,0.065174227,-0.023951514,0.002092542,-1.49E-05,2,2268,1,30,15.5,15.4,18,505.247,452.078,24.9997,28.5046,30.0003,28.4973,28.3794,19.2821,27.6451,64.8425,25,402.883,17.0028,87.6635,101.284
450,1652234171,946.5,20220511 09:56:10,9:56:10,0,1652234171,0.001379113,1.379113305,6.581258662,400.039,264.1709351,26.59196518,40.26871146,0.083990282,3.02165234,0.082714537,0.051809592,42.41381061,26.62223066,26.1156,3.397408891,50.02581239,1.762067549,3.52231671,1.635341342,-60.81889675,99.71312274,7.080584046,88.38862065,6.569011927,1.382604178,6.581258662,409.8314196,407.1543697,-1.54E-05,66.83704872,1.379113305,16.96419133,17.50602527,-8.76E-07,86.59541668,0,0,1,0,53260.93082,-,-,0,0,#DIV/0!,0,-,-,0,0,#DIV/0!,0.5,216.186357,6.581258662,#DIV/0!,0.030442525,#DIV/0!,#DIV/0!,-,0,#DIV/0!,#DIV/0!,#DIV/0!,#DIV/0!,#DIV/0!,#DIV/0!,#DIV/0!,#DIV/0!,256.449,216.186357,0.842999415,0.165388871,2,0.5,0: Broadleaf,2,TRUE,1652234171,400.039,402.887,17.5048,16.9616,395.42,17.3048,500.148,100.562,0.0999641,26.7277,26.1156,999.9,0,0,10007.5,0,3.17358,256.449,0.900022,0.0999783,0,1.5656,0,1340,2476.5,38.937,42.937,41.187,41.875,39.5,230.81,25.64,0,1652234171,0,1.759584,-0.163307703,-250.3530771,1368.7272,15,1652233242,9:40:42,1652233241,1652233242,1,-0.285,-0.028,4.62,0.189,403,17,0.4,0.09,-2.879929512,0.207795679,0.043662456,1,1.744091429,0.248012524,0.181816599,1,0.544530293,0.004972829,0.003651913,1,3,3,3月3日,100,100,4.619,0.2,4.445291379,0.000676004,-7.65E-07,4.25E-10,0.065174227,-0.023951514,0.002092542,-1.49E-05,2,2268,1,30,15.5,15.5,18,505.288,452,24.9997,28.5046,30.0002,28.4985,28.3802,19.2802,27.6451,64.8425,25,402.828,17.0098,87.6629,101.283
451,1652234173,948.5,20220511 09:56:12,9:56:12,0,1652234173,0.001373836,1.37383605,6.499712368,400.069,265.35939,26.71158524,40.27171299,0.083716345,3.022478663,0.082449182,0.051642991,42.00383374,26.62014204,26.1093,3.396143667,50.02159743,1.761805026,3.522088691,1.634338641,-60.5861698,100.58772,7.140471456,89.14585535,6.528519444,1.375858968,6.499712368,409.834444,407.1901152,2.40E-05,66.83704872,1.37383605,16.96300263,17.50281429,-9.79E-07,86.59541668,0,0,1,0,53286.64258,-,-,0,0,#DIV/0!,0,-,-,0,0,#DIV/0!,0.5,214.094301,6.499712368,#DIV/0!,0.03035911,#DIV/0!,#DIV/0!,-,0,#DIV/0!,#DIV/0!,#DIV/0!,#DIV/0!,#DIV/0!,#DIV/0!,#DIV/0!,#DIV/0!,253.967,214.094301,0.843000473,0.165390912,2,0.5,0: Broadleaf,2,TRUE,1652234173,400.069,402.9,17.5022,16.9616,395.45,17.3022,500.103,100.562,0.0999183,26.7266,26.1093,999.9,0,0,10012.5,0,3.17358,253.967,0.899979,0.100021,0,1.5989,0,1327.46,2452.51,38.937,42.937,41.187,41.875,39.5,228.56,25.4,0,1652234173,0,1.740896,0.375638447,-250.5892306,1358.7516,15,1652233242,9:40:42,1652233241,1652233242,1,-0.285,-0.028,4.62,0.189,403,17,0.4,0.09,-2.878630732,0.299308432,0.044204354,1,1.742518182,0.24374512,0.173389041,1,0.544019585,0.010712446,0.003401205,1,3,3,3月3日,100,100,4.619,0.2,4.445291379,0.000676004,-7.65E-07,4.25E-10,0.065174227,-0.023951514,0.002092542,-1.49E-05,2,2268,1,30,15.5,15.5,18,505.337,451.943,24.9997,28.5055,30.0003,28.4988,28.3814,19.2791,27.6451,64.8425,25,402.88,17.0169,87.662,101.283
452,1652234175,950.5,20220511 09:56:14,9:56:14,0,1652234175,0.001370085,1.370085197,6.503087066,400.061,265.0112153,26.67601698,40.27012222,0.083525016,3.024097217,0.082264256,0.051526849,41.868768,26.620369,26.1034,3.394959148,50.01119049,1.761438485,3.522088691,1.633520663,-60.42075719,101.6034925,7.208505386,90.26000868,6.500492384,1.367964526,6.503087066,409.843937,407.1987697,1.62E-05,66.83704872,1.370085197,16.96145068,17.49969011,-9.69E-07,86.59541668,0,0,1,0,53336.6032,-,-,0,0,#DIV/0!,0,-,-,0,0,#DIV/0!,0.5,213.4056,6.503087066,#DIV/0!,0.030472898,#DIV/0!,#DIV/0!,-,0,#DIV/0!,#DIV/0!,#DIV/0!,#DIV/0!,#DIV/0!,#DIV/0!,#DIV/0!,#DIV/0!,253.15,213.4056,0.843000593,0.165391144,2,0.5,0: Broadleaf,2,TRUE,1652234175,400.061,402.879,17.4989,16.9615,395.442,17.2991,500.196,100.56,0.0999549,26.7266,26.1034,999.9,0,0,10022.5,0,3.17358,253.15,0.899964,0.100036,0,1.9339,0,1323.42,2444.61,38.937,42.937,41.187,41.875,39.5,227.83,25.32,0,1652234175,0,1.761261538,0.383070077,-243.3319653,1352.610769,15,1652233242,9:40:42,1652233241,1652233242,1,-0.285,-0.028,4.62,0.189,403,17,0.4,0.09,-2.867856341,0.290087875,0.043279082,1,1.756845455,-0.056518,0.166776995,1,0.543379463,0.008997031,0.003497294,1,3,3,3月3日,100,100,4.619,0.1998,4.445291379,0.000676004,-7.65E-07,4.25E-10,0.065174227,-0.023951514,0.002092542,-1.49E-05,2,2268,1,30,15.6,15.5,18,505.298,451.897,24.9997,28.5067,30.0002,28.4997,28.3818,19.2788,27.6451,64.8425,25,402.851,17.0238,87.6618,101.283
453,1652234177,952.5,20220511 09:56:16,9:56:16,0,1652234177,0.00136093,1.360930407,6.545234719,400.059,263.3282011,26.50668019,40.27003535,0.082942388,3.019138087,0.081697005,0.051170963,41.54638133,26.61867245,26.104,3.395079591,50.01035968,1.761201907,3.521674145,1.633877684,-60.01703096,101.0136796,7.178380979,89.72141097,6.464543685,1.361114223,6.545234719,409.8372811,407.1747091,-1.84E-05,66.83704872,1.360930407,16.9618176,17.49655055,-7.44E-07,86.59541668,0,0,1,0,53183.8522,-,-,0,0,#DIV/0!,0,-,-,0,0,#DIV/0!,0.5,211.766358,6.545234719,#DIV/0!,0.030907812,#DIV/0!,#DIV/0!,-,0,#DIV/0!,#DIV/0!,#DIV/0!,#DIV/0!,#DIV/0!,#DIV/0!,#DIV/0!,#DIV/0!,251.206,211.766358,0.842998806,0.165387695,2,0.5,0: Broadleaf,2,TRUE,1652234177,400.059,402.862,17.4965,16.9617,395.44,17.2968,500.112,100.56,0.100241,26.7246,26.104,999.9,0,0,9992.5,0,3.17358,251.206,0.900024,0.099976,0,1.541,0,1314.5,2425.87,38.937,42.937,41.125,41.875,39.5,226.09,25.11,0,1652234177,0,1.759892,0.123930762,-249.8953848,1343.9872,15,1652233242,9:40:42,1652233241,1652233242,1,-0.285,-0.028,4.62,0.189,403,17,0.4,0.09,-2.853819756,0.188770871,0.032185852,1,1.766377143,0.087019961,0.165609256,1,0.542733927,-0.000765303,0.003990445,1,3,3,3月3日,100,100,4.619,0.1997,4.445291379,0.000676004,-7.65E-07,4.25E-10,0.065174227,-0.023951514,0.002092542,-1.49E-05,2,2268,1,30,15.6,15.6,18,505.292,451.936,24.9997,28.507,30.0001,28.5009,28.3826,19.2774,27.6451,64.8425,25,402.796,17.0293,87.6624,101.283
454,1652234179,954.5,20220511 09:56:18,9:56:18,0,1652234179,0.001359284,1.35928392,6.500432741,400.053,264.126857,26.58705776,40.26940819,0.0828993,3.016860375,0.081654276,0.051144225,41.13879443,26.6140752,26.0979,3.39385526,50.01483943,1.761090166,3.521135299,1.632765094,-59.94442086,101.5067298,7.218550377,89.91965381,6.362277404,1.357003088,6.500432741,409.8197744,407.1757818,-5.78E-06,66.83704872,1.35928392,16.96154902,17.49555165,-9.57E-07,86.59541668,0,0,1,0,53114.09412,-,-,0,0,#DIV/0!,0,-,-,0,0,#DIV/0!,0.5,209.684628,6.500432741,#DIV/0!,0.031000998,#DIV/0!,#DIV/0!,-,0,#DIV/0!,#DIV/0!,#DIV/0!,#DIV/0!,#DIV/0!,#DIV/0!,#DIV/0!,#DIV/0!,248.736,209.684628,0.843000724,0.165391397,2,0.5,0: Broadleaf,2,TRUE,1652234179,400.053,402.814,17.4954,16.9623,395.433,17.2956,500.192,100.56,0.100183,26.722,26.0979,999.9,0,0,9978.75,0,3.17768,248.736,0.899979,0.100021,0,1.9751,0,1301.62,2402,38.937,42.937,41.187,41.875,39.5,223.86,24.88,0,1652234179,0,1.78056,0.15334615,-250.1830767,1333.8572,15,1652233242,9:40:42,1652233241,1652233242,1,-0.285,-0.028,4.62,0.189,403,17,0.4,0.09,-2.84421122,0.173774425,0.030016159,1,1.744981818,0.18394135,0.159351912,1,0.542112683,-0.016860941,0.004666462,1,3,3,3月3日,100,100,4.62,0.1998,4.445291379,0.000676004,-7.65E-07,4.25E-10,0.065174227,-0.023951514,0.002092542,-1.49E-05,2,2268,1,30,15.6,15.6,18,505.249,451.995,24.9997,28.507,30.0001,28.5012,28.3838,19.28,27.6451,64.8425,25,402.844,17.0363,87.6634,101.283
455,1652234181,956.5,20220511 09:56:20,9:56:20,0,1652234181,0.001356611,1.356610562,6.399884071,400.05,265.9630391,26.77234514,40.26979354,0.08282308,3.020101085,0.081581638,0.051098512,40.95626178,26.61271265,26.0885,3.391969341,50.01321328,1.760918901,3.520907347,1.63105044,-59.82652577,102.9671718,7.314166416,91.41107419,6.259809661,1.351194323,6.399884071,409.7774483,407.1744242,-1.68E-06,66.83704872,1.356610562,16.9615015,17.49443297,-6.19E-07,86.59541668,0,0,1,0,53214.25967,-,-,0,0,#DIV/0!,0,-,-,0,0,#DIV/0!,0.5,208.753986,6.399884071,#DIV/0!,0.030657542,#DIV/0!,#DIV/0!,-,0,#DIV/0!,#DIV/0!,#DIV/0!,#DIV/0!,#DIV/0!,#DIV/0!,#DIV/0!,#DIV/0!,247.632,208.753986,0.843000848,0.165391637,2,0.5,0: Broadleaf,2,TRUE,1652234181,400.05,402.769,17.4934,16.9626,395.431,17.2938,500.21,100.562,0.0999011,26.7209,26.0885,999.9,0,0,9998.12,0,3.20504,247.632,0.899962,0.100038,0,1.6077,0,1296.22,2391.32,38.875,42.937,41.187,41.875,39.5,222.86,24.77,0,1652234181,0,1.756323077,-0.01211624,-245.9025636,1327.707308,15,1652233242,9:40:42,1652233241,1652233242,1,-0.285,-0.028,4.62,0.189,403,17,0.4,0.09,-2.835901463,0.302572265,0.038732914,1,1.764921212,0.214459469,0.154694028,1,0.54139961,-0.034730091,0.005404099,1,3,3,3月3日,100,100,4.619,0.1996,4.445291379,0.000676004,-7.65E-07,4.25E-10,0.065174227,-0.023951514,0.002092542,-1.49E-05,2,2268,1,30,15.7,15.6,18,505.158,452.016,24.9997,28.5079,30.0001,28.5015,28.3842,19.2802,27.6451,64.8425,25,402.797,17.0439,87.6638,101.283
456,1652234183,958.5,20220511 09:56:22,9:56:22,0,1652234183,0.001349893,1.349893386,6.323740035,400.04,266.8352645,26.86014927,40.26879332,0.082419398,3.021239029,0.081190386,0.050852886,40.72865218,26.6111438,26.0866,3.391588256,50.01539157,1.76078832,3.520492922,1.630799936,-59.53029831,102.9896807,7.312866954,91.50090148,6.344726527,1.345641207,6.323740035,409.7323805,407.159503,-1.24E-05,66.83704872,1.349893386,16.96218985,17.49266264,-3.01E-07,86.59541668,0,0,1,0,53249.73473,-,-,0,0,#DIV/0!,0,-,-,0,0,#DIV/0!,0.5,207.591729,6.323740035,#DIV/0!,0.030462389,#DIV/0!,#DIV/0!,-,0,#DIV/0!,#DIV/0!,#DIV/0!,#DIV/0!,#DIV/0!,#DIV/0!,#DIV/0!,#DIV/0!,246.253,207.591729,0.843001827,0.165393527,2,0.5,0: Broadleaf,2,TRUE,1652234183,400.04,402.793,17.4921,16.9633,395.421,17.2925,500.039,100.562,0.0999171,26.7189,26.0866,999.9,0,0,10005,0,3.22829,246.253,0.899937,0.100063,0,2.0422,0,1289.09,2377.99,38.875,42.937,41.125,41.875,39.5,221.61,24.64,0,1652234183,0,1.792588,0.194276925,-250.5484617,1319.0816,15,1652233242,9:40:42,1652233241,1652233242,1,-0.285,-0.028,4.62,0.189,403,17,0.4,0.09,-2.825499512,0.464599652,0.049399536,1,1.764125714,0.208590998,0.16934299,1,0.540595073,-0.055874613,0.006254023,1,3,3,3月3日,100,100,4.619,0.1996,4.445291379,0.000676004,-7.65E-07,4.25E-10,0.065174227,-0.023951514,0.002092542,-1.49E-05,2,2268,1,30,15.7,15.7,18,505.261,451.971,24.9997,28.5091,30.0001,28.5027,28.385,19.2801,27.3742,64.8425,25,402.818,17.0528,87.6639,101.283
457,1652234185,960.5,20220511 09:56:24,9:56:24,0,1652234185,0.001347002,1.347001909,6.394942838,400.023,265.1857079,26.69405804,40.26701614,0.082248772,3.025054241,0.081026322,0.05074977,40.406373,26.6093557,26.085,3.391267371,50.01423337,1.760664643,3.520327164,1.630602728,-59.40278419,103.2502051,7.322031336,91.57582527,6.477750637,1.342125735,6.394942838,409.7334074,407.1322303,-2.79E-05,66.83704872,1.347001909,16.96260682,17.49182527,-4.55E-07,86.59541668,0,0,1,0,53367.74295,-,-,0,0,#DIV/0!,0,-,-,0,0,#DIV/0!,0.5,205.9533,6.394942838,#DIV/0!,0.031050451,#DIV/0!,#DIV/0!,-,0,#DIV/0!,#DIV/0!,#DIV/0!,#DIV/0!,#DIV/0!,#DIV/0!,#DIV/0!,#DIV/0!,244.31,205.9533,0.842999877,0.165389763,2,0.5,0: Broadleaf,2,TRUE,1652234185,400.023,402.828,17.4909,16.9636,395.404,17.2913,500.152,100.562,0.0997523,26.7181,26.085,999.9,0,0,10028.1,0,3.22829,244.31,0.899999,0.100001,0,1.5245,0,1280.1,2359.27,38.875,42.937,41.125,41.875,39.5,219.88,24.43,0,1652234185,0,1.767776,0.174023074,-248.9423075,1309.3132,15,1652233242,9:40:42,1652233241,1652233242,1,-0.285,-0.028,4.62,0.189,403,17,0.4,0.09,-2.813590488,0.442247456,0.04782949,1,1.777157576,0.038096425,0.178375878,1,0.539321049,-0.070490655,0.007041747,1,3,3,3月3日,100,100,4.619,0.1996,4.445291379,0.000676004,-7.65E-07,4.25E-10,0.065174227,-0.023951514,0.002092542,-1.49E-05,2,2268,1,30,15.7,15.7,18,505.284,451.948,24.9997,28.5094,30.0002,28.5036,28.3862,19.2792,27.3742,64.8425,25,402.684,17.061,87.6639,101.283
458,1652234187,962.5,20220511 09:56:26,9:56:26,0,1652234187,0.001341405,1.341405348,6.409543746,400.031,264.3538276,26.61064313,40.26831115,0.081881421,3.022495114,0.08066877,0.050525437,40.27070361,26.60960644,26.0869,3.391648425,50.01343711,1.760605525,3.520265007,1.631042899,-59.15597584,102.8043705,7.296645971,91.21574426,6.508997313,1.339075664,6.409543746,409.7704578,407.1631273,1.35E-05,66.83704872,1.341405348,16.96309941,17.49011648,-2.57E-07,86.59541668,0,0,1,0,53288.73703,-,-,0,0,#DIV/0!,0,-,-,0,0,#DIV/0!,0.5,205.261257,6.409543746,#DIV/0!,0.031226272,#DIV/0!,#DIV/0!,-,0,#DIV/0!,#DIV/0!,#DIV/0!,#DIV/0!,#DIV/0!,#DIV/0!,#DIV/0!,#DIV/0!,243.489,205.261257,0.843000123,0.165390238,2,0.5,0: Broadleaf,2,TRUE,1652234187,400.031,402.848,17.4901,16.964,395.412,17.2905,500.154,100.563,0.0999765,26.7178,26.0869,999.9,0,0,10012.5,0,3.2324,243.489,0.899984,0.100016,0,1.5738,0,1276.35,2351.32,38.875,42.937,41.125,41.875,39.5,219.14,24.35,0,1652234187,0,1.767015385,-0.288116237,-240.8061534,1303.195385,15,1652233242,9:40:42,1652233241,1652233242,1,-0.285,-0.028,4.62,0.189,403,17,0.4,0.09,-2.804416829,0.307621254,0.039303968,1,1.765484848,-0.167129774,0.17710949,1,0.537269488,-0.072160725,0.007170598,1,3,3,3月3日,100,100,4.619,0.1996,4.445291379,0.000676004,-7.65E-07,4.25E-10,0.065174227,-0.023951514,0.002092542,-1.49E-05,2,2268,1,30,15.8,15.7,18,505.302,451.918,24.9997,28.5103,30.0002,28.5039,28.3866,19.2789,27.3742,64.8425,25,402.864,17.0661,87.6639,101.283
459,1652234189,964.5,20220511 09:56:28,9:56:28,0,1652234189,0.001338325,1.338325138,6.438020144,400.039,263.5106721,26.52612526,40.26965791,0.081690317,3.015060349,0.080480346,0.050407435,39.89988261,26.60630798,26.0872,3.391708595,50.01768414,1.760578866,3.519912799,1.631129729,-59.02013858,102.2263954,7.273463992,90.37960343,6.404155067,1.337186332,6.438020144,409.792149,407.173,1.82E-05,66.83704872,1.338325138,16.9632685,17.48911868,-3.53E-07,86.59541668,0,0,1,0,53059.7758,-,-,0,0,#DIV/0!,0,-,-,0,0,#DIV/0!,0.5,203.372757,6.438020144,#DIV/0!,0.031656256,#DIV/0!,#DIV/0!,-,0,#DIV/0!,#DIV/0!,#DIV/0!,#DIV/0!,#DIV/0!,#DIV/0!,#DIV/0!,#DIV/0!,241.249,203.372757,0.842999378,0.1653888,2,0.5,0: Broadleaf,2,TRUE,1652234189,400.039,402.814,17.4896,16.9642,395.419,17.2901,500.114,100.564,0.10033,26.7161,26.0872,999.9,0,0,9967.5,0,3.24197,241.249,0.90004,0.0999601,0,1.9279,0,1264.94,2329.73,38.875,42.937,41.125,41.812,39.5,217.13,24.12,0,1652234189,0,1.771876,-0.21390769,-241.3261541,1294.7512,15,1652233242,9:40:42,1652233241,1652233242,1,-0.285,-0.028,4.62,0.189,403,17,0.4,0.09,-2.800238049,0.223485993,0.036585682,1,1.769225714,-0.228666928,0.177521573,1,0.534960195,-0.067993923,0.006767467,1,3,3,3月3日,100,100,4.62,0.1995,4.445291379,0.000676004,-7.65E-07,4.25E-10,0.065174227,-0.023951514,0.002092542,-1.49E-05,2,2268,1,30,15.8,15.8,18,505.358,451.919,24.9998,28.5116,30.0002,28.5051,28.3868,19.2802,27.0955,64.8425,25,402.818,17.0734,87.6637,101.283
460,1652234191,966.5,20220511 09:56:30,9:56:30,0,1652234191,0.00133593,1.335929692,6.498909204,400.021,262.0367085,26.37767449,40.26773114,0.081519352,3.017754776,0.080315459,0.050303845,39.54073005,26.60354487,26.0888,3.392029516,50.0190891,1.760483249,3.519622769,1.631546267,-58.91449944,101.8296711,7.238775046,89.69467672,6.342277151,1.333424856,6.498909204,409.7749958,407.1319333,-2.64E-05,66.83704872,1.335929692,16.96409813,17.48888462,-3.76E-07,86.59541668,0,0,1,0,53143.03981,-,-,0,0,#DIV/0!,0,-,-,0,0,#DIV/0!,0.5,201.540285,6.498909204,#DIV/0!,0.032246204,#DIV/0!,#DIV/0!,-,0,#DIV/0!,#DIV/0!,#DIV/0!,#DIV/0!,#DIV/0!,#DIV/0!,#DIV/0!,#DIV/0!,239.075,201.540285,0.843000251,0.165390484,2,0.5,0: Broadleaf,2,TRUE,1652234191,400.021,402.77,17.4887,16.9649,395.402,17.2892,500.231,100.564,0.100043,26.7147,26.0888,999.9,0,0,9983.75,0,3.23787,239.075,0.899997,0.100003,0,1.8366,0,1253.67,2308.71,38.875,42.937,41.125,41.812,39.5,215.17,23.91,0,1652234191,0,1.74196,-0.274361535,-236.9384615,1285.1952,15,1652233242,9:40:42,1652233241,1652233242,1,-0.285,-0.028,4.62,0.189,403,17,0.4,0.09,-2.792997073,0.206985784,0.035547525,1,1.751221212,-0.168677681,0.185835161,1,0.532840829,-0.061234871,0.006119052,1,3,3,3月3日,100,100,4.619,0.1995,4.445291379,0.000676004,-7.65E-07,4.25E-10,0.065174227,-0.023951514,0.002092542,-1.49E-05,2,2268,1,30,15.8,15.8,18,505.273,451.945,24.9998,28.5119,30.0003,28.5061,28.388,19.2796,27.0955,64.8425,25,402.801,17.0793,87.6634,101.283
461,1652234193,968.5,20220511 09:56:32,9:56:32,0,1652234193,0.001331646,1.331646431,6.339520495,400.013,264.7390778,26.64944223,40.26652742,0.081244406,3.017428475,0.080048429,0.050136255,39.40060343,26.60241336,26.089,3.392069633,50.01928362,1.760345034,3.519332759,1.631724598,-58.72560762,101.5583795,7.22022698,89.45360234,6.437460423,1.322392941,6.339520495,409.7195223,407.1405091,-6.25E-06,66.83704872,1.331646431,16.96429313,17.48752967,-9.16E-08,86.59541668,0,0,1,0,53133.20841,-,-,0,0,#DIV/0!,0,-,-,0,0,#DIV/0!,0.5,200.824728,6.339520495,#DIV/0!,0.03156743,#DIV/0!,#DIV/0!,-,0,#DIV/0!,#DIV/0!,#DIV/0!,#DIV/0!,#DIV/0!,#DIV/0!,#DIV/0!,#DIV/0!,238.226,200.824728,0.843000882,0.165391701,2,0.5,0: Broadleaf,2,TRUE,1652234193,400.013,402.799,17.4875,16.9679,395.394,17.288,500.103,100.563,0.100047,26.7133,26.089,999.9,0,0,9981.88,0,3.22829,238.226,0.899986,0.100014,0,1.7629,0,1250.15,2300.51,38.875,42.937,41.125,41.812,39.5,214.4,23.83,0,1652234193,0,1.756888462,-0.52699829,-233.5353843,1279.078846,15,1652233242,9:40:42,1652233241,1652233242,1,-0.285,-0.028,4.62,0.189,403,17,0.4,0.09,-2.78282122,0.172192892,0.032502516,1,1.760645455,-0.14780945,0.188497147,1,0.530820878,-0.055298383,0.005519152,1,3,3,3月3日,100,100,4.619,0.1995,4.445291379,0.000676004,-7.65E-07,4.25E-10,0.065174227,-0.023951514,0.002092542,-1.49E-05,2,2268,1,30,15.9,15.8,18,505.227,452.037,24.9998,28.5119,30.0003,28.5061,28.3891,19.2801,26.8248,64.8425,25,402.83,17.0853,87.6635,101.283
462,1652234195,970.5,20220511 09:56:34,9:56:34,0,1652234195,0.001331622,1.33162198,6.339874794,400.036,264.8359246,26.6594367,40.26921362,0.081293874,3.019306518,0.080097184,0.05016679,39.0765629,26.59892554,26.0838,3.391026725,50.02303325,1.760300852,3.518980633,1.630725873,-58.7245293,102.1913083,7.260454684,89.80379658,6.445996012,1.313760082,6.339874794,409.737438,407.1581939,1.61E-05,66.83704872,1.33162198,16.96438656,17.48760659,-3.08E-07,86.59541668,0,0,1,0,53191.44047,-,-,0,0,#DIV/0!,0,-,-,0,0,#DIV/0!,0.5,199.177056,6.339874794,#DIV/0!,0.031830347,#DIV/0!,#DIV/0!,-,0,#DIV/0!,#DIV/0!,#DIV/0!,#DIV/0!,#DIV/0!,#DIV/0!,#DIV/0!,#DIV/0!,236.272,199.177056,0.842998984,0.16538804,2,0.5,0: Broadleaf,2,TRUE,1652234195,400.036,402.824,17.4869,16.9707,395.417,17.2875,500.111,100.564,0.0999743,26.7116,26.0838,999.9,0,0,9993.12,0,3.22829,236.272,0.900051,0.0999491,0,1.714,0,1239.52,2281.68,38.875,42.875,41.062,41.812,39.437,212.66,23.62,0,1652234195,0,1.743956,-0.048461537,-245.9230772,1270.5704,15,1652233242,9:40:42,1652233241,1652233242,1,-0.285,-0.028,4.62,0.189,403,17,0.4,0.09,-2.778614878,0.087116446,0.029225535,1,1.759314286,-0.173225049,0.185928922,1,0.528705415,-0.054281728,0.005401789,1,3,3,3月3日,100,100,4.619,0.1994,4.445291379,0.000676004,-7.65E-07,4.25E-10,0.065174227,-0.023951514,0.002092542,-1.49E-05,2,2268,1,30,15.9,15.9,18,505.218,452.088,24.9997,28.5128,30.0003,28.507,28.3892,19.2795,26.8248,64.8425,25,402.777,17.0962,87.6644,101.282
463,1652234197,972.5,20220511 09:56:36,9:56:36,0,1652234197,0.00132551,1.325509855,6.49634774,400.029,261.2212093,26.2955553,40.26849397,0.080950938,3.021371133,0.079765042,0.049958252,38.75583039,26.59760397,26.0805,3.390365025,50.02796994,1.760360595,3.518752803,1.63000443,-58.45498462,102.6195411,7.285736946,90.20612383,6.437408053,1.311569978,6.49634774,409.7843904,407.1418121,-6.98E-06,66.83704872,1.325509855,16.967219,17.4879978,-3.23E-07,86.59541668,0,0,1,0,53255.34884,-,-,0,0,#DIV/0!,0,-,-,0,0,#DIV/0!,0.5,197.540943,6.49634774,#DIV/0!,0.032886082,#DIV/0!,#DIV/0!,-,0,#DIV/0!,#DIV/0!,#DIV/0!,#DIV/0!,#DIV/0!,#DIV/0!,#DIV/0!,#DIV/0!,234.331,197.540943,0.842999616,0.165389259,2,0.5,0: Broadleaf,2,TRUE,1652234197,400.029,402.813,17.4875,16.9722,395.41,17.2881,500.149,100.564,0.0999368,26.7105,26.0805,999.9,0,0,10005.6,0,3.22829,234.331,0.900015,0.0999849,0,1.8345,0,1229.91,2262.91,38.812,42.937,41.125,41.812,39.437,210.9,23.43,0,1652234197,0,1.766132,0.473476923,-246.613077,1260.8996,15,1652233242,9:40:42,1652233241,1652233242,1,-0.285,-0.028,4.62,0.189,403,17,0.4,0.09,-2.776141707,-0.000240627,0.027099566,1,1.752578788,0.018756782,0.197520337,1,0.526637756,-0.056097993,0.005601777,1,3,3,3月3日,100,100,4.619,0.1994,4.445291379,0.000676004,-7.65E-07,4.25E-10,0.065174227,-0.023951514,0.002092542,-1.49E-05,2,2268,1,30,15.9,15.9,18,505.306,451.931,24.9998,28.514,30.0003,28.5082,28.3904,19.2787,26.8248,64.8425,25,402.756,17.0602,87.6651,101.282
464,1652234199,974.5,20220511 09:56:38,9:56:38,0,1652234199,0.001314149,1.314149239,6.402016224,400.065,261.9909331,26.37304198,40.27212284,0.080226993,3.02199929,0.079062287,0.049517165,38.57362851,26.59885253,26.0825,3.390766042,50.03002901,1.760370878,3.518628538,1.630395164,-57.95398143,102.2172789,7.255719651,90.09264567,6.42311214,1.307319937,6.402016224,409.7647929,407.1601273,1.18E-05,66.83704872,1.314149239,16.97030919,17.48669231,1.26E-07,86.59541668,0,0,1,0,53274.85071,-,-,0,0,#DIV/0!,0,-,-,0,0,#DIV/0!,0.5,196.611987,6.402016224,#DIV/0!,0.032561678,#DIV/0!,#DIV/0!,-,0,#DIV/0!,#DIV/0!,#DIV/0!,#DIV/0!,#DIV/0!,#DIV/0!,#DIV/0!,#DIV/0!,233.229,196.611987,0.842999743,0.165389503,2,0.5,0: Broadleaf,2,TRUE,1652234199,400.065,402.843,17.4876,16.9739,395.446,17.2881,500.081,100.564,0.0999492,26.7099,26.0825,999.9,0,0,10009.4,0,3.22829,233.229,0.899994,0.100006,0,1.6114,0,1224.64,2252.25,38.812,42.875,41.062,41.812,39.437,209.9,23.32,0,1652234199,0,1.76075,1.091271795,-248.7729912,1254.581154,15,1652233242,9:40:42,1652233241,1652233242,1,-0.285,-0.028,4.62,0.189,403,17,0.4,0.09,-2.774204146,-0.08996676,0.025149858,1,1.779133333,0.119838548,0.203190882,1,0.524676805,-0.058616571,0.005853516,1,3,3,3月3日,100,100,4.619,0.1995,4.445291379,0.000676004,-7.65E-07,4.25E-10,0.065174227,-0.023951514,0.002092542,-1.49E-05,2,2268,1,30,16,15.9,18,505.402,451.856,24.9998,28.5143,30.0003,28.5085,28.3915,19.2741,26.8248,64.8425,25,402.647,17.0602,87.6648,101.282
465,1652234201,976.5,20220511 09:56:40,9:56:40,0,1652234201,0.001311613,1.3116126,6.305383023,400.094,263.7553653,26.55068038,40.27507802,0.08010247,3.021470331,0.078941149,0.049441155,38.20896823,26.59598556,26.0793,3.390124434,50.0341965,1.760372448,3.5183386,1.629751986,-57.84211568,102.4925955,7.276368538,90.13581661,6.348598083,1.304914438,6.305383023,409.7879859,407.2231697,5.57E-05,66.83704872,1.3116126,16.97192642,17.48715824,-5.76E-08,86.59541668,0,0,1,0,53258.76679,-,-,0,0,#DIV/0!,0,-,-,0,0,#DIV/0!,0.5,194.756214,6.305383023,#DIV/0!,0.032375773,#DIV/0!,#DIV/0!,-,0,#DIV/0!,#DIV/0!,#DIV/0!,#DIV/0!,#DIV/0!,#DIV/0!,#DIV/0!,#DIV/0!,231.028,194.756214,0.842998312,0.165386742,2,0.5,0: Broadleaf,2,TRUE,1652234201,400.094,402.841,17.4876,16.975,395.475,17.2882,500.232,100.564,0.100039,26.7085,26.0793,999.9,0,0,10006.2,0,3.22829,231.028,0.900052,0.099948,0,1.3959,0,1212.99,2231.04,38.812,42.875,41.062,41.812,39.437,207.94,23.09,0,1652234201,0,1.7963,0.540900006,-259.1107698,1245.8852,15,1652233242,9:40:42,1652233241,1652233242,1,-0.285,-0.028,4.62,0.189,403,17,0.4,0.09,-2.775312195,-0.093125017,0.024729473,1,1.788005714,0.597809002,0.212027629,1,0.522731293,-0.060274098,0.006012951,1,3,3,3月3日,100,100,4.619,0.1994,4.445291379,0.000676004,-7.65E-07,4.25E-10,0.065174227,-0.023951514,0.002092542,-1.49E-05,2,2268,1,30,16,16,18,505.28,451.822,24.9998,28.5146,30.0003,28.5088,28.3915,19.2753,26.5476,64.8425,25,402.751,17.0602,87.6644,101.282
466,1652234203,978.5,20220511 09:56:42,9:56:42,0,1652234203,0.001311087,1.311087413,6.371793818,400.073,262.3831927,26.4126262,40.2730773,0.080086801,3.015578005,0.078923698,0.049430404,37.84508556,26.59102395,26.078,3.389863812,50.04315637,1.76039753,3.517758787,1.629466281,-57.8189549,102.0488556,7.258872675,89.33385897,6.22361624,1.303545439,6.371793818,409.815012,407.2232121,1.48E-05,66.83704872,1.311087413,16.97349325,17.48855714,-2.02E-07,86.59541668,0,0,1,0,53077.55965,-,-,0,0,#DIV/0!,0,-,-,0,0,#DIV/0!,0.5,192.898572,6.371793818,#DIV/0!,0.033031835,#DIV/0!,#DIV/0!,-,0,#DIV/0!,#DIV/0!,#DIV/0!,#DIV/0!,#DIV/0!,#DIV/0!,#DIV/0!,#DIV/0!,228.824,192.898572,0.842999738,0.165389494,2,0.5,0: Broadleaf,2,TRUE,1652234203,400.073,402.77,17.4878,16.9757,395.453,17.2884,500.195,100.564,0.100322,26.7057,26.078,999.9,0,0,9970.62,0,3.24197,228.824,0.900008,0.099992,0,1.6836,0,1201.93,2209.73,38.812,42.875,41.062,41.812,39.437,205.94,22.88,0,1652234203,0,1.790928,0.195646152,-258.7853847,1235.586,15,1652233242,9:40:42,1652233241,1652233242,1,-0.285,-0.028,4.62,0.189,403,17,0.4,0.09,-2.775542927,0.045163484,0.024505528,1,1.774145455,0.235051382,0.215645108,1,0.520935341,-0.059297645,0.005929824,1,3,3,3月3日,100,100,4.62,0.1994,4.445291379,0.000676004,-7.65E-07,4.25E-10,0.065174227,-0.023951514,0.002092542,-1.49E-05,2,2268,1,30,16,16,18,505.367,451.795,24.9999,28.5158,30.0003,28.51,28.3923,19.2754,26.5476,64.8425,25,402.786,17.0602,87.6642,101.282
467,1652234205,980.5,20220511 09:56:44,9:56:44,0,1652234205,0.001306419,1.306418737,6.360238255,400.051,262.0610891,26.380067,40.27065681,0.079749808,3.022197608,0.078598883,0.049226324,37.70974695,26.58906246,26.0826,3.390786094,50.0517046,1.760428797,3.517220463,1.630357297,-57.61306629,101.0997512,7.175681878,88.3721137,6.175264666,1.301984233,6.360238255,409.7487673,407.1614242,-4.70E-05,66.83704872,1.306418737,16.97475538,17.4880967,1.74E-07,86.59541668,0,0,1,0,53282.18399,-,-,0,0,#DIV/0!,0,-,-,0,0,#DIV/0!,0.5,192.208215,6.360238255,#DIV/0!,0.033090356,#DIV/0!,#DIV/0!,-,0,#DIV/0!,#DIV/0!,#DIV/0!,#DIV/0!,#DIV/0!,#DIV/0!,#DIV/0!,#DIV/0!,228.005,192.208215,0.843,0.16539,2,0.5,0: Broadleaf,2,TRUE,1652234205,400.051,402.729,17.4882,16.9766,395.432,17.2887,500.084,100.564,0.0998074,26.7031,26.0826,999.9,0,0,10010.6,0,3.24197,228.005,0.899997,0.100003,0,1.534,0,1198,2201.81,38.812,42.875,41.062,41.812,39.437,205.2,22.8,0,1652234205,0,1.78655,0.135661538,-257.8724784,1229.221923,15,1652233242,9:40:42,1652233241,1652233242,1,-0.285,-0.028,4.62,0.189,403,17,0.4,0.09,-2.769294146,0.225461603,0.03541443,1,1.778618182,0.397176801,0.201778257,1,0.519227268,-0.057124118,0.005743883,1,3,3,3月3日,100,100,4.619,0.1995,4.445291379,0.000676004,-7.65E-07,4.25E-10,0.065174227,-0.023951514,0.002092542,-1.49E-05,2,2268,1,30,16.1,16,18,505.36,451.838,24.9999,28.5167,30.0001,28.5109,28.3935,19.2751,26.5476,64.8425,25,402.714,17.0602,87.6638,101.282
468,1652234207,982.5,20220511 09:56:46,9:56:46,0,1652234207,0.001304756,1.304755957,6.223261267,400.038,264.7364111,26.6493755,40.26934878,0.079707688,3.022924578,0.078558241,0.049200793,37.38997382,26.5856762,26.0767,3.389603207,50.05874306,1.760469088,3.516806417,1.629134118,-57.53973771,101.7596605,7.220497162,88.83039377,6.207394071,1.299943828,6.223261267,409.6798235,407.1485758,-2.57E-05,66.83704872,1.304755957,16.97562086,17.48821099,8.39E-08,86.59541668,0,0,1,0,53304.99441,-,-,0,0,#DIV/0!,0,-,-,0,0,#DIV/0!,0.5,190.574871,6.223261267,#DIV/0!,0.032655204,#DIV/0!,#DIV/0!,-,0,#DIV/0!,#DIV/0!,#DIV/0!,#DIV/0!,#DIV/0!,#DIV/0!,#DIV/0!,#DIV/0!,226.067,190.574871,0.843001725,0.165393329,2,0.5,0: Broadleaf,2,TRUE,1652234207,400.038,402.728,17.4886,16.9779,395.418,17.2891,500.18,100.564,0.0998089,26.7011,26.0767,999.9,0,0,10015,0,3.22829,226.067,0.89996,0.10004,0,1.8097,0,1187.81,2183.07,38.812,42.875,41.062,41.812,39.437,203.45,22.62,0,1652234207,0,1.786616,-0.402400002,-259.0392312,1220.0088,15,1652233242,9:40:42,1652233241,1652233242,1,-0.285,-0.028,4.62,0.189,403,17,0.4,0.09,-2.758308537,0.294035331,0.041173732,1,1.768177143,0.090305284,0.195994634,1,0.517599171,-0.052759087,0.00536877,1,3,3,3月3日,100,100,4.62,0.1995,4.445291379,0.000676004,-7.65E-07,4.25E-10,0.065174227,-0.023951514,0.002092542,-1.49E-05,2,2268,1,30,16.1,16.1,18,505.129,451.858,24.9999,28.5167,30.0001,28.5112,28.3939,19.2754,26.5476,64.8425,25,402.754,17.0602,87.6638,101.282
469,1652234209,984.5,20220511 09:56:48,9:56:48,0,1652234209,0.001302877,1.302876815,6.157178846,400.055,266.0066702,26.77727204,40.27110132,0.079657092,3.020238217,0.078508088,0.049169408,37.11249871,26.5833646,26.0702,3.388300443,50.0617495,1.760460825,3.51657871,1.627839618,-57.45686754,102.5484967,7.28266503,89.48679291,6.190097475,1.296681769,6.157178846,409.6793999,407.1744061,1.56E-05,66.83704872,1.302876815,16.9765377,17.48847143,6.93E-08,86.59541668,0,0,1,0,53222.24554,-,-,0,0,#DIV/0!,0,-,-,0,0,#DIV/0!,0.5,189.166401,6.157178846,#DIV/0!,0.032549009,#DIV/0!,#DIV/0!,-,0,#DIV/0!,#DIV/0!,#DIV/0!,#DIV/0!,#DIV/0!,#DIV/0!,#DIV/0!,#DIV/0!,224.397,189.166401,0.842998797,0.165387678,2,0.5,0: Broadleaf,2,TRUE,1652234209,400.055,402.738,17.4885,16.979,395.436,17.289,500.1,100.564,0.099912,26.7,26.0702,999.9,0,0,9998.75,0,3.22829,224.397,0.900033,0.0999671,0,1.3922,0,1179.99,2166.99,38.812,42.875,41.062,41.812,39.437,201.96,22.43,0,1652234209,0,1.7605,-1.387384616,-256.6384616,1209.974,15,1652233242,9:40:42,1652233241,1652233242,1,-0.285,-0.028,4.62,0.189,403,17,0.4,0.09,-2.747136098,0.308903415,0.042216024,1,1.773312121,-0.191288093,0.189268027,1,0.516081244,-0.048192941,0.00497838,1,3,3,3月3日,100,100,4.619,0.1995,4.445291379,0.000676004,-7.65E-07,4.25E-10,0.065174227,-0.023951514,0.002092542,-1.49E-05,2,2268,1,30,16.1,16.1,18,505.201,451.842,25,28.5177,30.0001,28.5125,28.3941,19.2742,26.267,64.8425,25,402.674,17.0602,87.664,101.282
470,1652234211,986.5,20220511 09:56:50,9:56:50,0,1652234211,0.001300106,1.300106064,6.236251946,400.032,264.2078699,26.59618965,40.26877376,0.079531363,3.022511564,0.078386803,0.049093214,36.88818861,26.58236141,26.0655,3.387358717,50.06320768,1.760460288,3.516475211,1.626898429,-57.33467744,103.310074,7.331040655,90.19462578,6.174911092,1.295809431,6.236251946,409.6961024,407.1588424,-6.11E-06,66.83704872,1.300106064,16.97772397,17.48861209,3.25E-08,86.59541668,0,0,1,0,53292.52084,-,-,0,0,#DIV/0!,0,-,-,0,0,#DIV/0!,0.5,188.021757,6.236251946,#DIV/0!,0.033167714,#DIV/0!,#DIV/0!,-,0,#DIV/0!,#DIV/0!,#DIV/0!,#DIV/0!,#DIV/0!,#DIV/0!,#DIV/0!,#DIV/0!,223.039,188.021757,0.842999462,0.165388962,2,0.5,0: Broadleaf,2,TRUE,1652234211,400.032,402.709,17.4885,16.9793,395.413,17.289,500.058,100.564,0.0998813,26.6995,26.0655,999.9,0,0,10012.5,0,3.22829,223.039,0.900006,0.0999941,0,1.879,0,1172.56,2153.86,38.812,42.875,41.062,41.812,39.437,200.74,22.3,0,1652234211,0,1.756369231,-0.872745298,-261.9463245,1203.531923,15,1652233242,9:40:42,1652233241,1652233242,1,-0.285,-0.028,4.62,0.189,403,17,0.4,0.09,-2.738832195,0.351709338,0.044493153,1,1.75810303,-0.686014787,0.195121717,1,0.514578317,-0.041357394,0.004336655,1,3,3,3月3日,100,100,4.619,0.1995,4.445291379,0.000676004,-7.65E-07,4.25E-10,0.065174227,-0.023951514,0.002092542,-1.49E-05,2,2268,1,30,16.2,16.1,18,505.271,451.818,25,28.5189,30.0002,28.5134,28.3953,19.2762,26.267,64.8425,25,402.752,17.0602,87.6636,101.282
471,1652234213,988.5,20220511 09:56:52,9:56:52,0,1652234213,0.001296291,1.296291257,6.208277,400.022,264.4404184,26.61969268,40.26790901,0.079324489,3.019203884,0.078184601,0.048966425,36.51896361,26.57908879,26.0623,3.386717673,50.06698799,1.76038596,3.516061242,1.626331713,-57.16644443,103.3923423,7.344725113,90.08958663,6.246653558,1.29117049,6.208277,409.6776148,407.1526364,-9.64E-06,66.83704872,1.296291257,16.97887928,17.48809011,7.37E-08,86.59541668,0,0,1,0,53190.77702,-,-,0,0,#DIV/0!,0,-,-,0,0,#DIV/0!,0.5,186.141657,6.208277,#DIV/0!,0.033352432,#DIV/0!,#DIV/0!,-,0,#DIV/0!,#DIV/0!,#DIV/0!,#DIV/0!,#DIV/0!,#DIV/0!,#DIV/0!,#DIV/0!,220.809,186.141657,0.842998506,0.165387116,2,0.5,0: Broadleaf,2,TRUE,1652234213,400.022,402.726,17.4877,16.9805,395.402,17.2882,500.233,100.564,0.100236,26.6975,26.0623,999.9,0,0,9992.5,0,3.22829,220.809,0.900067,0.0999326,0,1.587,0,1160.98,2132.36,38.812,42.875,41.062,41.812,39.437,198.74,22.07,0,1652234213,0,1.74936,-0.405423077,-261.2069235,1194.1632,15,1652233242,9:40:42,1652233241,1652233242,1,-0.285,-0.028,4.62,0.189,403,17,0.4,0.09,-2.732318537,0.41571554,0.047181957,1,1.779288571,-0.320850881,0.196580013,1,0.513129854,-0.032145449,0.003319695,1,3,3,3月3日,100,100,4.62,0.1995,4.445291379,0.000676004,-7.65E-07,4.25E-10,0.065174227,-0.023951514,0.002092542,-1.49E-05,2,2268,1,30,16.2,16.2,18,505.256,451.777,24.9999,28.5192,30.0003,28.5134,28.3963,19.2747,26.267,64.8425,25,402.729,17.0602,87.6632,101.282
472,1652234215,990.4000001,20220511 09:56:54,9:56:54,0,1652234215,0.001294599,1.294598933,6.192435766,400.052,264.6936033,26.64491598,40.27053089,0.079261528,3.015666065,0.078122121,0.048927332,36.38764422,26.57693354,26.0582,3.38589649,50.07236257,1.760398759,3.515709402,1.625497732,-57.09181295,103.6613835,7.372261784,90.32947652,6.195294381,1.286182368,6.192435766,409.6817061,407.1627719,8.17E-06,66.83704872,1.294598933,16.9788212,17.48742792,2.63E-08,86.59541668,0,0,1,0,53082.00426,-,-,0,0,#DIV/0!,0,-,-,0,0,#DIV/0!,0.5,185.467014,6.192435766,#DIV/0!,0.03338834,#DIV/0!,#DIV/0!,-,0,#DIV/0!,#DIV/0!,#DIV/0!,#DIV/0!,#DIV/0!,#DIV/0!,#DIV/0!,#DIV/0!,220.008,185.467014,0.843001227,0.165392369,2,0.5,0: Broadleaf,2,TRUE,1652234215,400.052,402.735,17.488,16.9827,395.432,17.2886,500.174,100.563,0.100241,26.6958,26.0582,999.9,0,0,9971.25,0,3.22829,220.008,0.899945,0.100055,0,1.8507,0,1157.65,2124.55,38.75,42.875,41.062,41.812,39.375,198,22.01,0,1652234215,0,1.70296,0.241607691,-251.2723077,1184.1748,15,1652233242,9:40:42,1652233241,1652233242,1,-0.285,-0.028,4.62,0.189,403,17,0.4,0.09,-2.722956585,0.377425233,0.044831667,1,1.756567647,-0.66917814,0.19978489,1,0.511513244,-0.02892885,0.002917495,1,3,3,3月3日,100,100,4.62,0.1994,4.445291379,0.000676004,-7.65E-07,4.25E-10,0.065174227,-0.023951514,0.002092542,-1.49E-05,2,2268,1,30,16.2,16.2,18,505.325,451.793,24.9998,28.5195,30.0002,28.5143,28.3963,19.2753,26.267,64.8425,25,402.671,17.0602,87.6635,101.281
473,1652234217,992.4000001,20220511 09:56:56,9:56:56,0,1652234217,0.001292868,1.292868156,6.184363164,400.074,264.6827001,26.64398285,40.27299401,0.079135925,3.0200314,0.078001714,0.048851622,36.07045942,26.57571299,26.0601,3.386277017,50.07353055,1.760439821,3.515709402,1.625837196,-57.01548567,103.5020885,7.350362922,89.90742518,6.076906751,1.281845356,6.184363164,409.6938095,407.1780891,1.64E-05,66.83704872,1.292868156,16.97993046,17.48786267,-2.08E-07,86.59541668,0,0,1,0,53216.60934,-,-,0,0,#DIV/0!,0,-,-,0,0,#DIV/0!,0.5,183.847128,6.184363164,#DIV/0!,0.033638617,#DIV/0!,#DIV/0!,-,0,#DIV/0!,#DIV/0!,#DIV/0!,#DIV/0!,#DIV/0!,#DIV/0!,#DIV/0!,#DIV/0!,218.086,183.847128,0.843002889,0.165395575,2,0.5,0: Broadleaf,2,TRUE,1652234217,400.074,402.709,17.4883,16.9847,395.455,17.2888,500.17,100.564,0.0998622,26.6958,26.0601,999.9,0,0,9997.5,0,3.22829,218.086,0.899906,0.100094,0,1.9588,0,1147.73,2105.97,38.75,42.875,41.062,41.812,39.437,196.26,21.83,0,1652234217,0,1.725826923,0.179675211,-246.1507689,1178.180385,15,1652233242,9:40:42,1652233241,1652233242,1,-0.285,-0.028,4.62,0.189,403,17,0.4,0.09,-2.710720244,0.341123453,0.041858371,1,1.755067647,-0.604617203,0.1912971,1,0.510327976,-0.030574608,0.003100055,1,3,3,3月3日,100,100,4.619,0.1995,4.445291379,0.000676004,-7.65E-07,4.25E-10,0.065174227,-0.023951514,0.002092542,-1.49E-05,2,2268,1,30,16.3,16.2,18,505.335,451.716,24.9999,28.5207,30.0002,28.5155,28.3971,19.2725,26.267,64.8425,25,402.615,17.0602,87.6637,101.281
474,1652234219,994.4000001,20220511 09:56:58,9:56:58,0,1652234219,0.00129166,1.291659759,6.043870357,400.085,267.3985294,26.91704366,40.27361496,0.079047421,3.026208658,0.077918001,0.04879888,35.74664218,26.5737937,26.0621,3.386677612,50.08099378,1.76064002,3.51558523,1.626037591,-56.96219539,103.2896073,7.32035137,89.39440547,6.065571356,1.284054335,6.043870357,409.6663284,407.2075455,2.49E-05,66.83704872,1.291659759,16.98248705,17.48997674,-1.82E-07,86.59541668,0,0,1,0,53407.54595,-,-,0,0,#DIV/0!,0,-,-,0,0,#DIV/0!,0.5,182.200329,6.043870357,#DIV/0!,0.033171567,#DIV/0!,#DIV/0!,-,0,#DIV/0!,#DIV/0!,#DIV/0!,#DIV/0!,#DIV/0!,#DIV/0!,#DIV/0!,#DIV/0!,216.133,182.200329,0.843000972,0.165391875,2,0.5,0: Broadleaf,2,TRUE,1652234219,400.085,402.716,17.4905,16.986,395.465,17.291,500.137,100.563,0.0996466,26.6952,26.0621,999.9,0,0,10035,0,3.22829,216.133,0.899976,0.100024,0,1.9905,0,1136.94,2087.15,38.75,42.875,41,41.812,39.437,194.51,21.62,0,1652234219,0,1.743092,0.984453846,-246.5200003,1169.33,15,1652233242,9:40:42,1652233241,1652233242,1,-0.285,-0.028,4.62,0.189,403,17,0.4,0.09,-2.695147073,0.313006878,0.038564948,1,1.757508571,-0.07653935,0.185471756,1,0.509289317,-0.031374973,0.003176615,1,3,3,3月3日,100,100,4.62,0.1995,4.445291379,0.000676004,-7.65E-07,4.25E-10,0.065174227,-0.023951514,0.002092542,-1.49E-05,2,2268,1,30,16.3,16.3,18,505.198,451.792,24.9999,28.5216,30.0001,28.5158,28.3983,19.2721,26.267,64.4676,25,402.626,17.0602,87.6641,101.282
475,1652234221,996.4000001,20220511 09:57:00,9:57:00,0,1652234221,0.001293305,1.293304647,6.039137173,400.078,267.784826,26.95606866,40.27311853,0.079238334,3.020627056,0.078101429,0.048914181,35.42386684,26.57021809,26.054,3.385055459,50.08735924,1.760749786,3.515357592,1.624305673,-57.03473494,104.2390341,7.400949359,90.02911541,5.948845319,1.286729289,6.039137173,409.6728745,407.2158424,1.27E-05,66.83704872,1.293304647,16.98415801,17.49234066,8.56E-08,86.59541668,0,0,1,0,53235.27218,-,-,0,0,#DIV/0!,0,-,-,0,0,#DIV/0!,0.5,180.559371,6.039137173,#DIV/0!,0.033446822,#DIV/0!,#DIV/0!,-,0,#DIV/0!,#DIV/0!,#DIV/0!,#DIV/0!,#DIV/0!,#DIV/0!,#DIV/0!,#DIV/0!,214.187,180.559371,0.842998739,0.165387567,2,0.5,0: Broadleaf,2,TRUE,1652234221,400.078,402.663,17.4915,16.9859,395.458,17.2919,500.088,100.563,0.100167,26.6941,26.054,999.9,0,0,10001.2,0,3.22829,214.187,0.900047,0.0999533,0,1.2568,0,1127.87,2068.4,38.75,42.812,41.062,41.812,39.375,192.78,21.41,0,1652234221,0,1.74076,0.28155384,-248.3492309,1159.184,15,1652233242,9:40:42,1652233241,1652233242,1,-0.285,-0.028,4.62,0.189,403,17,0.4,0.09,-2.679095854,0.276118111,0.033809445,1,1.740232353,0.581515662,0.167630739,1,0.508476415,-0.030685828,0.003126051,1,3,3,3月3日,100,100,4.62,0.1996,4.445291379,0.000676004,-7.65E-07,4.25E-10,0.065174227,-0.023951514,0.002092542,-1.49E-05,2,2268,1,30,16.3,16.3,18,505.247,451.862,24.9999,28.5216,30.0002,28.5161,28.3987,19.2741,25.9948,64.4676,25,402.724,17.0602,87.664,101.281
476,1652234223,998.4000001,20220511 09:57:02,9:57:02,0,1652234223,0.001285681,1.28568148,6.014607247,400.075,267.7271496,26.95077547,40.27358268,0.078869114,3.020874968,0.07774279,0.0486891,35.24023433,26.56940185,26.043,3.382853622,50.0887427,1.760622218,3.515005813,1.622231404,-56.69855328,105.7622005,7.50800008,91.81188162,5.847880268,1.29371907,6.014607247,409.6385357,407.1923455,-1.37E-05,66.83704872,1.28568148,16.98547234,17.49050879,8.45E-07,86.59541668,0,0,1,0,53243.26968,-,-,0,0,#DIV/0!,0,-,-,0,0,#DIV/0!,0.5,179.622858,6.014607247,#DIV/0!,0.033484643,#DIV/0!,#DIV/0!,-,0,#DIV/0!,#DIV/0!,#DIV/0!,#DIV/0!,#DIV/0!,#DIV/0!,#DIV/0!,#DIV/0!,213.076,179.622858,0.842999014,0.165388098,2,0.5,0: Broadleaf,2,TRUE,1652234223,400.075,402.62,17.4899,16.9817,395.456,17.2904,500.233,100.565,0.100082,26.6924,26.043,999.9,0,0,10002.5,0,3.22829,213.076,0.900024,0.0999758,0,1.8704,0,1122.12,2057.66,38.75,42.875,41,41.812,39.375,191.77,21.3,0,1652234223,0,1.748857692,0.442533326,-253.8550425,1152.776154,15,1652233242,9:40:42,1652233241,1652233242,1,-0.285,-0.028,4.62,0.189,403,17,0.4,0.09,-2.662136098,0.348851549,0.043039756,1,1.743732353,0.122008993,0.177842747,1,0.507822585,-0.025845012,0.002824944,1,3,3,3月3日,100,100,4.619,0.1995,4.445291379,0.000676004,-7.65E-07,4.25E-10,0.065174227,-0.023951514,0.002092542,-1.49E-05,2,2268,1,30,16.4,16.3,18,505.397,451.73,24.9999,28.5219,30.0003,28.5173,28.3989,19.2728,25.9948,64.4676,25,402.597,17.0602,87.6638,101.281
477,1652234225,1000.4,20220511 09:57:04,9:57:04,0,1652234225,0.001277413,1.277412862,5.861861672,400.068,270.1246304,27.19177877,40.2723755,0.078402505,3.023552168,0.077290338,0.048405071,34.87381269,26.56609307,26.0372,3.381693157,50.09442022,1.760469386,3.514302347,1.621223772,-56.33390722,106.2471442,7.535400234,92.32244994,5.938263982,1.28853272,5.861861672,409.5760348,407.1912909,-7.50E-06,66.83704872,1.277412862,16.98680993,17.48873846,3.01E-07,86.59541668,0,0,1,0,53326.53791,-,-,0,0,#DIV/0!,0,-,-,0,0,#DIV/0!,0.5,177.757842,5.861861672,#DIV/0!,0.03297667,#DIV/0!,#DIV/0!,-,0,#DIV/0!,#DIV/0!,#DIV/0!,#DIV/0!,#DIV/0!,#DIV/0!,#DIV/0!,#DIV/0!,210.864,177.757842,0.842997581,0.165385332,2,0.5,0: Broadleaf,2,TRUE,1652234225,400.068,402.649,17.4886,16.9823,395.449,17.2891,500.098,100.564,0.0998259,26.689,26.0372,999.9,0,0,10018.8,0,3.24608,210.864,0.900089,0.0999114,0,1.6452,0,1110.61,2036.33,38.75,42.875,41,41.75,39.375,189.8,21.07,0,1652234225,0,1.768396,-0.573792315,-257.7569236,1143.7212,15,1652233242,9:40:42,1652233241,1652233242,1,-0.285,-0.028,4.62,0.189,403,17,0.4,0.09,-2.648850732,0.468031418,0.052804139,1,1.739671429,0.153744022,0.175362826,1,0.507476366,-0.017031659,0.00249326,1,3,3,3月3日,100,100,4.619,0.1995,4.445291379,0.000676004,-7.65E-07,4.25E-10,0.065174227,-0.023951514,0.002092542,-1.49E-05,2,2268,1,30,16.4,16.4,18,505.358,451.773,24.9998,28.5232,30.0002,28.5182,28.4001,19.2725,25.9948,64.4676,25,402.688,17.0602,87.6639,101.281
478,1652234227,1002.4,20220511 09:57:06,9:57:06,0,1652234227,0.001285104,1.285103933,5.92765976,400.054,269.4862328,27.12729453,40.2706386,0.078878158,3.018048125,0.077750539,0.048694056,34.47079902,26.5602258,26.0371,3.381673152,50.09527686,1.760354401,3.514012721,1.621318751,-56.67308346,105.8422113,7.520314495,91.16024139,5.902882439,1.266274693,5.92765976,409.5926401,407.1813758,-7.90E-06,66.83704872,1.285103933,16.98280312,17.4877033,-3.60E-07,86.59541668,0,0,1,0,53156.86839,-,-,0,0,#DIV/0!,0,-,-,0,0,#DIV/0!,0.5,175.694385,5.92765976,#DIV/0!,0.03373847,#DIV/0!,#DIV/0!,-,0,#DIV/0!,#DIV/0!,#DIV/0!,#DIV/0!,#DIV/0!,#DIV/0!,#DIV/0!,#DIV/0!,208.415,175.694385,0.843002591,0.165395,2,0.5,0: Broadleaf,2,TRUE,1652234227,400.054,402.617,17.4876,16.9901,395.435,17.2881,500.153,100.563,0.100007,26.6876,26.0371,999.9,0,0,9985.62,0,3.27343,208.415,0.89992,0.10008,0,1.7629,0,1097.46,2012.59,38.75,42.875,41,41.812,39.375,187.56,20.86,0,1652234227,0,1.765296,0.590576915,-267.8723078,1133.4496,15,1652233242,9:40:42,1652233241,1652233242,1,-0.285,-0.028,4.62,0.189,403,17,0.4,0.09,-2.637887317,0.512082493,0.055461705,0,1.759064706,0.404919928,0.183506714,1,0.50668661,-0.01652664,0.002537973,1,2,3,2月3日,100,100,4.619,0.1995,4.445291379,0.000676004,-7.65E-07,4.25E-10,0.065174227,-0.023951514,0.002092542,-1.49E-05,2,2268,1,30,16.4,16.4,18,505.343,451.765,24.9998,28.5241,30.0001,28.5182,28.4011,19.274,25.9948,64.4676,25,402.682,17.0602,87.6636,101.281
479,1652234229,1004.4,20220511 09:57:08,9:57:08,0,1652234229,0.001287947,1.287947217,5.960228343,400.037,269.0409618,27.08244166,40.26888189,0.079032669,3.019084795,0.077901044,0.048788475,34.37492217,26.55989771,26.0394,3.382133293,50.09313912,1.760372547,3.514198907,1.621760745,-56.79847228,105.6506963,7.504249629,90.73139577,5.879158643,1.255751436,5.960228343,409.5839993,407.1593576,-1.74E-05,66.83704872,1.287947217,16.98101067,17.48706374,-3.68E-07,86.59541668,0,0,1,0,53188.67936,-,-,0,0,#DIV/0!,0,-,-,0,0,#DIV/0!,0.5,175.211529,5.960228343,#DIV/0!,0.03401733,#DIV/0!,#DIV/0!,-,0,#DIV/0!,#DIV/0!,#DIV/0!,#DIV/0!,#DIV/0!,#DIV/0!,#DIV/0!,#DIV/0!,207.843,175.211529,0.842999423,0.165388886,2,0.5,0: Broadleaf,2,TRUE,1652234229,400.037,402.589,17.4878,16.9944,395.417,17.2884,500.118,100.563,0.0998934,26.6885,26.0394,999.9,0,0,9991.88,0,3.28301,207.843,0.900028,0.0999718,0,1.7729,0,1094.72,2007.12,38.75,42.875,41,41.812,39.375,187.06,20.78,0,1652234229,0,1.786634615,0.333842733,-273.6413672,1126.982692,15,1652233242,9:40:42,1652233241,1652233242,1,-0.285,-0.028,4.62,0.189,403,17,0.4,0.09,-2.624862195,0.535526831,0.057110626,0,1.768629412,0.437898957,0.192134539,1,0.50520461,-0.027543174,0.004004095,1,2,3,2月3日,100,100,4.62,0.1994,4.445291379,0.000676004,-7.65E-07,4.25E-10,0.065174227,-0.023951514,0.002092542,-1.49E-05,2,2268,1,30,16.5,16.4,18,505.35,451.681,24.9998,28.5241,30,28.5191,28.4011,19.2741,25.9948,64.4676,25,402.673,17.0602,87.6638,101.281
480,1652234231,1006.4,20220511 09:57:10,9:57:10,0,1652234231,0.001272497,1.272496642,5.971740369,400.002,267.2216187,26.89962295,40.26584013,0.07802176,3.017754776,0.076918203,0.048171727,34.05817565,26.55993666,26.0448,3.383213837,50.10049587,1.760423795,3.513785172,1.622790042,-56.11710191,104.4002236,7.418824366,89.76012165,6.149464339,1.254691129,5.971740369,409.5555268,407.1261939,-3.16E-05,66.83704872,1.272496642,16.98846688,17.48846593,-4.30E-07,86.59541668,0,0,1,0,53148.04048,-,-,0,0,#DIV/0!,0,-,-,0,0,#DIV/0!,0.5,173.594142,5.971740369,#DIV/0!,0.034400587,#DIV/0!,#DIV/0!,-,0,#DIV/0!,#DIV/0!,#DIV/0!,#DIV/0!,#DIV/0!,#DIV/0!,#DIV/0!,#DIV/0!,205.924,173.594142,0.84300102,0.165391968,2,0.5,0: Broadleaf,2,TRUE,1652234231,400.002,402.662,17.4881,16.9951,395.382,17.2886,500.101,100.564,0.100097,26.6865,26.0448,999.9,0,0,9983.75,0,3.28711,205.924,0.899987,0.100013,0,1.8887,0,1084.42,1988.58,38.75,42.875,41,41.75,39.375,185.33,20.6,0,1652234231,0,1.799316,-0.056200003,-270.378462,1117.2888,15,1652233242,9:40:42,1652233241,1652233242,1,-0.285,-0.028,4.62,0.189,403,17,0.4,0.09,-2.616491951,0.447781701,0.054580499,1,1.782422857,0.05659857,0.175927471,1,0.503621049,-0.037585248,0.005026002,1,3,3,3月3日,100,100,4.62,0.1995,4.445291379,0.000676004,-7.65E-07,4.25E-10,0.065174227,-0.023951514,0.002092542,-1.49E-05,2,2268,1,30,16.5,16.5,18,505.298,451.754,24.9998,28.525,30.0001,28.5203,28.4019,19.2744,25.9948,64.4676,25,402.73,17.0602,87.6644,101.281
481,1652234233,1008.4,20220511 09:57:12,9:57:12,0,1652234233,0.001261166,1.261165715,6.126898434,400.001,262.9144839,26.46628513,40.26609854,0.077318337,3.019634141,0.076235105,0.047743,33.783372,26.55989964,26.0456,3.383373943,50.10994274,1.760610624,3.513495582,1.622763319,-55.61740803,104.1070929,7.393367433,89.66642426,6.32715834,1.257746781,6.126898434,409.6115102,407.1194545,-1.29E-05,66.83704872,1.261165715,16.99397375,17.48941758,-7.49E-08,86.59541668,0,0,1,0,53206.27317,-,-,0,0,#DIV/0!,0,-,-,0,0,#DIV/0!,0.5,172.1916,6.126898434,#DIV/0!,0.035581866,#DIV/0!,#DIV/0!,-,0,#DIV/0!,#DIV/0!,#DIV/0!,#DIV/0!,#DIV/0!,#DIV/0!,#DIV/0!,#DIV/0!,204.26,172.1916,0.843002056,0.165393968,2,0.5,0: Broadleaf,2,TRUE,1652234233,400.001,402.732,17.4898,16.9957,395.382,17.2903,500.202,100.565,0.0999947,26.6851,26.0456,999.9,0,0,9995,0,3.31447,204.26,0.899951,0.100049,0,1.6832,0,1076.47,1972.49,38.687,42.812,41,41.75,39.375,183.82,20.44,0,1652234233,0,1.76364,-0.145007693,-259.9800001,1106.7888,15,1652233242,9:40:42,1652233241,1652233242,1,-0.285,-0.028,4.62,0.189,403,17,0.4,0.09,-2.618062683,0.190262059,0.057381577,1,1.761664706,0.155594961,0.176535145,1,0.502096195,-0.042763275,0.005477112,1,3,3,3月3日,100,100,4.619,0.1995,4.445291379,0.000676004,-7.65E-07,4.25E-10,0.065174227,-0.023951514,0.002092542,-1.49E-05,2,2268,1,30,16.5,16.5,18,505.223,451.764,24.9998,28.5262,30.0002,28.5206,28.4032,19.2726,25.9948,64.4676,25,402.673,17.0602,87.6644,101.281
482,1652234235,1010.4,20220511 09:57:14,9:57:14,0,1652234235,0.001258983,1.258982663,6.205497488,400.055,261.1934001,26.2935552,40.27233544,0.077224754,3.019873906,0.076144206,0.047685952,33.55650654,26.55946016,26.0415,3.382553468,50.10948138,1.760625509,3.513557635,1.621927959,-55.52113546,104.8317119,7.444094953,90.31117794,6.107051505,1.253624901,6.205497488,409.6900312,407.1651333,3.50E-05,66.83704872,1.258982663,16.9950659,17.48976923,2.67E-07,86.59541668,0,0,1,0,53213.661,-,-,0,0,#DIV/0!,0,-,-,0,0,#DIV/0!,0.5,171.035787,6.205497488,#DIV/0!,0.036281866,#DIV/0!,#DIV/0!,-,0,#DIV/0!,#DIV/0!,#DIV/0!,#DIV/0!,#DIV/0!,#DIV/0!,#DIV/0!,#DIV/0!,202.889,171.035787,0.843001774,0.165393425,2,0.5,0: Broadleaf,2,TRUE,1652234235,400.055,402.698,17.4896,16.997,395.435,17.2901,500.081,100.567,0.0999969,26.6854,26.0415,999.9,0,0,9996.25,0,3.33773,202.889,0.899921,0.100079,0,1.6136,0,1069.53,1959.23,38.687,42.812,41,41.75,39.312,182.58,20.3,0,1652234235,0,1.759676923,0.188629057,-262.2471792,1100.331154,15,1652233242,9:40:42,1652233241,1652233242,1,-0.285,-0.028,4.62,0.189,403,17,0.4,0.09,-2.6162565,-0.131450206,0.057413301,1,1.784964706,-0.057129332,0.177964955,1,0.5006936,-0.048807872,0.005808041,1,3,3,3月3日,100,100,4.62,0.1995,4.445291379,0.000676004,-7.65E-07,4.25E-10,0.065174227,-0.023951514,0.002092542,-1.49E-05,2,2268,1,30,16.6,16.5,18,505.287,451.667,24.9997,28.5265,30.0001,28.521,28.4036,19.2714,25.9948,64.4676,25,402.581,17.0602,87.6639,101.281
483,1652234237,1012.4,20220511 09:57:16,9:57:16,0,1652234237,0.001256602,1.256601635,6.019773108,400.098,264.8863242,26.66533624,40.27670258,0.077102595,3.018425317,0.076024928,0.047611149,33.22679285,26.55611455,26.039,3.382053264,50.11600265,1.760647323,3.513143966,1.621405941,-55.41613212,104.8627904,7.449707464,90.12315855,5.836882462,1.250277251,6.019773108,409.670249,407.2212182,5.57E-05,66.83704872,1.256601635,16.99555602,17.48923846,3.61E-07,86.59541668,0,0,1,0,53169.33033,-,-,0,0,#DIV/0!,0,-,-,0,0,#DIV/0!,0.5,169.363971,6.019773108,#DIV/0!,0.03554341,#DIV/0!,#DIV/0!,-,0,#DIV/0!,#DIV/0!,#DIV/0!,#DIV/0!,#DIV/0!,#DIV/0!,#DIV/0!,#DIV/0!,200.907,169.363971,0.842996864,0.165383948,2,0.5,0: Broadleaf,2,TRUE,1652234237,400.098,402.632,17.4898,16.9986,395.479,17.2903,500.167,100.567,0.100093,26.6834,26.039,999.9,0,0,9987.5,0,3.34183,200.907,0.900111,0.0998889,0,1.8883,0,1059.03,1940.19,38.687,42.812,41,41.75,39.375,180.84,20.07,0,1652234237,0,1.789956,0.225399999,-259.5723082,1091.2064,15,1652233242,9:40:42,1652233241,1652233242,1,-0.285,-0.028,4.62,0.189,403,17,0.4,0.09,-2.608377,-0.176975235,0.056755663,1,1.788628571,-0.039661057,0.178825186,1,0.499450525,-0.055637752,0.006200245,1,3,3,3月3日,100,100,4.619,0.1995,4.445291379,0.000676004,-7.65E-07,4.25E-10,0.065174227,-0.023951514,0.002092542,-1.49E-05,2,2268,1,30,16.6,16.6,18,505.312,451.723,24.9997,28.5265,30.0001,28.5222,28.4044,19.2704,25.9948,64.4676,25,402.631,17.0602,87.6639,101.281
484,1652234239,1014.4,20220511 09:57:18,9:57:18,0,1652234239,0.001259596,1.25959631,5.91005975,400.075,267.4703394,26.92518283,40.27397035,0.077312639,3.019443698,0.076229498,0.047739488,32.91230391,26.55189371,26.0372,3.381693157,50.12537151,1.760800231,3.51279238,1.620892926,-55.54819727,104.9144483,7.450732868,89.72928777,5.839071907,1.25214127,5.91005975,409.5969212,407.1930121,-7.51E-06,66.83704872,1.25959631,16.99657524,17.49140549,-2.17E-07,86.59541668,0,0,1,0,53201.02271,-,-,0,0,#DIV/0!,0,-,-,0,0,#DIV/0!,0.5,167.758356,5.91005975,#DIV/0!,0.0352296,#DIV/0!,#DIV/0!,-,0,#DIV/0!,#DIV/0!,#DIV/0!,#DIV/0!,#DIV/0!,#DIV/0!,#DIV/0!,#DIV/0!,199.002,167.758356,0.842998342,0.1653868,2,0.5,0: Broadleaf,2,TRUE,1652234239,400.075,402.61,17.4915,16.9996,395.456,17.2919,500.199,100.566,0.100051,26.6817,26.0372,999.9,0,0,9993.75,0,3.36919,199.002,0.900067,0.099933,0,1.7926,0,1049.19,1921.77,38.687,42.812,41,41.75,39.312,179.12,19.89,0,1652234239,0,1.810176,0.110807688,-250.9469232,1080.942,15,1652233242,9:40:42,1652233241,1652233242,1,-0.285,-0.028,4.62,0.189,403,17,0.4,0.09,-2.59777225,-0.088969644,0.061211173,1,1.789002941,0.287762314,0.179914049,1,0.498209975,-0.058519171,0.006357395,1,3,3,3月3日,100,100,4.619,0.1996,4.445291379,0.000676004,-7.65E-07,4.25E-10,0.065174227,-0.023951514,0.002092542,-1.49E-05,2,2268,1,30,16.6,16.6,18,505.336,451.682,24.9998,28.5268,30.0002,28.5231,28.4056,19.2696,25.9948,64.4676,25,402.537,17.0602,87.664,101.281
485,1652234241,1016.4,20220511 09:57:20,9:57:20,0,1652234241,0.00125862,1.258620192,5.904030215,400.034,267.4604468,26.92415582,40.26979644,0.077251418,3.021404032,0.076170669,0.04770251,32.728506,26.55176573,26.0376,3.381773178,50.12612198,1.760888793,3.512916466,1.620884385,-55.50515045,105.0151406,7.453082315,89.69157843,5.890133438,1.253202182,5.904030215,409.5643916,407.1626727,-3.47E-05,66.83704872,1.258620192,16.99815611,17.49268352,1.80E-07,86.59541668,0,0,1,0,53261.41938,-,-,0,0,#DIV/0!,0,-,-,0,0,#DIV/0!,0.5,166.821,5.904030215,#DIV/0!,0.035391409,#DIV/0!,#DIV/0!,-,0,#DIV/0!,#DIV/0!,#DIV/0!,#DIV/0!,#DIV/0!,#DIV/0!,#DIV/0!,#DIV/0!,197.89,166.821,0.842998636,0.165387367,2,0.5,0: Broadleaf,2,TRUE,1652234241,400.034,402.59,17.4924,17,395.415,17.2928,500.114,100.566,0.0999345,26.6823,26.0376,999.9,0,0,10005.6,0,3.39244,197.89,0.900049,0.0999509,0,1.8457,0,1043.69,1911.02,38.687,42.812,41,41.75,39.312,178.11,19.78,0,1652234241,0,1.808780769,-0.186492312,-248.7610254,1074.633846,15,1652233242,9:40:42,1652233241,1652233242,1,-0.285,-0.028,4.62,0.189,403,17,0.4,0.09,-2.5901835,-0.034571482,0.062962452,1,1.774382353,0.379607777,0.176341636,1,0.496933675,-0.055090638,0.006162095,1,3,3,3月3日,100,100,4.619,0.1996,4.445291379,0.000676004,-7.65E-07,4.25E-10,0.065174227,-0.023951514,0.002092542,-1.49E-05,2,2268,1,30,16.7,16.6,18,505.414,451.686,24.9998,28.528,30.0002,28.5231,28.406,19.2715,25.7198,64.4676,25,402.665,17.0602,87.6637,101.28
486,1652234243,1018.4,20220511 09:57:22,9:57:22,0,1652234243,0.001253459,1.253458686,5.828551876,400.054,268.6095546,27.04009034,40.27219477,0.076969167,3.022560915,0.075896647,0.047530521,32.59157139,26.5520319,26.0338,3.381013046,50.12805966,1.760925761,3.512854423,1.620087286,-55.27752805,105.6256835,7.493390367,90.43311718,5.81404563,1.245207521,5.828551876,409.5548104,407.1838545,6.01E-06,66.83704872,1.253458686,16.99951357,17.49195165,5.51E-07,86.59541668,0,0,1,0,53297.22277,-,-,0,0,#DIV/0!,0,-,-,0,0,#DIV/0!,0.5,166.122243,5.828551876,#DIV/0!,0.035085921,#DIV/0!,#DIV/0!,-,0,#DIV/0!,#DIV/0!,#DIV/0!,#DIV/0!,#DIV/0!,#DIV/0!,#DIV/0!,#DIV/0!,197.061,166.122243,0.842999087,0.165388237,2,0.5,0: Broadleaf,2,TRUE,1652234243,400.054,402.578,17.4926,17.0034,395.435,17.293,500.174,100.567,0.0998969,26.682,26.0338,999.9,0,0,10012.5,0,3.39244,197.061,0.900031,0.0999692,0,1.9761,0,1039.54,1903.01,38.687,42.812,40.937,41.75,39.312,177.36,19.7,0,1652234243,0,1.800348,0.064846152,-241.5746158,1066.2732,15,1652233242,9:40:42,1652233241,1652233242,1,-0.285,-0.028,4.62,0.189,403,17,0.4,0.09,-2.58734325,0.111406266,0.064788161,1,1.791494286,-0.006486106,0.149292302,1,0.49544625,-0.045987377,0.005510596,1,3,3,3月3日,100,100,4.619,0.1996,4.445291379,0.000676004,-7.65E-07,4.25E-10,0.065174227,-0.023951514,0.002092542,-1.49E-05,2,2268,1,30,16.7,16.7,18,505.359,451.725,24.9998,28.5289,30.0002,28.524,28.4068,19.2695,25.7198,64.4676,25,402.539,17.0602,87.664,101.281
487,1652234245,1020.4,20220511 09:57:24,9:57:24,0,1652234245,0.001251864,1.251864003,5.794425346,400.082,269.1610331,27.09559751,40.27500088,0.076850978,3.023601519,0.075782087,0.047458601,32.22939222,26.54780193,26.036,3.381453104,50.13743733,1.760985612,3.512316755,1.620467493,-55.20720255,104.8796078,7.437885861,89.33968337,5.703612516,1.212161779,5.794425346,409.5459859,407.1884424,1.10E-05,66.83704872,1.251864003,17.00043404,17.49233407,1.11E-07,86.59541668,0,0,1,0,53329.83706,-,-,0,0,#DIV/0!,0,-,-,0,0,#DIV/0!,0.5,164.273814,5.794425346,#DIV/0!,0.03527297,#DIV/0!,#DIV/0!,-,0,#DIV/0!,#DIV/0!,#DIV/0!,#DIV/0!,#DIV/0!,#DIV/0!,#DIV/0!,#DIV/0!,194.868,164.273814,0.843000462,0.165390891,2,0.5,0: Broadleaf,2,TRUE,1652234245,400.082,402.557,17.4932,17.0169,395.463,17.2935,500.087,100.567,0.0998655,26.6794,26.036,999.9,0,0,10018.8,0,3.41023,194.868,0.899981,0.100019,0,1.6153,0,1028.25,1881.8,38.687,42.812,40.937,41.75,39.312,175.38,19.49,0,1652234245,0,1.795152,0.167715376,-240.3053848,1056.4908,15,1652233242,9:40:42,1652233241,1652233242,1,-0.285,-0.028,4.62,0.189,403,17,0.4,0.09,-2.58381525,0.296967692,0.067457026,1,1.807744118,0.058921247,0.150849335,1,0.493056075,-0.038364597,0.004577388,1,3,3,3月3日,100,100,4.619,0.1997,4.445291379,0.000676004,-7.65E-07,4.25E-10,0.065174227,-0.023951514,0.002092542,-1.49E-05,2,2268,1,30,16.7,16.7,18,505.275,451.718,24.9998,28.5289,30.0003,28.5252,28.408,19.2702,25.7198,64.4676,25,402.518,17.0602,87.6641,101.28
488,1652234247,1022.4,20220511 09:57:26,9:57:26,0,1652234247,0.001258032,1.258032396,5.707261524,400.102,271.4561666,27.32641162,40.27667553,0.077161637,3.021404032,0.07608338,0.047647734,31.90673296,26.54180417,26.0455,3.38335393,50.15614834,1.761383534,3.511799834,1.621970395,-55.47922868,102.8487044,7.29941818,86.5756269,5.702642944,1.185900735,5.707261524,409.5405231,407.2187273,2.51E-05,66.83704872,1.258032396,17.00168225,17.49592308,-2.95E-07,86.59541668,0,0,1,0,53262.37912,-,-,0,0,#DIV/0!,0,-,-,0,0,#DIV/0!,0.5,162.627615,5.707261524,#DIV/0!,0.035094049,#DIV/0!,#DIV/0!,-,0,#DIV/0!,#DIV/0!,#DIV/0!,#DIV/0!,#DIV/0!,#DIV/0!,#DIV/0!,#DIV/0!,192.915,162.627615,0.8430014,0.165392701,2,0.5,0: Broadleaf,2,TRUE,1652234247,400.102,402.572,17.4973,17.0314,395.483,17.2975,500.172,100.566,0.100019,26.6769,26.0455,999.9,0,0,10005.6,0,3.43758,192.915,0.899937,0.100063,0,1.8107,0,1017.34,1862.92,38.687,42.812,40.937,41.75,39.312,173.61,19.3,0,1652234247,0,1.796276923,-0.127206844,-252.7176066,1050.038077,15,1652233242,9:40:42,1652233241,1652233242,1,-0.285,-0.028,4.62,0.189,403,17,0.4,0.09,-2.5751865,0.467685028,0.073224923,1,1.796567647,-0.129943364,0.154073742,1,0.489929925,-0.052460904,0.006761891,1,3,3,3月3日,100,100,4.619,0.1998,4.445291379,0.000676004,-7.65E-07,4.25E-10,0.065174227,-0.023951514,0.002092542,-1.49E-05,2,2268,1,30,16.8,16.7,18,505.31,451.755,24.9998,28.5292,30.0002,28.5255,28.4084,19.2675,25.7198,64.4676,25,402.495,17.0602,87.6642,101.28
489,1652234249,1024.4,20220511 09:57:28,9:57:28,0,1652234249,0.001243152,1.24315215,5.744528402,400.102,269.4366689,27.12315886,40.27673795,0.076344858,3.017787673,0.075287893,0.047148678,31.6369076,26.54306991,26.0366,3.381573129,50.17148838,1.761839262,3.511634433,1.619733867,-54.8230098,104.0434327,7.392700639,88.25003113,5.591843344,1.18185714,5.744528402,409.548733,407.2119333,2.12E-06,66.83704872,1.24315215,17.0129977,17.50137802,2.51E-09,86.59541668,0,0,1,0,53150.94198,-,-,0,0,#DIV/0!,0,-,-,0,0,#DIV/0!,0.5,161.248857,5.744528402,#DIV/0!,0.035625235,#DIV/0!,#DIV/0!,-,0,#DIV/0!,#DIV/0!,#DIV/0!,#DIV/0!,#DIV/0!,#DIV/0!,#DIV/0!,#DIV/0!,191.279,161.248857,0.84300345,0.165396659,2,0.5,0: Broadleaf,2,TRUE,1652234249,400.102,402.527,17.5018,17.0375,395.482,17.3019,500.182,100.566,0.100175,26.6761,26.0366,999.9,0,0,9983.75,0,3.46494,191.279,0.899893,0.100107,0,1.535,0,1008.95,1847.1,38.687,42.812,40.937,41.75,39.312,172.13,19.15,0,1652234249,0,1.786584,-0.280161543,-251.6600005,1041.1884,15,1652233242,9:40:42,1652233241,1652233242,1,-0.285,-0.028,4.62,0.189,403,17,0.4,0.09,-2.56542625,0.689172045,0.081051871,0,1.79162,0.068289628,0.147668853,1,0.48693345,-0.08195122,0.009733131,1,2,3,2月3日,100,100,4.62,0.1999,4.445291379,0.000676004,-7.65E-07,4.25E-10,0.065174227,-0.023951514,0.002092542,-1.49E-05,2,2268,1,30,16.8,16.8,18,505.358,451.789,24.9998,28.5305,30.0002,28.5258,28.4086,19.2679,25.7198,64.4676,25,402.368,17.0602,87.6642,101.28
490,1652234251,1026.4,20220511 09:57:30,9:57:30,0,1652234251,0.001211157,1.211156706,5.654697916,400.063,268.3373684,27.01242766,40.27270935,0.074463251,3.020990645,0.073458425,0.046000665,31.26090938,26.54793391,26.0268,3.379613194,50.18694601,1.762257569,3.511386345,1.617355625,-53.41201074,105.5545225,7.491705011,90.89512611,5.545293306,1.183459441,5.654697916,409.5032678,407.2027273,-1.35E-05,66.83704872,1.211156706,17.02915428,17.50503077,9.55E-07,86.59541668,0,0,1,0,53249.97163,-,-,0,0,#DIV/0!,0,-,-,0,0,#DIV/0!,0.5,159.344043,5.654697916,#DIV/0!,0.035487351,#DIV/0!,#DIV/0!,-,0,#DIV/0!,#DIV/0!,#DIV/0!,#DIV/0!,#DIV/0!,#DIV/0!,#DIV/0!,#DIV/0!,189.021,159.344043,0.842996508,0.165383261,2,0.5,0: Broadleaf,2,TRUE,1652234251,400.063,402.47,17.506,17.041,395.444,17.3059,500.104,100.566,0.0999185,26.6749,26.0268,999.9,0,0,10003.1,0,3.4923,189.021,0.900091,0.099909,0,1.5022,0,997.327,1825.4,38.625,42.812,40.937,41.75,39.312,170.14,18.88,0,1652234251,0,1.776308,-0.603423081,-256.4196924,1031.07388,15,1652233242,9:40:42,1652233241,1652233242,1,-0.285,-0.028,4.62,0.189,403,17,0.4,0.09,-2.54547675,0.885649193,0.092671854,0,1.784829412,-0.059647377,0.156098569,1,0.484046575,-0.105480169,0.011511052,0,1,3,1月3日,100,100,4.619,0.2001,4.445291379,0.000676004,-7.65E-07,4.25E-10,0.065174227,-0.023951514,0.002092542,-1.49E-05,2,2268,1,30,16.8,16.8,18,505.43,451.782,24.9998,28.5314,30.0002,28.527,28.4098,19.2688,25.7198,64.4676,25,402.495,17.0593,87.6639,101.28
491,1652234253,1028.4,20220511 09:57:32,9:57:32,0,1652234253,0.001205232,1.205231896,5.587651459,400.03,269.1928318,27.09833464,40.26907675,0.074117691,3.018703762,0.073121359,0.04578925,31.03247284,26.54583235,26.0268,3.379613194,50.2079692,1.762767435,3.510931557,1.61684576,-53.15072661,105.1165803,7.466191768,90.46451833,5.726528193,1.190906201,5.587651459,409.4469037,407.1743091,-2.72E-05,66.83704872,1.205231896,17.03649667,17.50991758,9.99E-07,86.59541668,0,0,1,0,53179.77352,-,-,0,0,#DIV/0!,0,-,-,0,0,#DIV/0!,0.5,158.177571,5.587651459,#DIV/0!,0.035325182,#DIV/0!,#DIV/0!,-,0,#DIV/0!,#DIV/0!,#DIV/0!,#DIV/0!,#DIV/0!,#DIV/0!,#DIV/0!,#DIV/0!,187.637,158.177571,0.842997762,0.16538568,2,0.5,0: Broadleaf,2,TRUE,1652234253,400.03,402.51,17.5112,17.0434,395.411,17.3109,500.236,100.565,0.100142,26.6727,26.0268,999.9,0,0,9989.38,0,3.50598,187.637,0.900066,0.0999342,0,1.8193,0,989.695,1812.01,38.625,42.812,40.937,41.75,39.312,168.89,18.75,0,1652234253,0,1.78325,-0.305514534,-264.2542903,1024.519231,15,1652233242,9:40:42,1652233241,1652233242,1,-0.285,-0.028,4.62,0.189,403,17,0.4,0.09,-2.518266,0.773538462,0.082674033,0,1.784397059,-0.147182587,0.164476777,1,0.481312925,-0.115765812,0.012173069,0,1,3,1月3日,100,100,4.619,0.2003,4.445291379,0.000676004,-7.65E-07,4.25E-10,0.065174227,-0.023951514,0.002092542,-1.49E-05,2,2268,1,30,16.9,16.8,18,505.392,451.724,24.9998,28.5314,30.0003,28.5279,28.4108,19.2695,25.7198,64.4676,25,402.48,17.0544,87.6641,101.28
492,1652234255,1030.4,20220511 09:57:34,9:57:34,0,1652234255,0.001206533,1.206532881,5.694559614,400.029,266.9923298,26.8767949,40.26893729,0.074182626,3.019841008,0.07318493,0.045829103,30.90289018,26.54220474,26.0302,3.380293059,50.22564391,1.763118064,3.510394146,1.617174996,-53.20810007,104.1793472,7.39686509,89.27100242,5.796104688,1.19526101,5.694559614,409.4790242,407.1624182,-1.35E-05,66.83704872,1.206532881,17.04019644,17.51421758,1.09E-06,86.59541668,0,0,1,0,53215.31956,-,-,0,0,#DIV/0!,0,-,-,0,0,#DIV/0!,0.5,157.509129,5.694559614,#DIV/0!,0.036153839,#DIV/0!,#DIV/0!,-,0,#DIV/0!,#DIV/0!,#DIV/0!,#DIV/0!,#DIV/0!,#DIV/0!,#DIV/0!,#DIV/0!,186.843,157.509129,0.843002569,0.165394958,2,0.5,0: Broadleaf,2,TRUE,1652234255,400.029,402.538,17.5147,17.0451,395.41,17.3144,500.139,100.565,0.100045,26.6701,26.0302,999.9,0,0,9996.25,0,3.53334,186.843,0.899919,0.100081,0,1.727,0,986.157,1804.27,38.625,42.812,40.937,41.75,39.25,168.14,18.7,0,1652234255,0,1.767316,-0.260923079,-263.5706159,1015.6512,15,1652233242,9:40:42,1652233241,1652233242,1,-0.285,-0.028,4.62,0.189,403,17,0.4,0.09,-2.49742,0.44959227,0.055494859,1,1.782342424,-0.270942193,0.156218297,1,0.4787925,-0.112623355,0.011996007,0,2,3,2月3日,100,100,4.619,0.2003,4.445291379,0.000676004,-7.65E-07,4.25E-10,0.065174227,-0.023951514,0.002092542,-1.49E-05,2,2268,1,30,16.9,16.9,18,505.221,451.79,24.9999,28.5317,30.0003,28.5279,28.4108,19.27,25.7198,64.4676,25,402.585,17.0532,87.6644,101.28
493,1652234257,1032.4,20220511 09:57:36,9:57:36,0,1652234257,0.001205886,1.205885621,5.669561392,400.077,267.4671949,26.92482785,40.27411419,0.074116259,3.02150323,0.073120875,0.045788864,30.53198634,26.53840822,26.0345,3.381153059,50.24001027,1.763425098,3.510001468,1.617727962,-53.17955587,103.2267403,7.325284693,87.90445546,5.689202027,1.197642174,5.669561392,409.5171381,407.210103,3.69E-05,66.83704872,1.205885621,17.04310562,17.51693626,1.27E-06,86.59541668,0,0,1,0,53266.98848,-,-,0,0,#DIV/0!,0,-,-,0,0,#DIV/0!,0.5,155.622858,5.669561392,#DIV/0!,0.036431418,#DIV/0!,#DIV/0!,-,0,#DIV/0!,#DIV/0!,#DIV/0!,#DIV/0!,#DIV/0!,#DIV/0!,#DIV/0!,#DIV/0!,184.606,155.622858,0.843,0.16539,2,0.5,0: Broadleaf,2,TRUE,1652234257,400.077,402.544,17.5176,17.047,395.458,17.3171,500.069,100.566,0.0999073,26.6682,26.0345,999.9,0,0,10006.2,0,3.55659,184.606,0.899994,0.100005,0,1.5694,0,974.349,1782.71,38.625,42.812,40.937,41.75,39.312,166.14,18.46,0,1652234257,0,1.775176,-0.208115391,-265.0911539,1005.05476,15,1652233242,9:40:42,1652233241,1652233242,1,-0.285,-0.028,4.62,0.189,403,17,0.4,0.09,-2.48709525,0.295087092,0.045752084,1,1.787088235,-0.083224831,0.153303879,1,0.47658575,-0.100905839,0.011385493,0,2,3,2月3日,100,100,4.619,0.2005,4.445291379,0.000676004,-7.65E-07,4.25E-10,0.065174227,-0.023951514,0.002092542,-1.49E-05,2,2268,1,30,16.9,16.9,18,505.181,451.846,24.9998,28.5329,30.0002,28.5289,28.4116,19.2664,25.7198,64.4676,25,402.452,17.0502,87.6643,101.28
494,1652234259,1034.4,20220511 09:57:38,9:57:38,0,1652234259,0.001208635,1.208635285,5.625945974,400.101,268.8906781,27.06817079,40.27659967,0.07439494,3.018408869,0.073391098,0.045958499,30.25596677,26.5343049,26.0247,3.379193337,50.25373071,1.763730139,3.509650157,1.615463199,-53.30081606,104.4391249,7.418489731,88.81276538,5.580760033,1.202704835,5.625945974,409.5246803,407.2358303,3.40E-05,66.83704872,1.208635285,17.04493891,17.51976264,9.36E-07,86.59541668,0,0,1,0,53171.80014,-,-,0,0,#DIV/0!,0,-,-,0,0,#DIV/0!,0.5,154.219686,5.625945974,#DIV/0!,0.036480077,#DIV/0!,#DIV/0!,-,0,#DIV/0!,#DIV/0!,#DIV/0!,#DIV/0!,#DIV/0!,#DIV/0!,#DIV/0!,#DIV/0!,182.942,154.219686,0.842997704,0.165385569,2,0.5,0: Broadleaf,2,TRUE,1652234259,400.101,402.525,17.5206,17.0481,395.482,17.32,500.162,100.566,0.100081,26.6665,26.0247,999.9,0,0,9987.5,0,3.55659,182.942,0.900085,0.0999154,0,1.8312,0,965.205,1766.69,38.625,42.812,40.937,41.75,39.25,164.66,18.28,0,1652234259,0,1.754169231,-0.219890604,-267.753333,998.1031923,15,1652233242,9:40:42,1652233241,1652233242,1,-0.285,-0.028,4.62,0.189,403,17,0.4,0.09,-2.4807665,0.260395947,0.044448013,1,1.761617647,-0.250250574,0.158782184,1,0.474544425,-0.079055538,0.010243183,1,3,3,3月3日,100,100,4.619,0.2006,4.445291379,0.000676004,-7.65E-07,4.25E-10,0.065174227,-0.023951514,0.002092542,-1.49E-05,2,2268,1,30,17,16.9,18,505.207,451.789,24.9998,28.5338,30.0001,28.5301,28.4128,19.2679,25.7198,64.4676,25,402.512,17.0454,87.6648,101.28
495,1652234261,1036.4,20220511 09:57:40,9:57:40,0,1652234261,0.001208028,1.20802841,5.654485861,400.087,268.312067,27.00962105,40.27473821,0.074420117,3.018599436,0.073415663,0.045973906,29.98418971,26.5309071,26.0183,3.377914055,50.26195322,1.763811004,3.509236889,1.614103051,-53.2740529,105.1617691,7.469034531,89.34094046,5.522427092,1.202801861,5.654485861,409.5245381,407.2239697,-2.66E-06,66.83704872,1.20802841,17.04682278,17.52147033,8.74E-07,86.59541668,0,0,1,0,53178.01095,-,-,0,0,#DIV/0!,0,-,-,0,0,#DIV/0!,0.5,152.833101,5.654485861,#DIV/0!,0.036997783,#DIV/0!,#DIV/0!,-,0,#DIV/0!,#DIV/0!,#DIV/0!,#DIV/0!,#DIV/0!,#DIV/0!,#DIV/0!,#DIV/0!,181.297,152.833101,0.842998511,0.165387126,2,0.5,0: Broadleaf,2,TRUE,1652234261,400.087,402.488,17.5216,17.049,395.468,17.321,500.096,100.565,0.0999509,26.6645,26.0183,999.9,0,0,9988.75,0,3.57438,181.297,0.90004,0.0999603,0,1.7838,0,956.534,1750.78,38.625,42.75,40.937,41.75,39.25,163.17,18.12,0,1652234261,0,1.759632,0.271107684,-265.5032312,988.82316,15,1652233242,9:40:42,1652233241,1652233242,1,-0.285,-0.028,4.62,0.189,403,17,0.4,0.09,-2.469147,0.234613283,0.042456513,1,1.76764,0.011701879,0.162524785,1,0.472573325,-0.047591809,0.008394823,1,3,3,3月3日,100,100,4.619,0.2006,4.445291379,0.000676004,-7.65E-07,4.25E-10,0.065174227,-0.023951514,0.002092542,-1.49E-05,2,2268,1,30,17,17,18,505.334,451.709,24.9998,28.5338,30.0001,28.5304,28.4133,19.2666,25.7198,64.4676,25,402.409,17.0449,87.6653,101.28
496,1652234263,1038.4,20220511 09:57:42,9:57:42,0,1652234263,0.001207758,1.207757611,5.591005558,400.085,269.5804598,27.137545,40.27489492,0.074363871,3.022131352,0.073362079,0.045940182,29.62311039,26.52875232,26.0229,3.378833496,50.2655828,1.763907216,3.509174903,1.61492628,-53.26211065,104.486461,7.412557986,88.2600187,5.458827905,1.201174989,5.591005558,409.4808825,407.2065152,-1.86E-05,66.83704872,1.207757611,17.04781767,17.5222989,7.02E-07,86.59541668,0,0,1,0,53287.09777,-,-,0,0,#DIV/0!,0,-,-,0,0,#DIV/0!,0.5,150.990543,5.591005558,#DIV/0!,0.037028846,#DIV/0!,#DIV/0!,-,0,#DIV/0!,#DIV/0!,#DIV/0!,#DIV/0!,#DIV/0!,#DIV/0!,#DIV/0!,#DIV/0!,179.111,150.990543,0.842999833,0.165389677,2,0.5,0: Broadleaf,2,TRUE,1652234263,400.085,402.46,17.5224,17.0505,395.466,17.3218,500.16,100.566,0.0998458,26.6642,26.0229,999.9,0,0,10010,0,3.60173,179.111,0.899987,0.100013,0,1.635,0,944.987,1729.64,38.625,42.75,40.937,41.75,39.25,161.2,17.91,0,1652234263,0,1.756272,0.217976912,-264.8914615,978.32864,15,1652233242,9:40:42,1652233241,1652233242,1,-0.285,-0.028,4.62,0.189,403,17,0.4,0.09,-2.45435075,0.238993959,0.042973808,1,1.774361765,-0.055179864,0.162952669,1,0.470690525,-0.010539951,0.005634848,1,3,3,3月3日,100,100,4.619,0.2006,4.445291379,0.000676004,-7.65E-07,4.25E-10,0.065174227,-0.023951514,0.002092542,-1.49E-05,2,2268,1,30,17,17,18,505.341,451.681,24.9998,28.5341,30.0001,28.5313,28.414,19.2661,25.7198,64.4676,25,402.371,17.0414,87.665,101.279
497,1652234265,1040.4,20220511 09:57:44,9:57:44,0,1652234265,0.001208803,1.208802997,5.477871968,400.07,272.1377094,27.39528397,40.27384253,0.074452301,3.022775694,0.073448353,0.045994293,29.39450843,26.52780564,26.0214,3.378533654,50.2689679,1.764088326,3.509298877,1.614445329,-53.30821219,104.8509625,7.436797654,88.37405637,5.420969157,1.202204722,5.477871968,409.4370751,407.2086727,-4.90E-06,66.83704872,1.208802997,17.04875361,17.52364396,2.92E-07,86.59541668,0,0,1,0,53306.91722,-,-,0,0,#DIV/0!,0,-,-,0,0,#DIV/0!,0.5,149.823228,5.477871968,#DIV/0!,0.036562234,#DIV/0!,#DIV/0!,-,0,#DIV/0!,#DIV/0!,#DIV/0!,#DIV/0!,#DIV/0!,#DIV/0!,#DIV/0!,#DIV/0!,177.726,149.823228,0.843001182,0.16539228,2,0.5,0: Broadleaf,2,TRUE,1652234265,400.07,402.43,17.524,17.0517,395.451,17.3233,500.164,100.567,0.0999896,26.6648,26.0214,999.9,0,0,10013.8,0,3.61131,177.726,0.899957,0.100043,0,1.8972,0,937.263,1716.26,38.562,42.75,40.875,41.687,39.25,159.95,17.78,0,1652234265,0,1.775596154,0.493076908,-267.0808202,971.5683846,15,1652233242,9:40:42,1652233241,1652233242,1,-0.285,-0.028,4.62,0.189,403,17,0.4,0.09,-2.43992075,0.247323715,0.043795056,1,1.766370588,0.254191293,0.162217682,1,0.469487175,0.020100957,0.003222332,1,3,3,3月3日,100,100,4.619,0.2007,4.445291379,0.000676004,-7.65E-07,4.25E-10,0.065174227,-0.023951514,0.002092542,-1.49E-05,2,2268,1,30,17.1,17,18,505.289,451.707,24.9998,28.5353,30.0001,28.5325,28.4152,19.2674,25.7198,64.4676,25,402.473,17.0399,87.6649,101.279
498,1652234267,1042.4,20220511 09:57:46,9:57:46,0,1652234267,0.001205902,1.205901555,5.441903895,400.069,272.6730952,27.44919965,40.27377123,0.074299755,3.01904629,0.07329867,0.045900489,29.25171038,26.52646243,26.0189,3.378033969,50.27455549,1.764170146,3.509071594,1.613863824,-53.18025857,104.9494686,7.452845272,88.47376573,5.51589183,1.199691704,5.441903895,409.4188738,407.2046667,-9.63E-07,66.83704872,1.205901555,17.05013549,17.52397363,3.33E-07,86.59541668,0,0,1,0,53191.97942,-,-,0,0,#DIV/0!,0,-,-,0,0,#DIV/0!,0.5,149.101743,5.441903895,#DIV/0!,0.036497923,#DIV/0!,#DIV/0!,-,0,#DIV/0!,#DIV/0!,#DIV/0!,#DIV/0!,#DIV/0!,#DIV/0!,#DIV/0!,#DIV/0!,176.871,149.101743,0.842997117,0.165384435,2,0.5,0: Broadleaf,2,TRUE,1652234267,400.069,402.467,17.5248,17.0534,395.45,17.3241,500.071,100.567,0.100063,26.6637,26.0189,999.9,0,0,9991.25,0,3.61131,176.871,0.900071,0.0999291,0,1.9003,0,933.049,1708.05,38.562,42.812,40.875,41.687,39.25,159.2,17.67,0,1652234267,0,1.780992,0.440676915,-263.4290004,962.37492,15,1652233242,9:40:42,1652233241,1652233242,1,-0.285,-0.028,4.62,0.189,403,17,0.4,0.09,-2.42953125,0.239317036,0.043411219,1,1.771565714,0.19794195,0.16011814,1,0.469423025,0.028282075,0.003019916,1,3,3,3月3日,100,100,4.619,0.2007,4.445291379,0.000676004,-7.65E-07,4.25E-10,0.065174227,-0.023951514,0.002092542,-1.49E-05,2,2268,1,30,17.1,17.1,18,505.308,451.728,24.9999,28.5363,30.0002,28.5328,28.4156,19.2649,25.7198,64.4676,25,402.382,17.0326,87.6644,101.279
499,1652234269,1044.4,20220511 09:57:48,9:57:48,0,1652234269,0.001206433,1.20643302,5.576617633,400.042,269.7965739,27.15988285,40.27143006,0.074329435,3.018441765,0.073327357,0.045918506,28.89402198,26.52195027,26.0198,3.378213849,50.28384335,1.764257122,3.508596408,1.613956727,-53.20369618,104.4077171,7.415806337,87.51384927,5.562458994,1.199192799,5.576617633,409.4450178,407.1766061,-2.16E-05,66.83704872,1.20643302,17.05119243,17.52513516,2.50E-07,86.59541668,0,0,1,0,53173.76255,-,-,0,0,#DIV/0!,0,-,-,0,0,#DIV/0!,0.5,147.268515,5.576617633,#DIV/0!,0.037867005,#DIV/0!,#DIV/0!,-,0,#DIV/0!,#DIV/0!,#DIV/0!,#DIV/0!,#DIV/0!,#DIV/0!,#DIV/0!,#DIV/0!,174.695,147.268515,0.843003606,0.16539696,2,0.5,0: Broadleaf,2,TRUE,1652234269,400.042,402.458,17.5255,17.0544,395.423,17.3247,500.181,100.568,0.100005,26.6614,26.0198,999.9,0,0,9987.5,0,3.61541,174.695,0.89988,0.10012,0,1.5099,0,921.833,1686.95,38.562,42.75,40.875,41.687,39.25,157.2,17.49,0,1652234269,0,1.74688,-0.660453863,-262.5896154,951.86544,15,1652233242,9:40:42,1652233241,1652233242,1,-0.285,-0.028,4.62,0.189,403,17,0.4,0.09,-2.42416475,0.213706829,0.042474874,1,1.75115,-0.070254517,0.177292071,1,0.470015975,0.02282194,0.002701465,1,3,3,3月3日,100,100,4.619,0.2008,4.445291379,0.000676004,-7.65E-07,4.25E-10,0.065174227,-0.023951514,0.002092542,-1.49E-05,2,2268,1,30,17.1,17.1,18,505.268,451.667,24.9999,28.5363,30.0002,28.5337,28.4164,19.2669,25.7198,64.4676,25,402.424,17.034,87.664,101.278
500,1652234271,1046.4,20220511 09:57:50,9:57:50,0,1652234271,0.001204347,1.204347082,5.551185309,400.037,270.1845581,27.19922036,40.27134115,0.074230277,3.018769556,0.073230959,0.045858013,28.57031218,26.51813507,26.0167,3.3775943,50.29205042,1.764285345,3.508079966,1.613308955,-53.1117063,104.5167041,7.422533041,87.39784305,5.496746674,1.198211231,5.551185309,409.4396381,407.1810727,-5.38E-06,66.83704872,1.204347082,17.05321359,17.52642308,1.44E-07,86.59541668,0,0,1,0,53184.33792,-,-,0,0,#DIV/0!,0,-,-,0,0,#DIV/0!,0.5,145.622529,5.551185309,#DIV/0!,0.038120374,#DIV/0!,#DIV/0!,-,0,#DIV/0!,#DIV/0!,#DIV/0!,#DIV/0!,#DIV/0!,#DIV/0!,#DIV/0!,#DIV/0!,172.743,145.622529,0.843001042,0.165392011,2,0.5,0: Broadleaf,2,TRUE,1652234271,400.037,402.427,17.5256,17.0548,395.418,17.3249,500.09,100.569,0.100041,26.6589,26.0167,999.9,0,0,9989.38,0,3.64277,172.743,0.899967,0.100033,0,1.8309,0,911.248,1668.14,38.562,42.75,40.875,41.687,39.25,155.46,17.28,0,1652234271,0,1.745211538,-0.600119671,-267.1509057,944.8882308,15,1652233242,9:40:42,1652233241,1652233242,1,-0.285,-0.028,4.62,0.189,403,17,0.4,0.09,-2.42361925,0.301445516,0.042865526,1,1.749264706,-0.409508351,0.170561693,1,0.470711275,0.014274225,0.001999525,1,3,3,3月3日,100,100,4.619,0.2007,4.445291379,0.000676004,-7.65E-07,4.25E-10,0.065174227,-0.023951514,0.002092542,-1.49E-05,2,2268,1,30,17.2,17.1,18,505.216,451.627,24.9999,28.5372,30.0003,28.5349,28.4177,19.2652,25.7198,64.4676,25,402.386,17.0317,87.6639,101.278
501,1652234273,1048.4,20220511 09:57:52,9:57:52,0,1652234273,0.001200069,1.200069,5.433166685,400.079,272.5271914,27.43502634,40.27553305,0.07406867,3.021866668,0.073074672,0.045759865,28.29043906,26.51544688,26.0056,3.37537673,50.30053875,1.76434416,3.507604897,1.61103257,-52.92304292,106.0575842,7.523738253,88.94871856,5.502770001,1.196785433,5.433166685,409.4142861,407.2037879,1.94E-05,66.83704872,1.200069,17.05426051,17.52574835,3.50E-07,86.59541668,0,0,1,0,53280.33951,-,-,0,0,#DIV/0!,0,-,-,0,0,#DIV/0!,0.5,144.199185,5.433166685,#DIV/0!,0.037678207,#DIV/0!,#DIV/0!,-,0,#DIV/0!,#DIV/0!,#DIV/0!,#DIV/0!,#DIV/0!,#DIV/0!,#DIV/0!,#DIV/0!,171.055,144.199185,0.842998948,0.165387969,2,0.5,0: Broadleaf,2,TRUE,1652234273,400.079,402.471,17.5262,17.056,395.459,17.3255,500.132,100.569,0.0999505,26.6566,26.0056,999.9,0,0,10008.1,0,3.66603,171.055,0.900056,0.0999439,0,1.492,0,902.734,1651.88,38.562,42.75,40.875,41.687,39.25,153.96,17.1,0,1652234273,0,1.752144,-0.36234617,-267.1558466,935.71348,15,1652233242,9:40:42,1652233241,1652233242,1,-0.285,-0.028,4.62,0.189,403,17,0.4,0.09,-2.4200875,0.347590019,0.043474536,1,1.7672,-0.133791656,0.171923619,1,0.47115015,0.004871955,0.001298786,1,3,3,3月3日,100,100,4.62,0.2007,4.445291379,0.000676004,-7.65E-07,4.25E-10,0.065174227,-0.023951514,0.002092542,-1.49E-05,2,2268,1,30,17.2,17.2,18,505.25,451.614,24.9999,28.5384,30.0003,28.5352,28.4181,19.2631,25.7198,64.4676,25,402.345,17.0272,87.664,101.278
502,1652234275,1050.4,20220511 09:57:54,9:57:54,0,1652234275,0.001202837,1.202836779,5.413570115,400.108,273.2199891,27.50447489,40.27802093,0.074224648,3.024443398,0.073227328,0.045855569,28.05691698,26.5127231,26.0076,3.375776198,50.3049525,1.764415859,3.507439669,1.611360339,-53.04510194,105.6914683,7.491423061,88.19470637,5.361462059,1.195959693,5.413570115,409.4450605,407.2428,3.50E-05,66.83704872,1.202836779,17.05465018,17.52715165,-3.17E-09,86.59541668,0,0,1,0,53360.08292,-,-,0,0,#DIV/0!,0,-,-,0,0,#DIV/0!,0.5,143.002815,5.413570115,#DIV/0!,0.037856388,#DIV/0!,#DIV/0!,-,0,#DIV/0!,#DIV/0!,#DIV/0!,#DIV/0!,#DIV/0!,#DIV/0!,#DIV/0!,#DIV/0!,169.635,143.002815,0.843003007,0.165395803,2,0.5,0: Broadleaf,2,TRUE,1652234275,400.108,402.443,17.5271,17.0573,395.489,17.3263,500.212,100.568,0.099872,26.6558,26.0076,999.9,0,0,10023.8,0,3.66603,169.635,0.899881,0.100119,0,1.6876,0,895.567,1638.09,38.562,42.75,40.875,41.687,39.25,152.65,16.98,0,1652234275,0,1.72418,-0.600953854,-263.5883077,925.30384,15,1652233242,9:40:42,1652233241,1652233242,1,-0.285,-0.028,4.62,0.189,403,17,0.4,0.09,-2.40734275,0.295633959,0.039011423,1,1.744074286,-0.429447538,0.171191047,1,0.47134695,-0.002255617,0.000946956,1,3,3,3月3日,100,100,4.619,0.2008,4.445291379,0.000676004,-7.65E-07,4.25E-10,0.065174227,-0.023951514,0.002092542,-1.49E-05,2,2268,1,30,17.2,17.2,18,505.314,451.648,25,28.5387,30.0003,28.5355,28.4183,19.2626,25.7198,64.0948,25,402.349,17.0278,87.6644,101.279
503,1652234277,1052.4,20220511 09:57:56,9:57:56,0,1652234277,0.001201674,1.201673516,5.378093465,400.096,273.8076083,27.56363707,40.27682432,0.074121314,3.021850219,0.073125908,0.045792012,27.73623378,26.51156486,26.0113,3.376515323,50.30549472,1.764486826,3.507542936,1.612028497,-52.99380206,105.0795229,7.454596602,87.27655123,5.228012778,1.194919673,5.378093465,409.4290785,407.2408909,6.86E-06,66.83704872,1.201673516,17.0557524,17.52790549,7.56E-08,86.59541668,0,0,1,0,53279.86306,-,-,0,0,#DIV/0!,0,-,-,0,0,#DIV/0!,0.5,141.372786,5.378093465,#DIV/0!,0.038041929,#DIV/0!,#DIV/0!,-,0,#DIV/0!,#DIV/0!,#DIV/0!,#DIV/0!,#DIV/0!,#DIV/0!,#DIV/0!,#DIV/0!,167.702,141.372786,0.843,0.16539,2,0.5,0: Broadleaf,2,TRUE,1652234277,400.096,402.378,17.5278,17.0583,395.477,17.327,500.096,100.568,0.0999005,26.6563,26.0113,999.9,0,0,10008.1,0,3.66192,167.702,0.899978,0.100022,0,1.5861,0,884.784,1619.47,38.562,42.75,40.875,41.687,39.25,150.93,16.77,0,1652234277,0,1.723488462,-0.436919662,-261.6186664,918.6133846,15,1652233242,9:40:42,1652233241,1652233242,1,-0.285,-0.028,4.62,0.189,403,17,0.4,0.09,-2.390098,0.302300038,0.039806899,1,1.738364706,-0.249380389,0.172009141,1,0.47132605,-0.007890169,0.000975213,1,3,3,3月3日,100,100,4.619,0.2008,4.445291379,0.000676004,-7.65E-07,4.25E-10,0.065174227,-0.023951514,0.002092542,-1.49E-05,2,2268,1,30,17.3,17.2,18,505.386,451.691,25,28.539,30.0003,28.5368,28.4195,19.2631,25.7198,64.0948,25,402.337,17.0222,87.6643,101.279
504,1652234279,1054.4,20220511 09:57:58,9:57:58,0,1652234279,0.001197528,1.197528042,5.322880071,400.074,274.6666917,27.65037408,40.27498089,0.073915231,3.022808594,0.072925621,0.045666322,27.59511454,26.51244662,26.0058,3.375416675,50.30446818,1.764513159,3.507666859,1.610903516,-52.81098664,106.1069392,7.52491283,88.41597995,5.212908288,1.209305283,5.322880071,409.3732858,407.2079818,-2.45E-05,66.83704872,1.197528042,17.05687966,17.52735055,3.51E-07,86.59541668,0,0,1,0,53309.38273,-,-,0,0,#DIV/0!,0,-,-,0,0,#DIV/0!,0.5,140.657472,5.322880071,#DIV/0!,0.037842853,#DIV/0!,#DIV/0!,-,0,#DIV/0!,#DIV/0!,#DIV/0!,#DIV/0!,#DIV/0!,#DIV/0!,#DIV/0!,#DIV/0!,166.854,140.657472,0.842997303,0.165384795,2,0.5,0: Broadleaf,2,TRUE,1652234279,400.074,402.352,17.5279,17.0528,395.455,17.327,500.151,100.569,0.0998285,26.6569,26.0058,999.9,0,0,10013.8,0,3.64824,166.854,0.900098,0.0999018,0,1.642,0,880.311,1611.33,38.5,42.75,40.875,41.687,39.187,150.18,16.67,0,1652234279,0,1.723472,0.17104615,-257.6506928,909.45252,15,1652233242,9:40:42,1652233241,1652233242,1,-0.285,-0.028,4.62,0.189,403,17,0.4,0.09,-2.37239725,0.328592083,0.042896662,1,1.743754286,-0.064363209,0.171624499,1,0.471258475,-0.008612206,0.001035207,1,3,3,3月3日,100,100,4.619,0.2009,4.445291379,0.000676004,-7.65E-07,4.25E-10,0.065174227,-0.023951514,0.002092542,-1.49E-05,2,2268,1,30,17.3,17.3,18,505.301,451.683,25,28.5402,30.0002,28.5377,28.4205,19.2628,25.7198,64.0948,25,402.332,17.0201,87.6643,101.278
505,1652234281,1056.4,20220511 09:58:00,9:58:00,0,1652234281,0.001195033,1.195032541,5.192173122,400.083,277.2261156,27.90812739,40.27602994,0.073735964,3.018355524,0.072749683,0.045556066,27.23797182,26.51023017,26.008,3.375856097,50.30355404,1.764418756,3.507542936,1.611437341,-52.70093504,105.4949955,7.492612583,87.52464484,5.17607241,1.237992442,5.192173122,409.3373141,407.2249273,4.52E-06,66.83704872,1.195032541,17.05829959,17.52781978,9.66E-08,86.59541668,0,0,1,0,53172.0292,-,-,0,0,#DIV/0!,0,-,-,0,0,#DIV/0!,0.5,138.827556,5.192173122,#DIV/0!,0.037400162,#DIV/0!,#DIV/0!,-,0,#DIV/0!,#DIV/0!,#DIV/0!,#DIV/0!,#DIV/0!,#DIV/0!,#DIV/0!,#DIV/0!,164.682,138.827556,0.843003825,0.165397383,2,0.5,0: Broadleaf,2,TRUE,1652234281,400.083,402.351,17.5269,17.0405,395.464,17.3261,500.121,100.569,0.100186,26.6563,26.008,999.9,0,0,9986.88,0,3.62909,164.682,0.899896,0.100104,0,1.7449,0,868.774,1590.26,38.562,42.75,40.875,41.687,39.187,148.2,16.49,0,1652234281,0,1.720612,0.711384605,-263.4896155,898.92444,15,1652233242,9:40:42,1652233241,1652233242,1,-0.285,-0.028,4.62,0.189,403,17,0.4,0.09,-2.3573055,0.387576585,0.048247563,1,1.742117647,-0.00271371,0.167305836,1,0.471962475,0.00737472,0.002867559,1,3,3,3月3日,100,100,4.619,0.2008,4.445291379,0.000676004,-7.65E-07,4.25E-10,0.065174227,-0.023951514,0.002092542,-1.49E-05,2,2268,1,30,17.3,17.3,18,505.21,451.582,25,28.5411,30.0001,28.538,28.4205,19.2629,25.7198,64.0948,25,402.34,17.0211,87.6646,101.278
506,1652234283,1058.4,20220511 09:58:02,9:58:02,0,1652234283,0.001197911,1.197910598,5.211745739,400.076,276.9765064,27.88239646,40.27445429,0.073860107,3.018736659,0.072870649,0.04563195,26.95983522,26.50772399,26.0124,3.37673509,50.29617049,1.764138999,3.507501629,1.612596091,-52.82785736,104.7596844,7.439605351,86.33126759,5.252823169,1.251945507,5.211745739,409.3295753,407.2092364,-7.67E-06,66.83704872,1.197910598,17.0550305,17.5256978,1.93E-07,86.59541668,0,0,1,0,53183.77719,-,-,0,0,#DIV/0!,0,-,-,0,0,#DIV/0!,0.5,137.415714,5.211745739,#DIV/0!,0.037926854,#DIV/0!,#DIV/0!,-,0,#DIV/0!,#DIV/0!,#DIV/0!,#DIV/0!,#DIV/0!,#DIV/0!,#DIV/0!,#DIV/0!,163.008,137.415714,0.842999816,0.165389645,2,0.5,0: Broadleaf,2,TRUE,1652234283,400.076,402.377,17.5245,17.0326,395.456,17.3238,500.104,100.567,0.100009,26.6561,26.0124,999.9,0,0,9989.38,0,3.63867,163.008,0.899996,0.100004,0,1.5115,0,859.976,1574.14,38.562,42.75,40.875,41.687,39.187,146.71,16.3,0,1652234283,0,1.719715385,0.217080336,-264.0781536,892.2186154,15,1652233242,9:40:42,1652233241,1652233242,1,-0.285,-0.028,4.62,0.189,403,17,0.4,0.09,-2.34685925,0.451530394,0.052050123,1,1.738270588,-0.018177515,0.169546104,1,0.473629275,0.036493745,0.005944317,1,3,3,3月3日,100,100,4.62,0.2007,4.445291379,0.000676004,-7.65E-07,4.25E-10,0.065174227,-0.023951514,0.002092542,-1.49E-05,2,2268,1,30,17.4,17.3,18,505.375,451.488,25.0001,28.5411,30.0001,28.5392,28.4213,19.2606,25.7198,64.0948,25,402.253,17.0214,87.6644,101.278
507,1652234285,1060.4,20220511 09:58:04,9:58:04,0,1652234285,0.001214876,1.214876172,5.275108902,400.055,277.1660199,27.9016972,40.27266213,0.074909041,3.023502378,0.073893068,0.046273301,26.638383,26.501216,26.011,3.376455389,50.28342456,1.763629625,3.50737771,1.612825764,-53.57603919,105.0554723,7.448776772,85.56659288,5.314128667,1.24502664,5.275108902,409.3449053,407.1991939,-1.37E-05,66.83704872,1.214876172,17.04319565,17.52044945,1.78E-07,86.59541668,0,0,1,0,53331.04843,-,-,0,0,#DIV/0!,0,-,-,0,0,#DIV/0!,0.5,135.7815,5.275108902,#DIV/0!,0.038849983,#DIV/0!,#DIV/0!,-,0,#DIV/0!,#DIV/0!,#DIV/0!,#DIV/0!,#DIV/0!,#DIV/0!,#DIV/0!,#DIV/0!,161.07,135.7815,0.842996834,0.165383889,2,0.5,0: Broadleaf,2,TRUE,1652234285,400.055,402.379,17.5193,17.0302,395.436,17.3188,500.19,100.568,0.0998135,26.6555,26.011,999.9,0,0,10018.1,0,3.63456,161.07,0.900084,0.0999164,0,1.6701,0,849.73,1555.46,38.5,42.75,40.812,41.687,39.187,144.98,16.09,0,1652234285,0,1.744696,-0.258107698,-263.2646928,882.97708,15,1652233242,9:40:42,1652233241,1652233242,1,-0.285,-0.028,4.62,0.189,403,17,0.4,0.09,-2.340838,0.454052083,0.052105022,1,1.723406061,0.158802373,0.169215024,1,0.4754762,0.06217621,0.007862147,1,3,3,3月3日,100,100,4.619,0.2005,4.445291379,0.000676004,-7.65E-07,4.25E-10,0.065174227,-0.023951514,0.002092542,-1.49E-05,2,2268,1,30,17.4,17.4,18,505.383,451.581,25.0001,28.542,30.0002,28.5401,28.4225,19.2623,25.7198,64.0948,25,402.357,17.026,87.6642,101.278
508,1652234287,1062.4,20220511 09:58:06,9:58:06,0,1652234287,0.001226845,1.226844858,5.33472279,400.06,277.0877337,27.89392949,40.27332889,0.075706025,3.020709303,0.074667535,0.046759327,26.36283542,26.49417737,26.004,3.375057185,50.27838277,1.763213975,3.506902725,1.61184321,-54.10385823,105.72383,7.50274725,85.48555443,5.197578759,1.234424188,5.33472279,409.3568211,407.1865636,-1.09E-05,66.83704872,1.226844858,17.03372574,17.51575165,-5.89E-07,86.59541668,0,0,1,0,53245.18555,-,-,0,0,#DIV/0!,0,-,-,0,0,#DIV/0!,0.5,134.367213,5.33472279,#DIV/0!,0.039702563,#DIV/0!,#DIV/0!,-,0,#DIV/0!,#DIV/0!,#DIV/0!,#DIV/0!,#DIV/0!,#DIV/0!,#DIV/0!,#DIV/0!,159.391,134.367213,0.843003764,0.165397265,2,0.5,0: Broadleaf,2,TRUE,1652234287,400.06,402.336,17.5151,17.0301,395.441,17.3147,500.125,100.568,0.100222,26.6532,26.004,999.9,0,0,10001.2,0,3.61541,159.391,0.899896,0.100104,0,1.6125,0,840.878,1539.17,38.5,42.75,40.812,41.687,39.187,143.44,15.96,0,1652234287,0,1.72852,0.548869226,-266.9846923,872.47132,15,1652233242,9:40:42,1652233241,1652233242,1,-0.285,-0.028,4.62,0.189,403,17,0.4,0.09,-2.33277825,0.430118386,0.05131219,1,1.728097059,0.427809162,0.171612072,1,0.47713555,0.074081381,0.008539008,1,3,3,3月3日,100,100,4.619,0.2004,4.445291379,0.000676004,-7.65E-07,4.25E-10,0.065174227,-0.023951514,0.002092542,-1.49E-05,2,2268,1,30,17.4,17.4,18,505.399,451.568,25.0001,28.5432,30.0003,28.5401,28.423,19.2601,25.7198,64.0948,25,402.272,17.0254,87.6644,101.277
509,1652234289,1064.4,20220511 09:58:08,9:58:08,0,1652234289,0.001228463,1.228462925,5.176276685,400.097,280.650101,28.25197947,40.27624502,0.075832522,3.01768329,0.074789555,0.046835983,26.04540222,26.4895975,26,3.374258439,50.27728408,1.762947045,3.506448443,1.611311394,-54.17521499,105.9107613,7.52331599,85.30426456,5.154982213,1.229431681,5.176276685,409.310558,407.2048061,1.28E-05,66.83704872,1.228462925,17.0303464,17.51297473,-1.29E-06,86.59541668,0,0,1,0,53152.17563,-,-,0,0,#DIV/0!,0,-,-,0,0,#DIV/0!,0.5,132.754014,5.176276685,#DIV/0!,0.038991489,#DIV/0!,#DIV/0!,-,0,#DIV/0!,#DIV/0!,#DIV/0!,#DIV/0!,#DIV/0!,#DIV/0!,#DIV/0!,#DIV/0!,157.478,132.754014,0.843000381,0.165390735,2,0.5,0: Broadleaf,2,TRUE,1652234289,400.097,402.355,17.5128,17.0298,395.478,17.3124,500.166,100.566,0.100201,26.651,26,999.9,0,0,9983.12,0,3.64277,157.478,0.899993,0.100007,0,1.7886,0,829.896,1520.74,38.5,42.75,40.812,41.687,39.187,141.73,15.75,0,1652234289,0,1.740807692,0.235452986,-270.4530937,865.7166538,15,1652233242,9:40:42,1652233241,1652233242,1,-0.285,-0.028,4.62,0.189,403,17,0.4,0.09,-2.31955125,0.3799406,0.047454743,1,1.734064706,0.176024692,0.153734924,1,0.4784447,0.073733899,0.008528874,1,3,3,3月3日,100,100,4.619,0.2004,4.445291379,0.000676004,-7.65E-07,4.25E-10,0.065174227,-0.023951514,0.002092542,-1.49E-05,2,2268,1,30,17.5,17.4,18,505.437,451.553,25.0001,28.5435,30.0003,28.541,28.4231,19.2578,25.7198,64.0948,25,402.13,17.0262,87.6651,101.277
510,1652234291,1066.4,20220511 09:58:10,9:58:10,0,1652234291,0.001223578,1.223578292,5.115476857,400.089,281.4698701,28.33474852,40.27578937,0.07551244,3.016665511,0.074477851,0.04664043,25.90227338,26.48796133,26,3.374258439,50.27388002,1.762620083,3.506035505,1.611638356,-53.95980269,105.5497717,7.500127659,84.99237003,5.293118879,1.222075091,5.115476857,409.3164366,407.2354182,2.22E-05,66.83704872,1.223578292,17.02985775,17.51055495,-1.03E-06,86.59541668,0,0,1,0,53121.17685,-,-,0,0,#DIV/0!,0,-,-,0,0,#DIV/0!,0.5,132.030843,5.115476857,#DIV/0!,0.03874456,#DIV/0!,#DIV/0!,-,0,#DIV/0!,#DIV/0!,#DIV/0!,#DIV/0!,#DIV/0!,#DIV/0!,#DIV/0!,#DIV/0!,156.621,132.030843,0.842995786,0.165381867,2,0.5,0: Broadleaf,2,TRUE,1652234291,400.089,402.401,17.5094,17.0293,395.47,17.3092,500.178,100.567,0.100075,26.649,26,999.9,0,0,9976.88,0,3.66603,156.621,0.900121,0.0998785,0,1.5909,0,825.898,1512.52,38.5,42.75,40.812,41.687,39.187,140.98,15.64,0,1652234291,0,1.753348,-0.263830776,-263.6293851,856.26008,15,1652233242,9:40:42,1652233241,1652233242,1,-0.285,-0.028,4.62,0.189,403,17,0.4,0.09,-2.30787,0.286283527,0.041629216,1,1.752221212,-0.02205671,0.147594733,1,0.479491025,0.065459831,0.008249113,1,3,3,3月3日,100,100,4.619,0.2002,4.445291379,0.000676004,-7.65E-07,4.25E-10,0.065174227,-0.023951514,0.002092542,-1.49E-05,2,2268,1,30,17.5,17.5,18,505.354,451.479,25.0001,28.5439,30.0003,28.5422,28.4243,19.2566,25.7198,64.0948,25,402.252,17.0272,87.6657,101.277
511,1652234293,1068.4,20220511 09:58:12,9:58:12,0,1652234293,0.001212833,1.212833217,5.258690323,400.091,277.3644288,27.92140418,40.27590188,0.07478388,3.020080748,0.073770145,0.046196276,25.54485781,26.48709878,26.0041,3.375077156,50.269039,1.762273929,3.50568454,1.612803227,-53.48594487,104.7249192,7.433189567,84.2170217,5.123851698,1.211704917,5.258690323,409.3683259,407.2288303,2.47E-06,66.83704872,1.212833217,17.03000251,17.50654945,-5.56E-07,86.59541668,0,0,1,0,53226.81062,-,-,0,0,#DIV/0!,0,-,-,0,0,#DIV/0!,0.5,130.199271,5.258690323,#DIV/0!,0.040389553,#DIV/0!,#DIV/0!,-,0,#DIV/0!,#DIV/0!,#DIV/0!,#DIV/0!,#DIV/0!,#DIV/0!,#DIV/0!,#DIV/0!,154.447,130.199271,0.843002914,0.165395623,2,0.5,0: Broadleaf,2,TRUE,1652234293,400.091,402.334,17.506,17.0299,395.472,17.3059,500.102,100.567,0.099853,26.6473,26.0041,999.9,0,0,9997.5,0,3.68381,154.447,0.899906,0.100094,0,1.976,0,813.871,1491.43,38.5,42.75,40.812,41.687,39.187,138.99,15.46,0,1652234293,0,1.767104,0.635399999,-269.8568462,845.53572,15,1652233242,9:40:42,1652233241,1652233242,1,-0.285,-0.028,4.62,0.189,403,17,0.4,0.09,-2.2960155,0.179055535,0.033062822,1,1.744226471,0.449371717,0.144681867,1,0.48028025,0.045896173,0.007725321,1,3,3,3月3日,100,100,4.619,0.2001,4.445291379,0.000676004,-7.65E-07,4.25E-10,0.065174227,-0.023951514,0.002092542,-1.49E-05,2,2268,1,30,17.5,17.5,18,505.388,451.403,25.0001,28.5451,30.0003,28.5425,28.4253,19.2568,25.7198,64.0948,25,402.262,17.0272,87.6655,101.277
512,1652234295,1070.4,20220511 09:58:14,9:58:14,0,1652234295,0.001210088,1.21008751,5.114374502,400.124,280.1640279,28.20321596,40.2792024,0.074568526,3.022346108,0.073561323,0.046065187,25.26806922,26.48661881,26.0079,3.375836122,50.26381691,1.762121988,3.505746473,1.613714134,-53.3648592,104.2331808,7.392893353,83.52928413,4.799724457,1.205014502,5.114374502,409.3133515,407.2328606,6.81E-06,66.83704872,1.21008751,17.0291876,17.50458681,-9.00E-07,86.59541668,0,0,1,0,53296.70541,-,-,0,0,#DIV/0!,0,-,-,0,0,#DIV/0!,0.5,128.791914,5.114374502,#DIV/0!,0.03971037,#DIV/0!,#DIV/0!,-,0,#DIV/0!,#DIV/0!,#DIV/0!,#DIV/0!,#DIV/0!,#DIV/0!,#DIV/0!,#DIV/0!,152.778,128.791914,0.843000393,0.165390758,2,0.5,0: Broadleaf,2,TRUE,1652234295,400.124,402.236,17.5045,17.0311,395.504,17.3045,500.178,100.567,0.0997993,26.6476,26.0079,999.9,0,0,10011.2,0,3.71117,152.778,0.900013,0.0999867,0,1.5135,0,805.136,1475.37,38.5,42.75,40.812,41.687,39.187,137.5,15.28,0,1652234295,0,1.77545,0.301295727,-271.4736407,838.7134615,15,1652233242,9:40:42,1652233241,1652233242,1,-0.285,-0.028,4.62,0.189,403,17,0.4,0.09,-2.27864325,0.214113208,0.039464136,1,1.774173529,0.402089537,0.140864481,1,0.48074525,0.017286889,0.007236992,1,3,3,3月3日,100,100,4.62,0.2,4.445291379,0.000676004,-7.65E-07,4.25E-10,0.065174227,-0.023951514,0.002092542,-1.49E-05,2,2268,1,30,17.6,17.5,18,505.421,451.454,25.0001,28.546,30.0003,28.5428,28.4255,19.255,25.7198,64.0948,25,402.101,17.0272,87.6655,101.276
513,1652234297,1072.4,20220511 09:58:16,9:58:16,0,1652234297,0.001206595,1.206595279,4.843380513,400.114,285.7901298,28.76961036,40.27824155,0.074437106,3.022775694,0.073433564,0.045985015,24.95036335,26.48490229,25.9978,3.373819199,50.26107315,1.761942792,3.505581321,1.611876406,-53.21085179,105.7635602,7.499962285,85.00303406,4.731087196,1.199753481,4.843380513,409.2233931,407.2528303,1.28E-05,66.83704872,1.206595279,17.02971828,17.50381209,-8.73E-07,86.59541668,0,0,1,0,53310.1194,-,-,0,0,#DIV/0!,0,-,-,0,0,#DIV/0!,0.5,127.171758,4.843380513,#DIV/0!,0.038085347,#DIV/0!,#DIV/0!,-,0,#DIV/0!,#DIV/0!,#DIV/0!,#DIV/0!,#DIV/0!,#DIV/0!,#DIV/0!,#DIV/0!,150.856,127.171758,0.843000994,0.165391919,2,0.5,0: Broadleaf,2,TRUE,1652234297,400.114,402.198,17.5027,17.0313,395.495,17.3027,500.108,100.567,0.0999138,26.6468,25.9978,999.9,0,0,10013.8,0,3.73853,150.856,0.899951,0.100049,0,1.914,0,794.812,1456.78,38.5,42.687,40.812,41.625,39.187,135.76,15.09,0,1652234297,0,1.77096,0.598161546,-272.065462,829.26892,15,1652233242,9:40:42,1652233241,1652233242,1,-0.285,-0.028,4.62,0.189,403,17,0.4,0.09,-2.2582215,0.428782064,0.063007474,1,1.77266,0.077127034,0.144191619,1,0.481049825,-0.017659846,0.006817886,1,3,3,3月3日,100,100,4.619,0.2,4.445291379,0.000676004,-7.65E-07,4.25E-10,0.065174227,-0.023951514,0.002092542,-1.49E-05,2,2268,1,30,17.6,17.6,18,505.354,451.481,25,28.546,30.0002,28.5441,28.4267,19.2573,25.7198,64.0948,25,402.213,17.0272,87.6649,101.276
514,1652234299,1074.4,20220511 09:58:18,9:58:18,0,1652234299,0.001195066,1.195066383,4.769714793,400.092,286.4684706,28.83822576,40.27648626,0.073788852,3.020709303,0.072801924,0.045588775,24.71894951,26.48328651,25.989,3.372062737,50.26335505,1.761701152,3.504941423,1.610361585,-52.70242748,106.6195186,7.565381504,86.20142217,4.806164729,1.19394437,4.769714793,409.1837181,407.243297,-4.49E-06,66.83704872,1.195066383,17.03106439,17.50060659,-2.30E-07,86.59541668,0,0,1,0,53246.87365,-,-,0,0,#DIV/0!,0,-,-,0,0,#DIV/0!,0.5,125.995413,4.769714793,#DIV/0!,0.037856257,#DIV/0!,#DIV/0!,-,0,#DIV/0!,#DIV/0!,#DIV/0!,#DIV/0!,#DIV/0!,#DIV/0!,#DIV/0!,#DIV/0!,149.461,125.995413,0.842998595,0.165387288,2,0.5,0: Broadleaf,2,TRUE,1652234299,400.092,402.205,17.5001,17.031,395.473,17.3003,500.128,100.568,0.100062,26.6437,25.989,999.9,0,0,10001.2,0,3.76589,149.461,0.900074,0.0999264,0,1.9608,0,787.631,1443.36,38.437,42.687,40.812,41.625,39.125,134.53,14.94,0,1652234299,0,1.789592,0.193169239,-269.1453846,818.47164,15,1652233242,9:40:42,1652233241,1652233242,1,-0.285,-0.028,4.62,0.189,403,17,0.4,0.09,-2.2389275,0.643588143,0.079267055,0,1.765735294,0.224219104,0.137559627,1,0.4810104,-0.05562448,0.006873332,1,2,3,2月3日,100,100,4.619,0.1998,4.445291379,0.000676004,-7.65E-07,4.25E-10,0.065174227,-0.023951514,0.002092542,-1.49E-05,2,2268,1,30,17.6,17.6,18,505.268,451.539,25,28.5469,30.0001,28.545,28.4278,19.257,25.7198,64.0948,25,402.256,17.0272,87.6646,101.276
515,1652234301,1076.4,20220511 09:58:20,9:58:20,0,1652234301,0.001190806,1.190805841,4.920761467,400.053,282.7374121,28.46229407,40.27208866,0.073495514,3.022775694,0.07251702,0.045409966,24.39871317,26.48143057,25.9917,3.372601567,50.26689305,1.761700658,3.504693748,1.610900909,-52.51453761,106.0568952,7.520371504,85.46144227,4.952647076,1.192049077,4.920761467,409.178299,407.1768909,-4.69E-05,66.83704872,1.190805841,17.03138511,17.4992011,-5.55E-07,86.59541668,0,0,1,0,53310.88442,-,-,0,0,#DIV/0!,0,-,-,0,0,#DIV/0!,0.5,124.361829,4.920761467,#DIV/0!,0.039568101,#DIV/0!,#DIV/0!,-,0,#DIV/0!,#DIV/0!,#DIV/0!,#DIV/0!,#DIV/0!,#DIV/0!,#DIV/0!,#DIV/0!,147.523,124.361829,0.842999593,0.165389215,2,0.5,0: Broadleaf,2,TRUE,1652234301,400.053,402.224,17.5003,17.032,395.434,17.3004,500.187,100.567,0.0998833,26.6425,25.9917,999.9,0,0,10013.8,0,3.77546,147.523,0.900019,0.0999815,0,1.7567,0,777.184,1424.61,38.437,42.687,40.812,41.625,39.187,132.77,14.75,0,1652234301,0,1.792857692,0.088755562,-268.1973331,811.7608462,15,1652233242,9:40:42,1652233241,1652233242,1,-0.285,-0.028,4.62,0.189,403,17,0.4,0.09,-2.2246335,0.750212083,0.084638182,0,1.781797059,0.1973676,0.138052668,1,0.47991475,-0.079269749,0.007771353,1,2,3,2月3日,100,100,4.619,0.1999,4.445291379,0.000676004,-7.65E-07,4.25E-10,0.065174227,-0.023951514,0.002092542,-1.49E-05,2,2268,1,30,17.7,17.6,18,505.346,451.44,25,28.5482,30.0001,28.545,28.428,19.257,25.7198,64.0948,25,402.242,17.0272,87.6655,101.277
516,1652234303,1078.4,20220511 09:58:22,9:58:22,0,1652234303,0.001195017,1.19501695,4.937809531,400.05,282.6602573,28.45431166,40.27148171,0.073706847,3.018720211,0.072721456,0.045538346,24.25668414,26.47914865,25.9969,3.373639524,50.26480655,1.761606784,3.50465247,1.612032739,-52.70024748,105.0357805,7.458158103,84.05037524,4.958116855,1.188253955,4.937809531,409.178692,407.1698182,-2.09E-05,66.83704872,1.19501695,17.03095711,17.50051978,-8.27E-07,86.59541668,0,0,1,0,53185.6977,-,-,0,0,#DIV/0!,0,-,-,0,0,#DIV/0!,0.5,123.644529,4.937809531,#DIV/0!,0.039935528,#DIV/0!,#DIV/0!,-,0,#DIV/0!,#DIV/0!,#DIV/0!,#DIV/0!,#DIV/0!,#DIV/0!,#DIV/0!,#DIV/0!,146.673,123.644529,0.842994477,0.165379341,2,0.5,0: Broadleaf,2,TRUE,1652234303,400.05,402.223,17.4995,17.0326,395.431,17.2997,500.09,100.566,0.100121,26.6423,25.9969,999.9,0,0,9989.38,0,3.77546,146.673,0.900156,0.099844,0,1.4458,0,772.414,1416.46,38.437,42.687,40.812,41.687,39.125,132.03,14.64,0,1652234303,0,1.7748,-0.540684604,-263.4765389,802.36524,15,1652233242,9:40:42,1652233241,1652233242,1,-0.285,-0.028,4.62,0.189,403,17,0.4,0.09,-2.21322525,0.730863602,0.083740444,0,1.770174286,0.163625566,0.133926311,1,0.477807575,-0.080335959,0.007813574,1,2,3,2月3日,100,100,4.619,0.1998,4.445291379,0.000676004,-7.65E-07,4.25E-10,0.065174227,-0.023951514,0.002092542,-1.49E-05,2,2268,1,30,17.7,17.7,18,505.415,451.366,24.9999,28.5485,30.0001,28.5459,28.4292,19.256,25.7198,64.0948,25,402.195,17.0272,87.6656,101.277
517,1652234305,1080.4,20220511 09:58:24,9:58:24,0,1652234305,0.001186251,1.186251196,4.881734708,400.091,283.1084937,28.49970708,40.2759951,0.073143443,3.019978157,0.072173351,0.045194431,23.94695882,26.47845257,25.9975,3.373759306,50.26194645,1.76138207,3.504404813,1.612377236,-52.31367775,104.786487,7.437335127,83.85710316,4.90728291,1.180060236,4.881734708,409.1868507,407.2009152,2.06E-05,66.83704872,1.186251196,17.0318495,17.49788022,1.58E-07,86.59541668,0,0,1,0,53224.74569,-,-,0,0,#DIV/0!,0,-,-,0,0,#DIV/0!,0.5,122.055771,4.881734708,#DIV/0!,0.039995935,#DIV/0!,#DIV/0!,-,0,#DIV/0!,#DIV/0!,#DIV/0!,#DIV/0!,#DIV/0!,#DIV/0!,#DIV/0!,#DIV/0!,144.787,122.055771,0.843002279,0.165394399,2,0.5,0: Broadleaf,2,TRUE,1652234305,400.091,402.242,17.4971,17.0335,395.471,17.2973,500.178,100.567,0.100086,26.6411,25.9975,999.9,0,0,9996.88,0,3.77546,144.787,0.899935,0.100065,0,1.4742,0,762.422,1398.16,38.437,42.687,40.812,41.687,39.125,130.3,14.49,0,1652234305,0,1.770180769,-0.625692291,-271.1027351,795.5815769,15,1652233242,9:40:42,1652233241,1652233242,1,-0.285,-0.028,4.62,0.189,403,17,0.4,0.09,-2.19902025,0.605003865,0.077467391,0,1.771171429,-0.289763734,0.144268921,1,0.47529875,-0.073705756,0.007198671,1,2,3,2月3日,100,100,4.62,0.1998,4.445291379,0.000676004,-7.65E-07,4.25E-10,0.065174227,-0.023951514,0.002092542,-1.49E-05,2,2268,1,30,17.7,17.7,18,505.363,451.391,24.9998,28.5488,30.0001,28.5471,28.4302,19.2534,25.7198,64.0948,25,402.083,17.0272,87.6652,101.276
518,1652234307,1082.4,20220511 09:58:26,9:58:26,0,1652234307,0.001177463,1.177463462,4.853767474,400.122,282.9449765,28.48289481,40.27861875,0.072586393,3.021933023,0.071631525,0.044854448,23.57864333,26.47646072,25.9972,3.373699415,50.26266722,1.761179137,3.503950814,1.612520277,-51.92613865,104.5447714,7.415286088,83.61256212,4.807619888,1.171548082,4.853767474,409.2132379,407.2384121,3.51E-05,66.83704872,1.177463462,17.03232274,17.49494725,-2.92E-08,86.59541668,0,0,1,0,53285.47101,-,-,0,0,#DIV/0!,0,-,-,0,0,#DIV/0!,0.5,120.182958,4.853767474,#DIV/0!,0.040386487,#DIV/0!,#DIV/0!,-,0,#DIV/0!,#DIV/0!,#DIV/0!,#DIV/0!,#DIV/0!,#DIV/0!,#DIV/0!,#DIV/0!,142.566,120.182958,0.842998737,0.165387563,2,0.5,0: Broadleaf,2,TRUE,1652234307,400.122,402.232,17.4953,17.035,395.503,17.2956,500.131,100.566,0.0998438,26.6389,25.9972,999.9,0,0,10008.8,0,3.75768,142.566,0.900033,0.0999673,0,1.4792,0,750.159,1376.76,38.437,42.687,40.812,41.625,39.125,128.31,14.25,0,1652234307,0,1.756942308,-0.648324774,-272.5030767,784.6338077,15,1652233242,9:40:42,1652233241,1652233242,1,-0.285,-0.028,4.62,0.189,403,17,0.4,0.09,-2.18439,0.461614559,0.069298708,1,1.765890909,-0.11535141,0.145097529,1,0.472707275,-0.070242248,0.006843763,1,3,3,3月3日,100,100,4.619,0.1997,4.445291379,0.000676004,-7.65E-07,4.25E-10,0.065174227,-0.023951514,0.002092542,-1.49E-05,2,2268,1,30,17.8,17.7,18,505.273,451.391,24.9998,28.55,30.0001,28.5474,28.4302,19.2534,25.7198,64.0948,25,402.075,17.0272,87.6643,101.276
519,1652234309,1084.4,20220511 09:58:28,9:58:28,0,1652234309,0.001176258,1.176258257,4.8373273,400.126,283.2337436,28.51174887,40.2787178,0.07253272,3.01818538,0.071578087,0.044821028,23.26382361,26.47277103,25.9945,3.373160432,50.26619748,1.761095396,3.503538132,1.612065036,-51.87298912,104.5290219,7.423200244,83.34305664,4.681507882,1.167983992,4.8373273,409.2201483,407.252103,1.78E-05,66.83704872,1.176258257,17.03303289,17.49518901,-7.79E-07,86.59541668,0,0,1,0,53170.13853,-,-,0,0,#DIV/0!,0,-,-,0,0,#DIV/0!,0.5,118.575657,4.8373273,#DIV/0!,0.040795281,#DIV/0!,#DIV/0!,-,0,#DIV/0!,#DIV/0!,#DIV/0!,#DIV/0!,#DIV/0!,#DIV/0!,#DIV/0!,#DIV/0!,140.659,118.575657,0.843000853,0.165391647,2,0.5,0: Broadleaf,2,TRUE,1652234309,400.126,402.185,17.4946,17.0357,395.507,17.2949,500.131,100.565,0.100085,26.6369,25.9945,999.9,0,0,9986.25,0,3.73032,140.659,0.899966,0.100034,0,1.7105,0,739.935,1358.31,38.437,42.687,40.812,41.687,39.125,126.59,14.07,0,1652234309,0,1.756308,0.067253857,-273.7580774,775.04668,15,1652233242,9:40:42,1652233241,1652233242,1,-0.285,-0.028,4.62,0.189,403,17,0.4,0.09,-2.165282,0.449219437,0.068414506,1,1.778315152,-0.177985067,0.159682949,1,0.47028635,-0.067854191,0.00660613,1,3,3,3月3日,100,100,4.619,0.1997,4.445291379,0.000676004,-7.65E-07,4.25E-10,0.065174227,-0.023951514,0.002092542,-1.49E-05,2,2268,1,30,17.8,17.8,18,505.404,451.364,24.9998,28.5508,30.0002,28.5483,28.431,19.2508,25.7198,64.0948,25,402.04,17.0272,87.6642,101.275
520,1652234311,1086.4,20220511 09:58:30,9:58:30,0,1652234311,0.001171154,1.171153715,4.730615794,400.1,285.2202206,28.7119696,40.2764538,0.072287989,3.021933023,0.071340901,0.044672121,23.03057414,26.47071417,25.9865,3.371563888,50.27372626,1.761130977,3.503084231,1.610432911,-51.64787883,105.6037413,7.489838955,84.47627557,4.597369856,1.168481678,4.730615794,409.1558606,407.2317939,-1.30E-05,66.83704872,1.171153715,17.03482002,17.49487253,-4.19E-07,86.59541668,0,0,1,0,53286.21792,-,-,0,0,#DIV/0!,0,-,-,0,0,#DIV/0!,0.5,117.386244,4.730615794,#DIV/0!,0.040299575,#DIV/0!,#DIV/0!,-,0,#DIV/0!,#DIV/0!,#DIV/0!,#DIV/0!,#DIV/0!,#DIV/0!,#DIV/0!,#DIV/0!,139.248,117.386244,0.843001293,0.165392495,2,0.5,0: Broadleaf,2,TRUE,1652234311,400.1,402.125,17.4948,17.0358,395.481,17.2951,500.235,100.566,0.099968,26.6347,25.9865,999.9,0,0,10008.8,0,3.72074,139.248,0.899927,0.100073,0,1.6693,0,732.443,1344.67,38.437,42.687,40.812,41.625,39.125,125.31,13.93,0,1652234311,0,1.753704,-0.235415376,-273.6970001,764.2342,15,1652233242,9:40:42,1652233241,1652233242,1,-0.285,-0.028,4.62,0.189,403,17,0.4,0.09,-2.1402055,0.446710919,0.067357361,1,1.770802857,-0.239247963,0.157774071,1,0.46800205,-0.062857711,0.006111786,1,3,3,3月3日,100,100,4.619,0.1997,4.445291379,0.000676004,-7.65E-07,4.25E-10,0.065174227,-0.023951514,0.002092542,-1.49E-05,2,2268,1,30,17.8,17.8,18,505.461,451.39,24.9998,28.5508,30.0002,28.5495,28.4322,19.2529,25.7198,64.0948,25,402.114,17.0272,87.6651,101.275
521,1652234313,1088.4,20220511 09:58:32,9:58:32,0,1652234313,0.001166208,1.166207872,4.593353958,400.096,287.8259016,28.97450128,40.27636845,0.071983261,3.024426947,0.071044848,0.044486324,22.75136255,26.46819032,25.9853,3.371324464,50.27662161,1.760993852,3.502609753,1.610330612,-51.42976714,105.5115352,7.476997465,84.31012806,4.583014259,1.162474845,4.593353958,409.0966448,407.2277273,-7.49E-06,66.83704872,1.166207872,17.03563187,17.4938989,-5.79E-08,86.59541668,0,0,1,0,53363.71948,-,-,0,0,#DIV/0!,0,-,-,0,0,#DIV/0!,0.5,115.966272,4.593353958,#DIV/0!,0.039609396,#DIV/0!,#DIV/0!,-,0,#DIV/0!,#DIV/0!,#DIV/0!,#DIV/0!,#DIV/0!,#DIV/0!,#DIV/0!,#DIV/0!,137.564,115.966272,0.842998691,0.165387475,2,0.5,0: Broadleaf,2,TRUE,1652234313,400.096,402.115,17.4933,17.0365,395.477,17.2937,500.061,100.567,0.0997611,26.6324,25.9853,999.9,0,0,10023.8,0,3.73853,137.564,0.900048,0.0999521,0,1.905,0,723.672,1328.45,38.437,42.687,40.75,41.625,39.125,123.81,13.75,0,1652234313,0,1.759719231,0.169131634,-271.720786,757.6593462,15,1652233242,9:40:42,1652233241,1652233242,1,-0.285,-0.028,4.62,0.189,403,17,0.4,0.09,-2.115908,0.35795167,0.057350545,1,1.764870588,-0.138664132,0.14924778,1,0.465949175,-0.058510233,0.005687998,1,3,3,3月3日,100,100,4.619,0.1996,4.445291379,0.000676004,-7.65E-07,4.25E-10,0.065174227,-0.023951514,0.002092542,-1.49E-05,2,2268,1,30,17.9,17.8,18,505.37,451.41,24.9998,28.5518,30.0004,28.5498,28.4326,19.2522,25.7198,64.0948,25,402.115,17.0272,87.6656,101.274
522,1652234315,1090.4,20220511 09:58:34,9:58:34,0,1652234315,0.00116282,1.162820319,4.600955327,400.087,287.3446323,28.92610208,40.27553014,0.071767555,3.024624991,0.070834779,0.044354533,22.57121987,26.46662413,25.9853,3.371324464,50.27826483,1.760906212,3.502320968,1.610418252,-51.28037608,105.2901552,7.460768607,84.04176761,4.622453922,1.159596207,4.600955327,409.0969264,407.2251576,3.48E-07,66.83704872,1.162820319,17.03566695,17.49253407,-6.34E-08,86.59541668,0,0,1,0,53370.09241,-,-,0,0,#DIV/0!,0,-,-,0,0,#DIV/0!,0.5,115.045956,4.600955327,#DIV/0!,0.039992326,#DIV/0!,#DIV/0!,-,0,#DIV/0!,#DIV/0!,#DIV/0!,#DIV/0!,#DIV/0!,#DIV/0!,#DIV/0!,#DIV/0!,136.472,115.045956,0.84300044,0.165390848,2,0.5,0: Broadleaf,2,TRUE,1652234315,400.087,402.121,17.4924,17.0368,395.468,17.2927,500.137,100.567,0.0999303,26.631,25.9853,999.9,0,0,10025,0,3.78367,136.472,0.900013,0.0999874,0,1.5861,0,717.507,1317.9,38.437,42.687,40.75,41.625,39.125,122.83,13.65,0,1652234315,0,1.740336,0.120838474,-263.5973082,748.111,15,1652233242,9:40:42,1652233241,1652233242,1,-0.285,-0.028,4.62,0.189,403,17,0.4,0.09,-2.099134,0.353103715,0.055749786,1,1.750636364,0.130129818,0.146510312,1,0.4640906,-0.056307242,0.005484054,1,3,3,3月3日,100,100,4.619,0.1997,4.445291379,0.000676004,-7.65E-07,4.25E-10,0.065174227,-0.023951514,0.002092542,-1.49E-05,2,2268,1,30,17.9,17.9,18,505.372,451.361,24.9998,28.553,30.0003,28.5501,28.4328,19.2538,25.7198,64.0948,25,402.212,17.0272,87.6655,101.274
523,1652234317,1092.4,20220511 09:58:36,9:58:36,0,1652234317,0.001159392,1.15939248,4.641632134,400.095,286.1713888,28.80804868,40.27641018,0.07157342,3.02173459,0.070644773,0.044235415,22.20681613,26.46415524,25.9832,3.370905506,50.28161543,1.760909477,3.50209408,1.609996029,-51.12920838,105.3524453,7.472203344,83.90225638,4.476116046,1.157381882,4.641632134,409.0901037,407.2019818,-1.31E-05,66.83704872,1.15939248,17.0366229,17.49211538,-3.51E-07,86.59541668,0,0,1,0,53280.96435,-,-,0,0,#DIV/0!,0,-,-,0,0,#DIV/0!,0.5,113.188044,4.641632134,#DIV/0!,0.041008149,#DIV/0!,#DIV/0!,-,0,#DIV/0!,#DIV/0!,#DIV/0!,#DIV/0!,#DIV/0!,#DIV/0!,#DIV/0!,#DIV/0!,134.268,113.188044,0.843000894,0.165391725,2,0.5,0: Broadleaf,2,TRUE,1652234317,400.095,402.07,17.4924,17.0377,395.476,17.2927,500.17,100.567,0.100117,26.6299,25.9832,999.9,0,0,10007.5,0,3.83839,134.268,0.89994,0.10006,0,1.5947,0,705.9,1296.59,38.375,42.687,40.75,41.625,39.125,120.83,13.43,0,1652234317,0,1.764432,0.513538468,-266.672077,737.30564,15,1652233242,9:40:42,1652233241,1652233242,1,-0.285,-0.028,4.62,0.189,403,17,0.4,0.09,-2.09001775,0.475896923,0.061185295,1,1.773573529,0.209908005,0.156145896,1,0.462349875,-0.053406248,0.005222244,1,3,3,3月3日,100,100,4.619,0.1997,4.445291379,0.000676004,-7.65E-07,4.25E-10,0.065174227,-0.023951514,0.002092542,-1.49E-05,2,2268,1,30,17.9,17.9,18,505.305,451.371,24.9998,28.5533,30.0003,28.5513,28.434,19.2518,25.7198,64.0948,25,401.987,17.0272,87.6653,101.275
524,1652234319,1094.4,20220511 09:58:38,9:58:38,0,1652234319,0.001158181,1.158181028,4.44487857,400.125,290.5504008,29.24861899,40.27908288,0.071541364,3.01675185,0.070612033,0.044215011,21.93566762,26.46265007,25.978,3.369868284,50.27888231,1.760813761,3.50209408,1.609054523,-51.07578334,106.0244461,7.532089857,84.41642021,4.40575966,1.150927759,4.44487857,409.0455271,407.2371212,2.00E-05,66.83704872,1.158181028,17.03693225,17.49198352,-2.34E-07,86.59541668,0,0,1,0,53127.20303,-,-,0,0,#DIV/0!,0,-,-,0,0,#DIV/0!,0.5,111.802542,4.44487857,#DIV/0!,0.039756507,#DIV/0!,#DIV/0!,-,0,#DIV/0!,#DIV/0!,#DIV/0!,#DIV/0!,#DIV/0!,#DIV/0!,#DIV/0!,#DIV/0!,132.624,111.802542,0.843003845,0.165397421,2,0.5,0: Broadleaf,2,TRUE,1652234319,400.125,402.071,17.4916,17.0394,395.505,17.292,500.131,100.566,0.100249,26.6299,25.978,999.9,0,0,9977.5,0,3.889,132.624,0.899885,0.100115,0,1.7688,0,696.858,1280.69,38.375,42.687,40.75,41.625,39.125,119.35,13.28,0,1652234319,0,1.758938462,-0.046044438,-266.903316,730.5192308,15,1652233242,9:40:42,1652233241,1652233242,1,-0.285,-0.028,4.62,0.189,403,17,0.4,0.09,-2.076976,0.680853433,0.072238156,0,1.754164706,-0.00678614,0.173401976,1,0.4606946,-0.051409531,0.0050425,1,2,3,2月3日,100,100,4.62,0.1996,4.445291379,0.000676004,-7.65E-07,4.25E-10,0.065174227,-0.023951514,0.002092542,-1.49E-05,2,2268,1,30,18,17.9,18,505.453,451.379,24.9998,28.5536,30.0002,28.5523,28.435,19.2506,25.7198,64.0948,25,402.059,17.0272,87.6648,101.275
525,1652234321,1096.4,20220511 09:58:40,9:58:40,0,1652234321,0.001154873,1.154872678,4.39412281,400.094,291.4741166,29.34189048,40.27635272,0.071403501,3.015731854,0.070477414,0.044130588,21.70318695,26.46130008,25.9698,3.36823323,50.27742688,1.760679832,3.501929079,1.607553398,-50.92988508,107.1917207,7.617246502,85.58226906,4.525548605,1.147564646,4.39412281,409.0319869,407.2445939,1.08E-05,66.83704872,1.154872678,17.03719664,17.49086703,1.18E-08,86.59541668,0,0,1,0,53095.93263,-,-,0,0,#DIV/0!,0,-,-,0,0,#DIV/0!,0.5,110.622615,4.39412281,#DIV/0!,0.039721741,#DIV/0!,#DIV/0!,-,0,#DIV/0!,#DIV/0!,#DIV/0!,#DIV/0!,#DIV/0!,#DIV/0!,#DIV/0!,#DIV/0!,131.225,110.622615,0.842999543,0.165389118,2,0.5,0: Broadleaf,2,TRUE,1652234321,400.094,402.087,17.4901,17.0393,395.474,17.2906,500.219,100.567,0.100225,26.6291,25.9698,999.9,0,0,9971.25,0,3.91225,131.225,0.900013,0.0999871,0,2.0822,0,689.383,1267.22,38.375,42.625,40.75,41.625,39.062,118.1,13.12,0,1652234321,0,1.773648,0.262230776,-263.749539,721.1812,15,1652233242,9:40:42,1652233241,1652233242,1,-0.285,-0.028,4.62,0.189,403,17,0.4,0.09,-2.05961625,0.770557036,0.077981474,0,1.751594286,0.105161556,0.169737574,1,0.459016875,-0.050412619,0.004949785,1,2,3,2月3日,100,100,4.62,0.1995,4.445291379,0.000676004,-7.65E-07,4.25E-10,0.065174227,-0.023951514,0.002092542,-1.49E-05,2,2268,1,30,18,18,18,505.515,451.313,24.9998,28.5548,30.0003,28.5523,28.435,19.2522,25.7198,64.0948,25,402.13,17.0272,87.6643,101.275
526,1652234323,1098.4,20220511 09:58:42,9:58:42,0,1652234323,0.001146228,1.146228003,4.556535991,400.083,287.1277315,28.90483579,40.27591956,0.070904256,3.019699936,0.069992168,0.043826075,21.38451363,26.45956438,25.9649,3.367256516,50.28306713,1.760638836,3.501454738,1.60661768,-50.54865495,107.7560379,7.647009827,86.23890638,4.469777473,1.145965617,4.556535991,409.05539,407.2016121,-2.69E-05,66.83704872,1.146228003,17.03896751,17.48937143,-1.15E-07,86.59541668,0,0,1,0,53218.74251,-,-,0,0,#DIV/0!,0,-,-,0,0,#DIV/0!,0.5,108.995142,4.556535991,#DIV/0!,0.041804946,#DIV/0!,#DIV/0!,-,0,#DIV/0!,#DIV/0!,#DIV/0!,#DIV/0!,#DIV/0!,#DIV/0!,#DIV/0!,#DIV/0!,129.294,108.995142,0.84300232,0.165394478,2,0.5,0: Broadleaf,2,TRUE,1652234323,400.083,402.054,17.4894,17.0391,395.464,17.2899,500.077,100.569,0.0999101,26.6268,25.9649,999.9,0,0,9995,0,3.91636,129.294,0.899951,0.100049,0,2.1098,0,679.099,1248.56,38.375,42.687,40.75,41.625,39.062,116.36,12.94,0,1652234323,0,1.78104,0.565215393,-264.869,710.67104,15,1652233242,9:40:42,1652233241,1652233242,1,-0.285,-0.028,4.62,0.189,403,17,0.4,0.09,-2.04114975,0.681349531,0.07189088,0,1.762467647,0.241820681,0.179507868,1,0.457254325,-0.046339216,0.004527866,1,2,3,2月3日,100,100,4.619,0.1995,4.445291379,0.000676004,-7.65E-07,4.25E-10,0.065174227,-0.023951514,0.002092542,-1.49E-05,2,2268,1,30,18,18,18,505.382,451.418,24.9998,28.5558,30.0003,28.5532,28.4358,19.2511,25.7198,64.0948,25,402.057,17.0272,87.6652,101.275
527,1652234325,1100.4,20220511 09:58:44,9:58:44,0,1652234325,0.001141643,1.141643355,4.429688966,400.109,289.5270811,29.1460941,40.27814781,0.070563683,3.019683488,0.069660271,0.043617874,21.11174422,26.45655848,25.9704,3.368352844,50.28855652,1.760561425,3.500918593,1.607791419,-50.34647196,106.4367938,7.553539117,84.75560516,4.302367611,1.140755216,4.429688966,409.0318812,407.2297091,1.29E-05,66.83704872,1.141643355,17.03966301,17.48821429,-2.95E-07,86.59541668,0,0,1,0,53218.67514,-,-,0,0,#DIV/0!,0,-,-,0,0,#DIV/0!,0.5,107.603499,4.429688966,#DIV/0!,0.041166774,#DIV/0!,#DIV/0!,-,0,#DIV/0!,#DIV/0!,#DIV/0!,#DIV/0!,#DIV/0!,#DIV/0!,#DIV/0!,#DIV/0!,127.643,107.603499,0.843003525,0.165396804,2,0.5,0: Broadleaf,2,TRUE,1652234325,400.109,402.012,17.4888,17.0406,395.49,17.2893,500.136,100.568,0.0999375,26.6242,25.9704,999.9,0,0,9995,0,3.93004,127.643,0.899895,0.100105,0,1.6745,0,669.567,1232.6,38.375,42.625,40.75,41.625,39.062,114.87,12.78,0,1652234325,0,1.786757692,0.533870092,-262.3346321,704.3860769,15,1652233242,9:40:42,1652233241,1652233242,1,-0.285,-0.028,4.62,0.189,403,17,0.4,0.09,-2.019125,0.574300863,0.062330319,0,1.78375,0.437333426,0.181594241,1,0.455578225,-0.042503809,0.004113681,1,2,3,2月3日,100,100,4.619,0.1995,4.445291379,0.000676004,-7.65E-07,4.25E-10,0.065174227,-0.023951514,0.002092542,-1.49E-05,2,2268,1,30,18.1,18,18,505.346,451.528,24.9999,28.5558,30.0001,28.5544,28.437,19.2523,25.7198,64.0948,25,402.085,17.0272,87.6659,101.275
528,1652234327,1102.4,20220511 09:58:46,9:58:46,0,1652234327,0.001143324,1.143323971,4.323321519,400.137,292.159213,29.41075164,40.2805368,0.070704438,3.021321278,0.069797928,0.043704183,20.97010393,26.45290645,25.9655,3.367376101,50.29139906,1.760401711,3.500403138,1.60697439,-50.4205871,106.8854472,7.580985911,85.01594995,4.218459435,1.132713158,4.323321519,408.9960155,407.2372788,1.21E-05,66.83704872,1.143323971,17.03912513,17.4882956,-3.29E-07,86.59541668,0,0,1,0,53269.65789,-,-,0,0,#DIV/0!,0,-,-,0,0,#DIV/0!,0.5,106.887915,4.323321519,#DIV/0!,0.040447243,#DIV/0!,#DIV/0!,-,0,#DIV/0!,#DIV/0!,#DIV/0!,#DIV/0!,#DIV/0!,#DIV/0!,#DIV/0!,#DIV/0!,126.795,106.887915,0.84299787,0.16538589,2,0.5,0: Broadleaf,2,TRUE,1652234327,400.137,402.005,17.4874,17.0424,395.517,17.288,500.182,100.567,0.0998636,26.6217,25.9655,999.9,0,0,10005,0,3.93961,126.795,0.900054,0.0999464,0,1.546,0,665.569,1224.46,38.375,42.625,40.75,41.625,39.062,114.12,12.67,0,1652234327,0,1.777124,-0.340176914,-255.857308,695.24568,15,1652233242,9:40:42,1652233241,1652233242,1,-0.285,-0.028,4.62,0.189,403,17,0.4,0.09,-1.992888,0.500188593,0.052892936,0,1.775247059,0.086801243,0.176053827,1,0.454106375,-0.043155726,0.004172936,1,2,3,2月3日,100,100,4.62,0.1994,4.445291379,0.000676004,-7.65E-07,4.25E-10,0.065174227,-0.023951514,0.002092542,-1.49E-05,2,2268,1,30,18.1,18.1,18,505.349,451.465,25,28.5567,30.0001,28.5547,28.4375,19.2473,25.7198,64.0948,25,401.817,16.9748,87.6659,101.275
529,1652234329,1104.4,20220511 09:58:48,9:58:48,0,1652234329,0.001137958,1.137957635,4.206946521,400.155,294.4171682,29.63773971,40.28192312,0.070409182,3.023981324,0.069510955,0.043524094,20.56427843,26.45097616,25.96,3.36628005,50.29038716,1.760252242,3.500176358,1.606027808,-50.1839317,107.6968789,7.631566171,85.70879177,4.302192312,1.127969768,4.206946521,408.9739388,407.2622788,1.57E-05,66.83704872,1.137957635,17.04011361,17.48723846,-1.37E-07,86.59541668,0,0,1,0,53352.02161,-,-,0,0,#DIV/0!,0,-,-,0,0,#DIV/0!,0.5,104.815428,4.206946521,#DIV/0!,0.040136711,#DIV/0!,#DIV/0!,-,0,#DIV/0!,#DIV/0!,#DIV/0!,#DIV/0!,#DIV/0!,#DIV/0!,#DIV/0!,#DIV/0!,124.336,104.815428,0.843001448,0.165392794,2,0.5,0: Broadleaf,2,TRUE,1652234329,400.155,402.056,17.4861,17.0429,395.535,17.2867,500.111,100.566,0.0997998,26.6206,25.96,999.9,0,0,10021.2,0,3.95739,124.336,0.899967,0.100033,0,1.5152,0,652.674,1200.69,38.375,42.625,40.75,41.625,39.062,111.9,12.44,0,1652234329,0,1.766484,-0.399784608,-261.6351539,684.4004,15,1652233242,9:40:42,1652233241,1652233242,1,-0.285,-0.028,4.62,0.189,403,17,0.4,0.09,-1.97267875,0.499568218,0.053008338,1,1.77648,-0.077854061,0.17108798,1,0.4525914,-0.04634051,0.00448323,1,3,3,3月3日,100,100,4.62,0.1994,4.445291379,0.000676004,-7.65E-07,4.25E-10,0.065174227,-0.023951514,0.002092542,-1.49E-05,2,2268,1,30,18.1,18.1,18,505.413,451.437,24.9999,28.5579,30.0001,28.555,28.4382,19.2449,25.7198,63.7235,25,401.888,16.9656,87.6659,101.275
530,1652234331,1106.4,20220511 09:58:50,9:58:50,0,1652234331,0.001127778,1.127777792,4.269916003,400.136,291.9787986,29.39243001,40.28021702,0.069696811,3.015610899,0.068814136,0.043087208,20.47148635,26.4528815,25.9684,3.367954144,50.28745564,1.760180735,3.500238206,1.607773408,-49.73500065,106.0818937,7.53831957,84.35669893,4.363753102,1.131367905,4.269916003,409.0110346,407.2739333,9.24E-06,66.83704872,1.127777792,17.04185711,17.48494725,-7.00E-08,86.59541668,0,0,1,0,53093.63779,-,-,0,0,#DIV/0!,0,-,-,0,0,#DIV/0!,0.5,104.343258,4.269916003,#DIV/0!,0.04092182,#DIV/0!,#DIV/0!,-,0,#DIV/0!,#DIV/0!,#DIV/0!,#DIV/0!,#DIV/0!,#DIV/0!,#DIV/0!,#DIV/0!,123.776,104.343258,0.843000727,0.165391403,2,0.5,0: Broadleaf,2,TRUE,1652234331,400.136,402.062,17.4853,17.0408,395.517,17.2859,500.151,100.566,0.100316,26.6209,25.9684,999.9,0,0,9970.62,0,3.98475,123.776,0.899947,0.100053,0,1.6297,0,649.759,1195.27,38.312,42.625,40.75,41.562,39.062,111.39,12.38,0,1652234331,0,1.757057692,-0.558355551,-256.6142902,678.0883077,15,1652233242,9:40:42,1652233241,1652233242,1,-0.285,-0.028,4.62,0.189,403,17,0.4,0.09,-1.96084625,0.48442818,0.051841716,1,1.759641176,-0.140335897,0.173102817,1,0.45093955,-0.049741621,0.004816677,1,3,3,3月3日,100,100,4.619,0.1994,4.445291379,0.000676004,-7.65E-07,4.25E-10,0.065174227,-0.023951514,0.002092542,-1.49E-05,2,2268,1,30,18.2,18.1,18,505.329,451.33,24.9999,28.5582,30.0001,28.5562,28.4395,19.2438,25.7198,63.7235,25,401.897,16.9552,87.6659,101.275
531,1652234333,1108.4,20220511 09:58:52,9:58:52,0,1652234333,0.001123723,1.123722819,4.430279128,400.109,287.8890361,28.9809967,40.27787153,0.069428644,3.01542163,0.068552648,0.042923189,20.096622,26.45004582,25.9698,3.36823323,50.29065521,1.76011648,3.499887748,1.60811675,-49.55617633,105.5712766,7.502493967,83.61421628,4.155701988,1.156442474,4.430279128,409.039243,407.2369152,-2.46E-05,66.83704872,1.123722819,17.04270977,17.48425604,-3.83E-07,86.59541668,0,0,1,0,53088.12896,-,-,0,0,#DIV/0!,0,-,-,0,0,#DIV/0!,0.5,102.4254,4.430279128,#DIV/0!,0.043253716,#DIV/0!,#DIV/0!,-,0,#DIV/0!,#DIV/0!,#DIV/0!,#DIV/0!,#DIV/0!,#DIV/0!,#DIV/0!,#DIV/0!,121.5,102.4254,0.843007407,0.165404296,2,0.5,0: Broadleaf,2,TRUE,1652234333,400.109,401.956,17.4845,17.0301,395.49,17.2852,500.098,100.567,0.100247,26.6192,25.9698,999.9,0,0,9969.38,0,3.99433,121.5,0.899754,0.100246,0,1.795,0,637.143,1173.23,38.312,42.625,40.687,41.625,39.062,109.32,12.18,0,1652234333,0,1.77886,-0.34065384,-258.1799234,668.9092,15,1652233242,9:40:42,1652233241,1652233242,1,-0.285,-0.028,4.62,0.189,403,17,0.4,0.09,-1.9473355,0.455379512,0.050067797,1,1.773228571,-0.133352872,0.17644524,1,0.44988115,-0.041486319,0.004382042,1,3,3,3月3日,100,100,4.619,0.1993,4.445291379,0.000676004,-7.65E-07,4.25E-10,0.065174227,-0.023951514,0.002092542,-1.49E-05,2,2268,1,30,18.2,18.2,18,505.353,451.267,24.9998,28.5585,30.0002,28.5571,28.4399,19.2459,25.7198,63.7235,25,401.95,16.9473,87.6659,101.274
532,1652234335,1110.4,20220511 09:58:54,9:58:54,0,1652234335,0.001121696,1.121696284,4.244349984,400.098,292.0182841,29.39649396,40.27651377,0.069326684,3.023601519,0.068455572,0.042862086,19.73036514,26.44638693,25.9652,3.367316308,50.28969359,1.75982367,3.499372425,1.607492638,-49.46680613,106.1999759,7.52648742,83.99002235,4.052258886,1.17927105,4.244349984,408.9462241,407.2198,-1.94E-05,66.83704872,1.121696284,17.04262144,17.4833033,-2.81E-07,86.59541668,0,0,1,0,53340.99725,-,-,0,0,#DIV/0!,0,-,-,0,0,#DIV/0!,0.5,100.571829,4.244349984,#DIV/0!,0.042202176,#DIV/0!,#DIV/0!,-,0,#DIV/0!,#DIV/0!,#DIV/0!,#DIV/0!,#DIV/0!,#DIV/0!,#DIV/0!,#DIV/0!,119.303,100.571829,0.842994971,0.165380293,2,0.5,0: Broadleaf,2,TRUE,1652234335,400.098,401.907,17.4817,17.0184,395.478,17.2824,500.175,100.567,0.0996211,26.6167,25.9652,999.9,0,0,10018.8,0,3.99433,119.303,0.900179,0.0998211,0,1.8498,0,625.403,1152.15,38.312,42.625,40.687,41.562,39.062,107.39,11.91,0,1652234335,0,1.78542,-0.140884613,-268.8926152,658.29464,15,1652233242,9:40:42,1652233241,1652233242,1,-0.285,-0.028,4.62,0.189,403,17,0.4,0.09,-1.92756825,0.502601313,0.054992477,0,1.774731429,0.005316633,0.176503329,1,0.450118075,-0.014069865,0.004857831,1,2,3,2月3日,100,100,4.62,0.1993,4.445291379,0.000676004,-7.65E-07,4.25E-10,0.065174227,-0.023951514,0.002092542,-1.49E-05,2,2268,1,30,18.2,18.2,18,505.353,451.217,24.9998,28.5597,30.0002,28.5571,28.4399,19.2445,25.7198,63.7235,25,401.928,16.9446,87.6661,101.274
533,1652234337,1112.4,20220511 09:58:56,9:58:56,0,1652234337,0.001132516,1.13251569,4.109840636,400.081,295.978838,29.79500689,40.27455555,0.069987013,3.018408869,0.069097836,0.043265095,19.5026977,26.44117013,25.9646,3.367196725,50.2770917,1.759289419,3.499186925,1.607907307,-49.94394194,105.9687725,7.52296509,83.0504933,4.16115323,1.17567545,4.109840636,408.8688073,407.1970606,-1.79E-05,66.83704872,1.13251569,17.03303107,17.47797253,1.79E-07,86.59541668,0,0,1,0,53180.7977,-,-,0,0,#DIV/0!,0,-,-,0,0,#DIV/0!,0.5,99.40954202,4.109840636,#DIV/0!,0.041342517,#DIV/0!,#DIV/0!,-,0,#DIV/0!,#DIV/0!,#DIV/0!,#DIV/0!,#DIV/0!,#DIV/0!,#DIV/0!,#DIV/0!,117.924,99.40954202,0.842996693,0.165383617,2,0.5,0: Broadleaf,2,TRUE,1652234337,400.081,401.933,17.4765,17.0146,395.462,17.2774,500.164,100.566,0.100004,26.6158,25.9646,999.9,0,0,9987.5,0,3.99433,117.924,0.900132,0.0998685,0,1.9039,0,617.619,1138.81,38.312,42.625,40.687,41.562,39.062,106.15,11.78,0,1652234337,0,1.758919231,-0.149965809,-265.7064611,651.7033077,15,1652233242,9:40:42,1652233241,1652233242,1,-0.285,-0.028,4.62,0.189,403,17,0.4,0.09,-1.908442,0.494703715,0.054327485,1,1.761208824,-0.209708369,0.184121727,1,0.450915275,0.017565895,0.006134339,1,3,3,3月3日,100,100,4.619,0.1991,4.445291379,0.000676004,-7.65E-07,4.25E-10,0.065174227,-0.023951514,0.002092542,-1.49E-05,2,2268,1,30,18.3,18.2,18,505.236,451.173,24.9998,28.5606,30.0003,28.558,28.4407,19.2442,25.9994,63.7235,25,401.939,16.939,87.6662,101.274
534,1652234339,1114.4,20220511 09:58:58,9:58:58,0,1652234339,0.001148099,1.148099321,4.097390451,400.094,297.5524679,29.95345006,40.27590741,0.070966542,3.01830618,0.070052446,0.043863926,19.32209177,26.43398567,25.9614,3.366559015,50.26754876,1.758727576,3.498733516,1.607831439,-50.63118007,106.1278902,7.53431367,82.35311559,4.147547984,1.163743996,4.097390451,408.8785251,407.2114,7.13E-06,66.83704872,1.148099321,17.02003417,17.47118901,-3.78E-07,86.59541668,0,0,1,0,53178.02075,-,-,0,0,#DIV/0!,0,-,-,0,0,#DIV/0!,0.5,98.48898599,4.097390451,#DIV/0!,0.041602524,#DIV/0!,#DIV/0!,-,0,#DIV/0!,#DIV/0!,#DIV/0!,#DIV/0!,#DIV/0!,#DIV/0!,#DIV/0!,#DIV/0!,116.832,98.48898599,0.842996662,0.165383557,2,0.5,0: Broadleaf,2,TRUE,1652234339,400.094,401.939,17.4709,17.0136,395.475,17.272,500.071,100.566,0.100112,26.6136,25.9614,999.9,0,0,9986.88,0,4.00801,116.832,0.900091,0.0999089,0,1.7371,0,611.822,1128.25,38.312,42.625,40.687,41.562,39.062,105.16,11.67,0,1652234339,0,1.74412,0.262138465,-268.8572311,642.45132,15,1652233242,9:40:42,1652233241,1652233242,1,-0.285,-0.028,4.62,0.189,403,17,0.4,0.09,-1.89762525,0.47745242,0.05339297,1,1.760437143,0.002632485,0.169562363,1,0.451549575,0.038143193,0.006711357,1,3,3,3月3日,100,100,4.619,0.1989,4.445291379,0.000676004,-7.65E-07,4.25E-10,0.065174227,-0.023951514,0.002092542,-1.49E-05,2,2268,1,30,18.3,18.3,18,505.293,451.316,24.9998,28.5606,30.0003,28.5593,28.4419,19.2432,25.9994,63.7235,25,401.935,16.936,87.6656,101.274
535,1652234341,1116.4,20220511 09:59:00,9:59:00,0,1652234341,0.001151373,1.151372716,4.074959965,400.144,298.3180852,30.03044594,40.280839,0.071135017,3.023469477,0.070218152,0.043967737,18.91390122,26.4283069,25.9628,3.366838,50.26161236,1.758229872,3.498156525,1.608608128,-50.77553678,105.6248336,7.485741991,81.24894005,4.04021908,1.153042205,4.074959965,408.9004815,407.2427273,2.77E-05,66.83704872,1.151372716,17.015016,17.46736923,-1.40E-06,86.59541668,0,0,1,0,53337.94432,-,-,0,0,#DIV/0!,0,-,-,0,0,#DIV/0!,0.5,96.403914,4.074959965,#DIV/0!,0.042269653,#DIV/0!,#DIV/0!,-,0,#DIV/0!,#DIV/0!,#DIV/0!,#DIV/0!,#DIV/0!,#DIV/0!,#DIV/0!,#DIV/0!,114.358,96.403914,0.843001049,0.165392025,2,0.5,0: Broadleaf,2,TRUE,1652234341,400.144,401.944,17.466,17.013,395.525,17.2672,500.178,100.566,0.0998578,26.6108,25.9628,999.9,0,0,10018.1,0,4.01211,114.358,0.899997,0.100003,0,1.7629,0,598.612,1104.34,38.312,42.562,40.687,41.562,39.062,102.92,11.44,0,1652234341,0,1.757208,0.278415384,-270.0996923,631.34352,15,1652233242,9:40:42,1652233241,1652233242,1,-0.285,-0.028,4.62,0.189,403,17,0.4,0.09,-1.8853905,0.465033771,0.052320794,1,1.77255,-0.174987405,0.159558599,1,0.451979525,0.045772334,0.00685077,1,3,3,3月3日,100,100,4.619,0.1988,4.445291379,0.000676004,-7.65E-07,4.25E-10,0.065174227,-0.023951514,0.002092542,-1.49E-05,2,2268,1,30,18.3,18.3,18,505.296,451.319,24.9998,28.5616,30.0003,28.5596,28.4423,19.2394,25.9994,63.7235,25,401.723,16.9351,87.665,101.273
536,1652234343,1118.4,20220511 09:59:02,9:59:02,0,1652234343,0.001146794,1.146794102,4.054274803,400.147,298.331879,30.03186225,40.28117821,0.070785369,3.021106404,0.069876734,0.043753624,18.77729739,26.42794793,25.9683,3.36793421,50.25393849,1.757899299,3.498032895,1.610034911,-50.57361991,104.548749,7.415456304,80.16788277,3.917938354,1.144749044,4.054274803,408.9084456,407.2589636,1.56E-05,66.83704872,1.146794102,17.01341561,17.46402857,-1.43E-06,86.59541668,0,0,1,0,53265.04531,-,-,0,0,#DIV/0!,0,-,-,0,0,#DIV/0!,0.5,95.706843,4.054274803,#DIV/0!,0.042361389,#DIV/0!,#DIV/0!,-,0,#DIV/0!,#DIV/0!,#DIV/0!,#DIV/0!,#DIV/0!,#DIV/0!,#DIV/0!,#DIV/0!,113.531,95.706843,0.84300185,0.16539357,2,0.5,0: Broadleaf,2,TRUE,1652234343,400.147,401.897,17.4627,17.0129,395.527,17.264,500.115,100.566,0.0999508,26.6102,25.9683,999.9,0,0,10003.8,0,4.02579,113.531,0.899965,0.100035,0,1.658,0,594.296,1096.34,38.312,42.562,40.687,41.562,39,102.17,11.36,0,1652234343,0,1.759469231,0.215186319,-268.5724782,624.7765769,15,1652233242,9:40:42,1652233241,1652233242,1,-0.285,-0.028,4.62,0.189,403,17,0.4,0.09,-1.866572,0.418056135,0.047415426,1,1.768302941,0.010503804,0.154111872,1,0.452133875,0.042740499,0.006837016,1,3,3,3月3日,100,100,4.62,0.1987,4.445291379,0.000676004,-7.65E-07,4.25E-10,0.065174227,-0.023951514,0.002092542,-1.49E-05,2,2268,1,30,18.4,18.3,18,505.329,451.225,24.9998,28.5628,30.0003,28.5599,28.4431,19.2411,25.9994,63.7235,25,401.807,16.9307,87.6645,101.273
537,1652234345,1120.4,20220511 09:59:04,9:59:04,0,1652234345,0.001137795,1.137794666,3.982562956,400.123,299.3009934,30.12914617,40.2783974,0.070285172,3.019013392,0.069388632,0.043447493,18.45551439,26.42656047,25.9594,3.3661605,50.24815481,1.757520982,3.49768263,1.608639517,-50.17674477,105.6481976,7.498235086,81.42520225,3.808265828,1.132373925,3.982562956,408.8742022,407.2541333,-2.65E-06,66.83704872,1.137794666,17.01288991,17.45992637,-1.01E-06,86.59541668,0,0,1,0,53200.72149,-,-,0,0,#DIV/0!,0,-,-,0,0,#DIV/0!,0.5,94.070943,3.982562956,#DIV/0!,0.04233574,#DIV/0!,#DIV/0!,-,0,#DIV/0!,#DIV/0!,#DIV/0!,#DIV/0!,#DIV/0!,#DIV/0!,#DIV/0!,#DIV/0!,111.591,94.070943,0.84299758,0.16538533,2,0.5,0: Broadleaf,2,TRUE,1652234345,400.123,401.827,17.4591,17.0142,395.504,17.2606,500.159,100.565,0.100039,26.6085,25.9594,999.9,0,0,9991.25,0,4.04494,111.591,0.900097,0.0999026,0,1.7466,0,583.98,1077.65,38.312,42.625,40.687,41.562,39,100.44,11.15,0,1652234345,0,1.77822,0.035115379,-274.3344619,615.4788,15,1652233242,9:40:42,1652233241,1652233242,1,-0.285,-0.028,4.62,0.189,403,17,0.4,0.09,-1.843245,0.495124053,0.056994221,1,1.759528571,0.219186693,0.142924689,1,0.45198745,0.029356525,0.006925649,1,3,3,3月3日,100,100,4.619,0.1985,4.445291379,0.000676004,-7.65E-07,4.25E-10,0.065174227,-0.023951514,0.002092542,-1.49E-05,2,2268,1,30,18.4,18.4,18,505.354,451.251,24.9998,28.5631,30.0003,28.5611,28.4443,19.2406,25.9994,63.7235,25,401.909,16.9285,87.6642,101.273
538,1652234347,1122.4,20220511 09:59:06,9:59:06,0,1652234347,0.001127391,1.127391257,3.874563194,400.124,301.0252548,30.30302516,40.27890499,0.069694167,3.020166883,0.068812871,0.043086297,18.04790256,26.42441847,25.9508,3.364447353,50.24483658,1.757146141,3.49716759,1.607301212,-49.71795445,106.6817849,7.568279815,82.58001279,3.760325101,1.120913689,3.874563194,408.7856638,407.2096606,-2.79E-05,66.83704872,1.127391257,17.01300768,17.45595824,-8.46E-07,86.59541668,0,0,1,0,53236.78502,-,-,0,0,#DIV/0!,0,-,-,0,0,#DIV/0!,0.5,91.991472,3.874563194,#DIV/0!,0.042118722,#DIV/0!,#DIV/0!,-,0,#DIV/0!,#DIV/0!,#DIV/0!,#DIV/0!,#DIV/0!,#DIV/0!,#DIV/0!,#DIV/0!,109.124,91.991472,0.84299945,0.165388939,2,0.5,0: Broadleaf,2,TRUE,1652234347,400.124,401.807,17.4552,17.0148,395.505,17.2568,500.158,100.566,0.100056,26.606,25.9508,999.9,0,0,9998.12,0,4.02169,109.124,0.900001,0.0999985,0,1.5629,0,570.642,1053.79,38.312,42.562,40.687,41.562,39,98.21,10.91,0,1652234347,0,1.769704,-0.036007697,-271.7155383,604.29652,15,1652233242,9:40:42,1652233241,1652233242,1,-0.285,-0.028,4.62,0.189,403,17,0.4,0.09,-1.8229435,0.636849231,0.06961018,0,1.768041176,0.238241543,0.137096883,1,0.45155935,0.00542839,0.007332891,1,2,3,2月3日,100,100,4.619,0.1984,4.445291379,0.000676004,-7.65E-07,4.25E-10,0.065174227,-0.023951514,0.002092542,-1.49E-05,2,2268,1,30,18.4,18.4,18,505.331,451.188,24.9997,28.5634,30.0001,28.562,28.4447,19.2386,26.2839,63.7235,25,401.694,16.9253,87.6646,101.273
539,1652234349,1124.4,20220511 09:59:08,9:59:08,0,1652234349,0.001118549,1.118548864,3.788596929,400.111,302.3087894,30.4318609,40.27710316,0.069150008,3.023865818,0.068283375,0.042754068,17.77513317,26.42279663,25.9485,3.363989315,50.24643914,1.756943429,3.496652617,1.607045886,-49.32800489,106.7798384,7.56578757,82.79275421,3.777675524,1.125812952,3.788596929,408.7514923,407.2101152,-1.09E-05,66.83704872,1.118548864,17.01396943,17.45352198,-1.02E-06,86.59541668,0,0,1,0,53351.47382,-,-,0,0,#DIV/0!,0,-,-,0,0,#DIV/0!,0.5,90.599829,3.788596929,#DIV/0!,0.041816822,#DIV/0!,#DIV/0!,-,0,#DIV/0!,#DIV/0!,#DIV/0!,#DIV/0!,#DIV/0!,#DIV/0!,#DIV/0!,#DIV/0!,107.473,90.599829,0.843000837,0.165391616,2,0.5,0: Broadleaf,2,TRUE,1652234349,400.111,401.802,17.4534,17.011,395.492,17.2551,500.074,100.565,0.0998234,26.6035,25.9485,999.9,0,0,10020.6,0,4.02579,107.473,0.899936,0.100064,0,1.7294,0,561.666,1037.83,38.25,42.625,40.687,41.562,39,96.72,10.75,0,1652234349,0,1.772661538,0.0763829,-268.2282388,597.5128462,15,1652233242,9:40:42,1652233241,1652233242,1,-0.285,-0.028,4.62,0.189,403,17,0.4,0.09,-1.8047305,0.722843527,0.075554871,0,1.769976471,0.155183432,0.136806738,1,0.4511226,-0.025609216,0.007828649,1,2,3,2月3日,100,100,4.619,0.1983,4.445291379,0.000676004,-7.65E-07,4.25E-10,0.065174227,-0.023951514,0.002092542,-1.49E-05,2,2268,1,30,18.5,18.4,18,505.362,451.161,24.9998,28.5646,30.0001,28.562,28.4455,19.2395,26.2839,63.7235,25,401.786,16.9205,87.6649,101.273
540,1652234351,1126.4,20220511 09:59:10,9:59:10,0,1652234351,0.001113751,1.113751479,3.735493483,400.114,303.2074383,30.52266737,40.27785928,0.068880359,3.02315569,0.068020227,0.042589027,17.63335238,26.42055643,25.9439,3.363073402,50.24721568,1.756701507,3.496117114,1.606371895,-49.1164402,107.0807308,7.588615409,83.18625838,3.748744454,1.144980097,3.735493483,408.7578447,407.2383939,1.59E-05,66.83704872,1.113751479,17.01460822,17.45214615,-9.37E-07,86.59541668,0,0,1,0,53330.0082,-,-,0,0,#DIV/0!,0,-,-,0,0,#DIV/0!,0.5,89.881143,3.735493483,#DIV/0!,0.041560369,#DIV/0!,#DIV/0!,-,0,#DIV/0!,#DIV/0!,#DIV/0!,#DIV/0!,#DIV/0!,#DIV/0!,#DIV/0!,#DIV/0!,106.621,89.881143,0.842996624,0.165383483,2,0.5,0: Broadleaf,2,TRUE,1652234351,400.114,401.796,17.4508,17.001,395.495,17.2526,500.222,100.566,0.0999584,26.6009,25.9439,999.9,0,0,10016.2,0,4.04905,106.621,0.900125,0.0998753,0,1.8331,0,557.276,1029.65,38.312,42.625,40.625,41.562,39,95.97,10.65,0,1652234351,0,1.757416,-0.361976932,-271.5237695,588.16328,15,1652233242,9:40:42,1652233241,1652233242,1,-0.285,-0.028,4.62,0.189,403,17,0.4,0.09,-1.78123225,0.722120488,0.075393494,0,1.761062857,-0.24574638,0.146117442,1,0.451389325,-0.051864867,0.007602654,1,2,3,2月3日,100,100,4.619,0.1982,4.445291379,0.000676004,-7.65E-07,4.25E-10,0.065174227,-0.023951514,0.002092542,-1.49E-05,2,2268,1,30,18.5,18.5,18,505.385,451.087,24.9998,28.5655,30.0001,28.5629,28.4467,19.2378,26.2839,63.7235,25,401.754,16.9221,87.6653,101.273
541,1652234353,1128.4,20220511 09:59:12,9:59:12,0,1652234353,0.001105329,1.10532884,3.741029745,400.132,302.4510264,30.4460012,40.27898168,0.068366384,3.016097164,0.067516999,0.042273559,17.26875028,26.4185015,25.9397,3.362237324,50.23641363,1.756147978,3.495767017,1.606089346,-48.74500182,107.2372261,7.617266229,83.37824076,3.719667444,1.152875342,3.741029745,408.747225,407.225303,-8.11E-07,66.83704872,1.10532884,17.01285962,17.44717802,-2.25E-07,86.59541668,0,0,1,0,53112.42535,-,-,0,0,#DIV/0!,0,-,-,0,0,#DIV/0!,0.5,88.020099,3.741029745,#DIV/0!,0.042501994,#DIV/0!,#DIV/0!,-,0,#DIV/0!,#DIV/0!,#DIV/0!,#DIV/0!,#DIV/0!,#DIV/0!,#DIV/0!,#DIV/0!,104.413,88.020099,0.842999425,0.165388891,2,0.5,0: Broadleaf,2,TRUE,1652234353,400.132,401.804,17.4456,16.9926,395.513,17.2475,500.116,100.564,0.100235,26.5992,25.9397,999.9,0,0,9973.75,0,4.04905,104.413,0.900034,0.099966,0,1.8694,0,545.339,1008.31,38.25,42.562,40.625,41.562,39,93.98,10.44,0,1652234353,0,1.766796,-0.203276927,-270.9366922,577.28452,15,1652233242,9:40:42,1652233241,1652233242,1,-0.285,-0.028,4.62,0.189,403,17,0.4,0.09,-1.7598735,0.655290056,0.069734411,0,1.761952941,-0.11846766,0.142173687,1,0.45181905,-0.059705291,0.007443571,1,2,3,2月3日,100,100,4.619,0.1981,4.445291379,0.000676004,-7.65E-07,4.25E-10,0.065174227,-0.023951514,0.002092542,-1.49E-05,2,2268,1,30,18.5,18.5,18,505.364,451.107,24.9997,28.5655,30,28.5642,28.4472,19.2353,26.2839,63.7235,25,401.629,16.9213,87.6656,101.273
542,1652234355,1130.4,20220511 09:59:14,9:59:14,0,1652234355,0.001113574,1.113573943,3.765844539,400.115,302.4706383,30.44788787,40.27715459,0.068855598,3.018789977,0.067994854,0.042573222,17.08528317,26.41411377,25.9399,3.362277133,50.22428542,1.755579211,3.495478725,1.606697922,-49.10861091,107.0725706,7.598740381,82.64798321,3.641838624,1.147533525,3.765844539,408.7515721,407.2196121,-8.12E-06,66.83704872,1.113573943,17.00332674,17.44088571,-4.44E-07,86.59541668,0,0,1,0,53195.70694,-,-,0,0,#DIV/0!,0,-,-,0,0,#DIV/0!,0.5,87.084429,3.765844539,#DIV/0!,0.043243604,#DIV/0!,#DIV/0!,-,0,#DIV/0!,#DIV/0!,#DIV/0!,#DIV/0!,#DIV/0!,#DIV/0!,#DIV/0!,#DIV/0!,103.303,87.084429,0.843,0.16539,2,0.5,0: Broadleaf,2,TRUE,1652234355,400.115,401.755,17.44,16.9891,395.496,17.2421,500.12,100.564,0.0999456,26.5978,25.9399,999.9,0,0,9990,0,4.04905,103.303,0.899987,0.100013,0,1.8553,0,539.574,997.578,38.25,42.562,40.625,41.562,39,92.97,10.33,0,1652234355,0,1.777192308,-0.161976071,-266.0411277,570.6618846,15,1652233242,9:40:42,1652233241,1652233242,1,-0.285,-0.028,4.62,0.189,403,17,0.4,0.09,-1.74308625,0.688783227,0.071903277,0,1.767932353,-0.040569738,0.143056862,1,0.45117925,-0.0456317,0.007031947,1,2,3,2月3日,100,100,4.619,0.1979,4.445291379,0.000676004,-7.65E-07,4.25E-10,0.065174227,-0.023951514,0.002092542,-1.49E-05,2,2268,1,30,18.6,18.5,18,505.367,451.241,24.9997,28.5664,30.0002,28.5645,28.4473,19.2363,26.2839,63.7235,25,401.698,16.9238,87.666,101.274
543,1652234357,1132.4,20220511 09:59:16,9:59:16,0,1652234357,0.001126937,1.126936513,3.638894937,400.123,306.4564314,30.84914767,40.27800448,0.06971694,3.018789977,0.068834675,0.04310001,16.76074647,26.40807195,25.9347,3.36124223,50.21259614,1.7550879,3.495313995,1.60615433,-49.69790021,107.7886662,7.649330429,82.50084288,3.592600047,1.140825155,3.638894937,408.705958,407.2258182,6.34E-07,66.83704872,1.126936513,16.99359002,17.43634176,-1.26E-06,86.59541668,0,0,1,0,53195.84899,-,-,0,0,#DIV/0!,0,-,-,0,0,#DIV/0!,0.5,85.43422802,3.638894937,#DIV/0!,0.04259294,#DIV/0!,#DIV/0!,-,0,#DIV/0!,#DIV/0!,#DIV/0!,#DIV/0!,#DIV/0!,#DIV/0!,#DIV/0!,#DIV/0!,101.346,85.43422802,0.84299556,0.165381431,2,0.5,0: Broadleaf,2,TRUE,1652234357,400.123,401.742,17.4351,16.9869,395.503,17.2374,500.194,100.564,0.100057,26.597,25.9347,999.9,0,0,9990,0,4.04905,101.346,0.900136,0.0998642,0,1.6137,0,529.417,978.722,38.25,42.562,40.687,41.562,39,91.23,10.12,0,1652234357,0,1.764828,0.17323846,-270.1536156,561.35544,15,1652233242,9:40:42,1652233241,1652233242,1,-0.285,-0.028,4.62,0.189,403,17,0.4,0.09,-1.723253,0.720600901,0.074177047,0,1.767454286,0.248066536,0.138339994,1,0.449850625,-0.023569317,0.005758972,1,2,3,2月3日,100,100,4.62,0.1977,4.445291379,0.000676004,-7.65E-07,4.25E-10,0.065174227,-0.023951514,0.002092542,-1.49E-05,2,2268,1,30,18.6,18.6,18,505.338,451.218,24.9997,28.5677,30.0003,28.5648,28.4485,19.2341,26.2839,63.7235,25,401.628,16.9249,87.6665,101.273
544,1652234359,1134.4,20220511 09:59:18,9:59:18,0,1652234359,0.001123979,1.123978964,3.592363071,400.13,307.2855963,30.93265964,40.27876755,0.069511841,3.016926169,0.068634191,0.042974299,16.35746001,26.40609693,25.9345,3.361202432,50.19886824,1.754577058,3.495252224,1.606625373,-49.56747231,107.7058523,7.648156294,82.14399633,3.593336035,1.131522543,3.592363071,408.6869842,407.2255939,2.00E-06,66.83704872,1.123978964,16.98960205,17.43124615,-1.25E-06,86.59541668,0,0,1,0,53138.42158,-,-,0,0,#DIV/0!,0,-,-,0,0,#DIV/0!,0.5,83.36911503,3.592363071,#DIV/0!,0.043089855,#DIV/0!,#DIV/0!,-,0,#DIV/0!,#DIV/0!,#DIV/0!,#DIV/0!,#DIV/0!,#DIV/0!,#DIV/0!,#DIV/0!,98.895,83.36911503,0.843006371,0.165402295,2,0.5,0: Broadleaf,2,TRUE,1652234359,400.13,401.748,17.43,16.9854,395.511,17.2325,500.135,100.564,0.100203,26.5967,25.9345,999.9,0,0,9978.75,0,4.04905,98.895,0.899787,0.100213,0,1.7951,0,516.437,954.961,38.25,42.562,40.625,41.562,39,88.98,9.91,0,1652234359,0,1.764596,0.115530769,-269.6509998,550.45316,15,1652233242,9:40:42,1652233241,1652233242,1,-0.285,-0.028,4.62,0.189,403,17,0.4,0.09,-1.70029575,0.622183227,0.065189201,0,1.770908824,-0.046463153,0.128324945,1,0.448535325,-0.007815636,0.004650422,1,2,3,2月3日,100,100,4.619,0.1975,4.445291379,0.000676004,-7.65E-07,4.25E-10,0.065174227,-0.023951514,0.002092542,-1.49E-05,2,2268,1,30,18.6,18.6,18,505.488,451.193,24.9998,28.568,30.0003,28.566,28.4496,19.2338,26.2839,63.7235,25,401.662,16.9265,87.6656,101.273
545,1652234361,1136.4,20220511 09:59:20,9:59:20,0,1652234361,0.001117531,1.117530936,3.590088475,400.133,306.7887023,30.88245454,40.27882738,0.069048443,3.026851493,0.068185178,0.042692398,16.12455748,26.40637484,25.9387,3.362038285,50.18766829,1.75412359,3.495128683,1.607914695,-49.28311428,107.2769103,7.592855004,81.71120846,3.469914993,1.122213069,3.590088475,408.693334,407.2329939,6.11E-06,66.83704872,1.117530936,16.98722074,17.42628901,-1.16E-06,86.59541668,0,0,1,0,53445.12928,-,-,0,0,#DIV/0!,0,-,-,0,0,#DIV/0!,0.5,82.1873034,3.590088475,#DIV/0!,0.043681789,#DIV/0!,#DIV/0!,-,0,#DIV/0!,#DIV/0!,#DIV/0!,#DIV/0!,#DIV/0!,#DIV/0!,#DIV/0!,#DIV/0!,97.4938,82.1873034,0.843000308,0.165390594,2,0.5,0: Broadleaf,2,TRUE,1652234361,400.133,401.7,17.4256,16.9847,395.514,17.2282,500.185,100.564,0.0995978,26.5961,25.9387,999.9,0,0,10038.8,0,4.05315,97.4938,0.899969,0.100031,0,1.5435,0,508.765,941.476,38.25,42.562,40.625,41.562,39,87.74,9.75,0,1652234361,0,1.75145,-0.054362393,-263.1192815,543.6501923,15,1652233242,9:40:42,1652233241,1652233242,1,-0.285,-0.028,4.62,0.189,403,17,0.4,0.09,-1.67717025,0.515554334,0.053798304,0,1.765979412,0.000702451,0.120585454,1,0.447244,-0.001719197,0.004157364,1,2,3,2月3日,100,100,4.619,0.1974,4.445291379,0.000676004,-7.65E-07,4.25E-10,0.065174227,-0.023951514,0.002092542,-1.49E-05,2,2268,1,30,18.7,18.6,18,505.465,451.176,24.9998,28.568,30.0002,28.5669,28.4496,19.2332,26.2839,63.7235,25,401.631,16.9271,87.6647,101.272
546,1652234363,1138.4,20220511 09:59:22,9:59:22,0,1652234363,0.001113042,1.113042184,3.495027369,400.141,308.6326955,31.06781717,40.27929513,0.068741626,3.022495114,0.067884748,0.042504065,15.94203319,26.40340759,25.9402,3.362336848,50.18688506,1.753806901,3.494552211,1.608529947,-49.08516033,106.4218329,7.543141487,80.82184727,3.298127946,1.111473966,3.495027369,408.6538048,407.2317636,2.93E-06,66.83704872,1.113042184,16.98564364,17.42306923,-1.36E-06,86.59541668,0,0,1,0,53310.88187,-,-,0,0,#DIV/0!,0,-,-,0,0,#DIV/0!,0.5,81.25431809,3.495027369,#DIV/0!,0.043013435,#DIV/0!,#DIV/0!,-,0,#DIV/0!,#DIV/0!,#DIV/0!,#DIV/0!,#DIV/0!,#DIV/0!,#DIV/0!,#DIV/0!,96.3867,81.25431809,0.843003424,0.165396608,2,0.5,0: Broadleaf,2,TRUE,1652234363,400.141,401.638,17.4226,16.9858,395.521,17.2253,500.05,100.563,0.0997542,26.5933,25.9402,999.9,0,0,10012.5,0,4.06272,96.3867,0.899918,0.100082,0,2.0066,0,502.726,930.773,38.187,42.562,40.625,41.562,38.937,86.74,9.65,0,1652234363,0,1.754716,0.219399999,-269.7716156,534.33752,15,1652233242,9:40:42,1652233241,1652233242,1,-0.285,-0.028,4.62,0.189,403,17,0.4,0.09,-1.65167825,0.507234484,0.052838697,0,1.759171429,-0.186955773,0.126125537,1,0.44595155,-0.005581238,0.00448573,1,2,3,2月3日,100,100,4.62,0.1973,4.445291379,0.000676004,-7.65E-07,4.25E-10,0.065174227,-0.023951514,0.002092542,-1.49E-05,2,2268,1,30,18.7,18.7,18,505.28,451.232,24.9998,28.5689,30.0002,28.5672,28.4504,19.233,26.2839,63.7235,25,401.589,16.9281,87.6653,101.271
547,1652234365,1140.4,20220511 09:59:24,9:59:24,0,1652234365,0.001109597,1.10959727,3.360193814,400.118,311.5238197,31.35866774,40.27675134,0.068547441,3.016686058,0.067693746,0.042384406,15.53563696,26.39880526,25.9362,3.361540731,50.18537202,1.753464764,3.493975822,1.608075967,-48.93323959,106.4124592,7.556743655,80.57160022,3.312884279,1.101509969,3.360193814,408.5871604,407.2203091,-8.27E-06,66.83704872,1.10959727,16.98465706,17.42064176,-1.10E-06,86.59541668,0,0,1,0,53132.07653,-,-,0,0,#DIV/0!,0,-,-,0,0,#DIV/0!,0.5,79.18130819,3.360193814,#DIV/0!,0.042436705,#DIV/0!,#DIV/0!,-,0,#DIV/0!,#DIV/0!,#DIV/0!,#DIV/0!,#DIV/0!,#DIV/0!,#DIV/0!,#DIV/0!,93.9274,79.18130819,0.84300543,0.165400479,2,0.5,0: Broadleaf,2,TRUE,1652234365,400.118,401.619,17.4193,16.9865,395.498,17.2222,500.149,100.562,0.100183,26.5905,25.9362,999.9,0,0,9977.5,0,4.05862,93.9274,0.899799,0.100201,0,1.7719,0,490.015,906.995,38.187,42.562,40.625,41.5,38.937,84.52,9.41,0,1652234365,0,1.778812,-0.308999997,-273.1494614,523.61616,15,1652233242,9:40:42,1652233241,1652233242,1,-0.285,-0.028,4.62,0.189,403,17,0.4,0.09,-1.6287435,0.642101313,0.066974415,0,1.761288235,0.034669137,0.136593101,1,0.444723725,-0.019401895,0.005429554,1,2,3,2月3日,100,100,4.62,0.1971,4.445291379,0.000676004,-7.65E-07,4.25E-10,0.065174227,-0.023951514,0.002092542,-1.49E-05,2,2268,1,30,18.7,18.7,18,505.446,451.224,24.9998,28.5701,30.0003,28.5684,28.4516,19.2325,26.2839,63.7235,25,401.622,16.9302,87.6656,101.271
548,1652234367,1142.4,20220511 09:59:26,9:59:26,0,1652234367,0.001098675,1.098674877,3.305596714,400.108,312.1158203,31.41790058,40.27528419,0.067939662,3.0220491,0.067102408,0.042013369,15.48401024,26.40048702,25.926,3.359511379,50.182,1.753233327,3.493749406,1.606278053,-48.45156207,108.0842533,7.6614091,82.77811061,3.395139877,1.097338937,3.305596714,408.5506447,407.2062182,-1.22E-05,66.83704872,1.098674877,16.98583731,17.41746703,-7.17E-07,86.59541668,0,0,1,0,53297.75221,-,-,0,0,#DIV/0!,0,-,-,0,0,#DIV/0!,0.5,78.9232017,3.305596714,#DIV/0!,0.041883713,#DIV/0!,#DIV/0!,-,0,#DIV/0!,#DIV/0!,#DIV/0!,#DIV/0!,#DIV/0!,#DIV/0!,#DIV/0!,#DIV/0!,93.6219,78.9232017,0.842999359,0.165388763,2,0.5,0: Broadleaf,2,TRUE,1652234367,400.108,401.641,17.4172,16.9861,395.488,17.2201,500.221,100.561,0.100032,26.5894,25.926,999.9,0,0,10010,0,4.05315,93.6219,0.90004,0.0999599,0,1.8747,0,488.033,904.104,38.187,42.562,40.625,41.5,38.937,84.26,9.36,0,1652234367,0,1.799503846,0.221965814,-263.5353841,516.9866154,15,1652233242,9:40:42,1652233241,1652233242,1,-0.285,-0.028,4.62,0.189,403,17,0.4,0.09,-1.6105305,0.70588075,0.071807698,0,1.771426471,0.402002536,0.149267427,1,0.4436308,-0.043219947,0.006620705,1,2,3,2月3日,100,100,4.62,0.1971,4.445291379,0.000676004,-7.65E-07,4.25E-10,0.065174227,-0.023951514,0.002092542,-1.49E-05,2,2268,1,30,18.8,18.7,18,505.392,451.161,24.9997,28.5704,30.0003,28.5693,28.452,19.2331,26.2839,63.7235,25,401.658,16.9302,87.666,101.272
549,1652234369,1144.4,20220511 09:59:28,9:59:28,0,1652234369,0.001091749,1.091749418,3.365833575,400.137,310.1651311,31.22089785,40.27737212,0.067458859,3.023469912,0.066633718,0.041719368,15.11452044,26.39910275,25.9302,3.360346865,50.17874194,1.753005892,3.493523002,1.607340973,-48.14614931,107.271162,7.600318925,81.83985208,3.264349921,1.090435224,3.365833575,408.5758447,407.206497,-2.86E-07,66.83704872,1.091749418,16.98654105,17.41556264,-7.55E-07,86.59541668,0,0,1,0,53341.81018,-,-,0,0,#DIV/0!,0,-,-,0,0,#DIV/0!,0.5,77.04440338,3.365833575,#DIV/0!,0.043686932,#DIV/0!,#DIV/0!,-,0,#DIV/0!,#DIV/0!,#DIV/0!,#DIV/0!,#DIV/0!,#DIV/0!,#DIV/0!,#DIV/0!,91.3938,77.04440338,0.842993763,0.165377963,2,0.5,0: Broadleaf,2,TRUE,1652234369,400.137,401.617,17.4153,16.9868,395.517,17.2183,500.091,100.559,0.0999546,26.5883,25.9302,999.9,0,0,10018.8,0,4.06683,91.3938,0.900188,0.0998123,0,1.4206,0,476.616,882.622,38.187,42.562,40.625,41.5,38.937,82.27,9.12,0,1652234369,0,1.770404,-0.143238455,-260.5590003,508.11484,15,1652233242,9:40:42,1652233241,1652233242,1,-0.285,-0.028,4.62,0.189,403,17,0.4,0.09,-1.592895,0.67503197,0.069574266,0,1.777165714,0.194832094,0.14736813,1,0.442568575,-0.071729235,0.007788767,1,2,3,2月3日,100,100,4.62,0.197,4.445291379,0.000676004,-7.65E-07,4.25E-10,0.065174227,-0.023951514,0.002092542,-1.49E-05,2,2268,1,30,18.8,18.8,18,505.361,451.146,24.9997,28.5707,30.0002,28.5693,28.4522,19.2302,26.5576,63.7235,25,401.459,16.9302,87.6662,101.272
550,1652234371,1146.4,20220511 09:59:30,9:59:30,0,1652234371,0.00108541,1.085410227,3.229465271,400.169,312.9230012,31.49849416,40.28058296,0.067020911,3.023469912,0.066206379,0.041451344,14.71550937,26.39701838,25.9328,3.360864162,50.16961297,1.752542415,3.493234872,1.608321747,-47.866591,106.6191568,7.554168726,81.02224389,3.16116015,1.080928595,3.229465271,408.5677491,407.2539212,3.05E-05,66.83704872,1.085410227,16.98607648,17.41253956,-4.34E-07,86.59541668,0,0,1,0,53342.05946,-,-,0,0,#DIV/0!,0,-,-,0,0,#DIV/0!,0.5,75.00187715,3.229465271,#DIV/0!,0.043058459,#DIV/0!,#DIV/0!,-,0,#DIV/0!,#DIV/0!,#DIV/0!,#DIV/0!,#DIV/0!,#DIV/0!,#DIV/0!,#DIV/0!,88.9697,75.00187715,0.843004721,0.165399112,2,0.5,0: Broadleaf,2,TRUE,1652234371,400.169,401.606,17.4107,16.986,395.55,17.2138,500.169,100.559,0.099929,26.5869,25.9328,999.9,0,0,10018.8,0,4.09008,88.9697,0.899798,0.100202,0,1.8993,0,463.332,859.122,38.187,42.562,40.625,41.5,38.937,80.05,8.91,0,1652234371,0,1.772284,0.417346162,-256.2086922,497.6182,15,1652233242,9:40:42,1652233241,1652233242,1,-0.285,-0.028,4.62,0.189,403,17,0.4,0.09,-1.57239825,0.707956435,0.072246325,0,1.784961765,-0.09207367,0.141080438,1,0.440726275,-0.092292304,0.009003066,1,2,3,2月3日,100,100,4.619,0.1969,4.445291379,0.000676004,-7.65E-07,4.25E-10,0.065174227,-0.023951514,0.002092542,-1.49E-05,2,2268,1,30,18.8,18.8,18,505.29,451.255,24.9997,28.5719,30.0003,28.5702,28.4534,19.2285,26.5576,63.7235,25,401.459,16.9302,87.6661,101.272
551,1652234373,1148.4,20220511 09:59:32,9:59:32,0,1652234373,0.001071167,1.071167448,3.177419378,400.15,313.216378,31.52843672,40.27919624,0.066194931,3.017274728,0.065398613,0.040944881,14.57821091,26.39697074,25.9235,3.359014153,50.16584161,1.752152586,3.492720404,1.606861567,-47.23848447,107.5068286,7.632250348,82.47880535,3.161113384,1.086699702,3.177419378,408.5519525,407.2593152,1.12E-05,66.83704872,1.071167448,16.98677216,17.40767143,-4.10E-07,86.59541668,0,0,1,0,53151.26471,-,-,0,0,#DIV/0!,0,-,-,0,0,#DIV/0!,0.5,74.30126555,3.177419378,#DIV/0!,0.042764001,#DIV/0!,#DIV/0!,-,0,#DIV/0!,#DIV/0!,#DIV/0!,#DIV/0!,#DIV/0!,#DIV/0!,#DIV/0!,#DIV/0!,88.1385,74.30126555,0.843005787,0.165401169,2,0.5,0: Broadleaf,2,TRUE,1652234373,400.15,401.588,17.4066,16.9796,395.531,17.2099,500.133,100.56,0.100243,26.5844,25.9235,999.9,0,0,9981.25,0,4.10376,88.1385,0.899766,0.100234,0,1.8552,0,459.175,851.088,38.187,42.562,40.625,41.5,38.937,79.3,8.83,0,1652234373,0,1.784884615,0.226119666,-253.2340167,490.9692692,15,1652233242,9:40:42,1652233241,1652233242,1,-0.285,-0.028,4.62,0.189,403,17,0.4,0.09,-1.5470695,0.72530454,0.073891248,0,1.781897059,0.061998309,0.140526463,1,0.438153125,-0.094824056,0.009193324,1,2,3,2月3日,100,100,4.619,0.1967,4.445291379,0.000676004,-7.65E-07,4.25E-10,0.065174227,-0.023951514,0.002092542,-1.49E-05,2,2268,1,30,18.9,18.8,18,505.254,451.214,24.9997,28.5728,30.0002,28.5715,28.4545,19.2283,26.5576,63.7235,25,401.539,16.9302,87.6664,101.272
552,1652234375,1150.4,20220511 09:59:34,9:59:34,0,1652234375,0.001061562,1.061561791,3.191862866,400.146,312.1450569,31.4205258,40.27870196,0.065577276,3.019138087,0.064796132,0.04056699,14.30232358,26.39532566,25.9238,3.359073816,50.16390046,1.751816422,3.492185427,1.607257395,-46.81487497,107.1011943,7.598672686,82.18731561,3.026479627,1.091470359,3.191862866,408.5269373,407.2285152,-1.79E-05,66.83704872,1.061561791,16.98650693,17.40366044,-9.19E-07,86.59541668,0,0,1,0,53209.20305,-,-,0,0,#DIV/0!,0,-,-,0,0,#DIV/0!,0.5,72.89876791,3.191862866,#DIV/0!,0.043784867,#DIV/0!,#DIV/0!,-,0,#DIV/0!,#DIV/0!,#DIV/0!,#DIV/0!,#DIV/0!,#DIV/0!,#DIV/0!,#DIV/0!,86.4753,72.89876791,0.843001041,0.165392009,2,0.5,0: Broadleaf,2,TRUE,1652234375,400.146,401.531,17.4033,16.9744,395.527,17.2067,500.105,100.56,0.100014,26.5818,25.9238,999.9,0,0,9992.5,0,4.10376,86.4753,0.899953,0.100047,0,1.7451,0,451.022,835.069,38.187,42.562,40.562,41.5,38.937,77.82,8.65,0,1652234375,0,1.78094,-0.021576912,-255.4288465,482.0566,15,1652233242,9:40:42,1652233241,1652233242,1,-0.285,-0.028,4.62,0.189,403,17,0.4,0.09,-1.52293025,0.716750882,0.073134499,0,1.780114286,-0.001448924,0.140047358,1,0.43571785,-0.083226326,0.008306676,1,2,3,2月3日,100,100,4.619,0.1966,4.445291379,0.000676004,-7.65E-07,4.25E-10,0.065174227,-0.023951514,0.002092542,-1.49E-05,2,2268,1,30,18.9,18.9,18,505.366,451.097,24.9997,28.5728,30.0001,28.5718,28.4545,19.2282,26.5576,63.3531,25,401.457,16.9302,87.6662,101.272
553,1652234377,1152.4,20220511 09:59:36,9:59:36,0,1652234377,0.001068128,1.06812837,3.015117312,400.156,316.8390688,31.89236656,40.27887684,0.065932362,3.01983011,0.065142969,0.040784492,13.93922655,26.39052278,25.9283,3.359968885,50.15573848,1.75141788,3.491959113,1.608551005,-47.10446112,106.2140348,7.534131375,80.58293159,2.899845835,1.083961981,3.015117312,408.478519,407.252,9.66E-06,66.83704872,1.06812837,16.98092533,17.40061099,-1.04E-06,86.59541668,0,0,1,0,53230.71242,-,-,0,0,#DIV/0!,0,-,-,0,0,#DIV/0!,0.5,71.04539523,3.015117312,#DIV/0!,0.042439307,#DIV/0!,#DIV/0!,-,0,#DIV/0!,#DIV/0!,#DIV/0!,#DIV/0!,#DIV/0!,#DIV/0!,#DIV/0!,#DIV/0!,84.2764,71.04539523,0.843004628,0.165398932,2,0.5,0: Broadleaf,2,TRUE,1652234377,400.156,401.489,17.3997,16.9738,395.537,17.2032,500.165,100.558,0.0999355,26.5807,25.9283,999.9,0,0,9996.88,0,4.10376,84.2764,0.899836,0.100164,0,1.8976,0,438.888,813.809,38.187,42.562,40.562,41.5,38.937,75.83,8.44,0,1652234377,0,1.771016,-0.858823065,-257.6942308,471.86116,15,1652233242,9:40:42,1652233241,1652233242,1,-0.285,-0.028,4.62,0.189,403,17,0.4,0.09,-1.4971635,0.76519137,0.077735205,0,1.749470588,-0.191195743,0.154890946,1,0.433490375,-0.067914158,0.00707663,1,2,3,2月3日,100,100,4.619,0.1965,4.445291379,0.000676004,-7.65E-07,4.25E-10,0.065174227,-0.023951514,0.002092542,-1.49E-05,2,2268,1,30,18.9,18.9,18,505.321,451.136,24.9997,28.5731,30.0001,28.5721,28.4552,19.2283,26.5576,63.3531,25,401.513,16.9302,87.6663,101.272
554,1652234379,1154.4,20220511 09:59:38,9:59:38,0,1652234379,0.001076787,1.07678705,2.938873312,400.147,319.2180928,32.13188192,40.27803074,0.066448059,3.018174588,0.065645915,0.04109996,13.750508,26.38635186,25.9303,3.36036676,50.1518351,1.751199034,3.491794528,1.609167726,-47.4863089,105.7002021,7.501841094,79.46624231,2.825200084,1.088425393,2.938873312,408.4363278,407.2407636,-1.97E-06,66.83704872,1.07678705,16.9749242,17.39805714,-9.31E-07,86.59541668,0,0,1,0,53179.77202,-,-,0,0,#DIV/0!,0,-,-,0,0,#DIV/0!,0.5,70.0879959,2.938873312,#DIV/0!,0.041931193,#DIV/0!,#DIV/0!,-,0,#DIV/0!,#DIV/0!,#DIV/0!,#DIV/0!,#DIV/0!,#DIV/0!,#DIV/0!,#DIV/0!,83.1413,70.0879959,0.842998557,0.165387214,2,0.5,0: Broadleaf,2,TRUE,1652234379,400.147,401.451,17.3975,16.9698,395.528,17.201,500.112,100.558,0.100085,26.5799,25.9303,999.9,0,0,9986.88,0,4.10376,83.1413,0.900062,0.0999376,0,1.6953,0,433.169,802.897,38.187,42.5,40.562,41.5,38.875,74.83,8.31,0,1652234379,0,1.753538462,-0.359029051,-260.6686835,465.1657308,15,1652233242,9:40:42,1652233241,1652233242,1,-0.285,-0.028,4.62,0.189,403,17,0.4,0.09,-1.46625,0.810365629,0.08249624,0,1.759932353,-0.134579036,0.158748517,1,0.4313799,-0.053396105,0.005753421,1,2,3,2月3日,100,100,4.619,0.1965,4.445291379,0.000676004,-7.65E-07,4.25E-10,0.065174227,-0.023951514,0.002092542,-1.49E-05,2,2268,1,30,19,18.9,18,505.408,451.012,24.9997,28.5744,30.0002,28.5733,28.4564,19.2281,26.5576,63.3531,25,401.458,16.9302,87.6666,101.271
555,1652234381,1156.4,20220511 09:59:40,9:59:40,0,1652234381,0.001070872,1.070872222,2.938358922,400.129,318.8404337,32.09415839,40.27658397,0.066093159,3.020362759,0.065300073,0.040883008,13.39170276,26.3842209,25.9265,3.359610833,50.1449162,1.750782074,3.491444809,1.608828759,-47.225465,106.1187855,7.525885312,79.81090862,2.905697127,1.107146139,2.938358922,408.3862866,407.1912788,-3.40E-05,66.83704872,1.070872222,16.97390189,17.39465385,-6.69E-07,86.59541668,0,0,1,0,53247.62095,-,-,0,0,#DIV/0!,0,-,-,0,0,#DIV/0!,0.5,68.2572942,2.938358922,#DIV/0!,0.043048277,#DIV/0!,#DIV/0!,-,0,#DIV/0!,#DIV/0!,#DIV/0!,#DIV/0!,#DIV/0!,#DIV/0!,#DIV/0!,#DIV/0!,80.9694,68.2572942,0.843001112,0.165392145,2,0.5,0: Broadleaf,2,TRUE,1652234381,400.129,401.468,17.3932,16.9582,395.509,17.1969,500.179,100.559,0.0999974,26.5782,25.9265,999.9,0,0,10000,0,4.10376,80.9694,0.899937,0.100063,0,2.0291,0,421.573,781.897,38.187,42.562,40.562,41.5,38.875,72.87,8.1,0,1652234381,0,1.76006,0.032784623,-274.3904621,456.20648,15,1652233242,9:40:42,1652233241,1652233242,1,-0.285,-0.028,4.62,0.189,403,17,0.4,0.09,-1.43822675,0.768860375,0.07866893,0,1.76022,-0.143147554,0.157252081,1,0.430092325,-0.031610758,0.004252572,1,2,3,2月3日,100,100,4.62,0.1963,4.445291379,0.000676004,-7.65E-07,4.25E-10,0.065174227,-0.023951514,0.002092542,-1.49E-05,2,2268,1,30,19,19,18,505.447,450.983,24.9998,28.5753,30.0001,28.5742,28.4568,19.2251,26.5576,63.3531,25,401.368,16.9302,87.6663,101.271
556,1652234383,1158.4,20220511 09:59:42,9:59:42,0,1652234383,0.001058174,1.058173801,2.907383192,400.114,318.7914055,32.0895738,40.27551405,0.06535098,3.019345002,0.064575235,0.040428452,13.02830798,26.3835872,25.9167,3.357662021,50.12828514,1.750026116,3.49109512,1.607635904,-46.66546462,107.4015365,7.618985803,81.3833657,3.03159592,1.110904093,2.907383192,408.3812406,407.1986545,-9.09E-06,66.83704872,1.058173801,16.97179377,17.38757582,-2.70E-07,86.59541668,0,0,1,0,53216.52969,-,-,0,0,#DIV/0!,0,-,-,0,0,#DIV/0!,0.5,66.40240409,2.907383192,#DIV/0!,0.043784306,#DIV/0!,#DIV/0!,-,0,#DIV/0!,#DIV/0!,#DIV/0!,#DIV/0!,#DIV/0!,#DIV/0!,#DIV/0!,#DIV/0!,78.7687,66.40240409,0.843004951,0.165399556,2,0.5,0: Broadleaf,2,TRUE,1652234383,400.114,401.504,17.3855,16.949,395.495,17.1894,500.156,100.56,0.100097,26.5765,25.9167,999.9,0,0,9993.75,0,4.10376,78.7687,0.899805,0.100195,0,1.7225,0,409.847,760.618,38.125,42.5,40.562,41.5,38.875,70.88,7.89,0,1652234383,0,1.769984,0.516015391,-269.9955385,445.21508,15,1652233242,9:40:42,1652233241,1652233242,1,-0.285,-0.028,4.62,0.189,403,17,0.4,0.09,-1.41961925,0.700880713,0.074092276,0,1.791264706,-0.044639038,0.16762577,1,0.429811375,-0.003592244,0.003691283,1,2,3,2月3日,100,100,4.619,0.1961,4.445291379,0.000676004,-7.65E-07,4.25E-10,0.065174227,-0.023951514,0.002092542,-1.49E-05,2,2268,1,30,19,19,18,505.338,451.055,24.9998,28.5753,30.0001,28.5742,28.4576,19.2246,26.5576,63.3531,25,401.43,16.9302,87.6661,101.271
557,1652234385,1160.4,20220511 09:59:44,9:59:44,0,1652234385,0.001065271,1.065270975,2.931327625,400.144,318.7576229,32.08610958,40.27845395,0.06583042,3.021404529,0.065043855,0.040722296,12.89060439,26.37972668,25.9085,3.356032141,50.11040562,1.749257629,3.490807164,1.606774512,-46.97844999,108.582448,7.697138029,82.19174042,2.861039179,1.098541077,2.931327625,408.4132298,407.2206242,1.56E-05,66.83704872,1.065270975,16.96077116,17.3794022,-8.62E-07,86.59541668,0,0,1,0,53280.36343,-,-,0,0,#DIV/0!,0,-,-,0,0,#DIV/0!,0.5,65.69946213,2.931327625,#DIV/0!,0.044617224,#DIV/0!,#DIV/0!,-,0,#DIV/0!,#DIV/0!,#DIV/0!,#DIV/0!,#DIV/0!,#DIV/0!,#DIV/0!,#DIV/0!,77.9347,65.69946213,0.843006544,0.165402631,2,0.5,0: Broadleaf,2,TRUE,1652234385,400.144,401.464,17.3779,16.9462,395.524,17.1821,500.093,100.56,0.0998973,26.5751,25.9085,999.9,0,0,10006.2,0,4.10376,77.9347,0.899769,0.100231,0,1.6535,0,405.707,752.558,38.125,42.5,40.562,41.5,38.875,70.12,7.81,0,1652234385,0,1.795192308,0.473572651,-267.8891279,438.5125769,15,1652233242,9:40:42,1652233241,1652233242,1,-0.285,-0.028,4.62,0.189,403,17,0.4,0.09,-1.4075115,0.653914221,0.072094631,0,1.797926471,0.263799662,0.166606769,1,0.4297544,0.015430131,0.003613876,1,2,3,2月3日,100,100,4.62,0.1958,4.445291379,0.000676004,-7.65E-07,4.25E-10,0.065174227,-0.023951514,0.002092542,-1.49E-05,2,2268,1,30,19.1,19,18,505.377,450.981,24.9998,28.5762,30.0002,28.5751,28.4589,19.2235,26.5576,63.3531,25,401.345,16.9302,87.6663,101.271
558,1652234387,1162.4,20220511 09:59:46,9:59:46,0,1652234387,0.001078208,1.078207728,2.916162371,400.155,319.9739506,32.20853845,40.279553,0.066629881,3.020379209,0.065823951,0.041211567,12.56749821,26.37344125,25.907,3.355734067,50.09807095,1.74871371,3.490580928,1.607020357,-47.54896083,108.6107342,7.701656409,81.33092797,2.590217181,1.089317936,2.916162371,408.4026576,407.216497,4.89E-06,66.83704872,1.078207728,16.95011889,17.37376593,-1.84E-06,86.59541668,0,0,1,0,53248.897,-,-,0,0,#DIV/0!,0,-,-,0,0,#DIV/0!,0.5,64.0568181,2.916162371,#DIV/0!,0.045524621,#DIV/0!,#DIV/0!,-,0,#DIV/0!,#DIV/0!,#DIV/0!,#DIV/0!,#DIV/0!,#DIV/0!,#DIV/0!,#DIV/0!,75.9867,64.0568181,0.843000395,0.165390762,2,0.5,0: Broadleaf,2,TRUE,1652234387,400.155,401.365,17.3725,16.9445,395.535,17.1769,500.184,100.56,0.0998768,26.574,25.907,999.9,0,0,10000,0,4.10376,75.9867,0.899965,0.100035,0,1.7088,0,395.468,733.786,38.125,42.5,40.562,41.5,38.875,68.39,7.6,0,1652234387,0,1.783376,0.437738468,-273.120462,429.05616,15,1652233242,9:40:42,1652233241,1652233242,1,-0.285,-0.028,4.62,0.189,403,17,0.4,0.09,-1.385403,0.646118724,0.07161612,0,1.791265714,0.087961644,0.168396999,1,0.4296145,0.021511295,0.003553395,1,2,3,2月3日,100,100,4.62,0.1956,4.445291379,0.000676004,-7.65E-07,4.25E-10,0.065174227,-0.023951514,0.002092542,-1.49E-05,2,2268,1,30,19.1,19.1,18,505.309,451.035,24.9998,28.5774,30.0002,28.5763,28.4593,19.224,26.5576,63.3531,25,401.279,16.9302,87.6667,101.271
559,1652234389,1164.4,20220511 09:59:48,9:59:48,0,1652234389,0.001075508,1.075508197,2.630543326,400.153,326.6449776,32.87971721,40.27895233,0.066451997,3.020875495,0.065650467,0.041102751,12.2509419,26.3706396,25.9058,3.355495625,50.0904796,1.748273605,3.490231314,1.60722202,-47.42991147,108.5471496,7.695771166,81.06395115,2.616752581,1.077629642,2.630543326,408.3060139,407.2357697,1.01E-05,66.83704872,1.075508197,16.94672908,17.36940769,-1.83E-06,86.59541668,0,0,1,0,53264.50133,-,-,0,0,#DIV/0!,0,-,-,0,0,#DIV/0!,0.5,62.44013549,2.630543326,#DIV/0!,0.042129046,#DIV/0!,#DIV/0!,-,0,#DIV/0!,#DIV/0!,#DIV/0!,#DIV/0!,#DIV/0!,#DIV/0!,#DIV/0!,#DIV/0!,74.0685,62.44013549,0.843005265,0.165400162,2,0.5,0: Broadleaf,2,TRUE,1652234389,400.153,401.372,17.3683,16.9448,395.534,17.1729,500.077,100.559,0.0998788,26.5723,25.9058,999.9,0,0,10003.1,0,4.10376,74.0685,0.899849,0.100151,0,1.8345,0,385.376,715.24,38.125,42.5,40.562,41.5,38.875,66.65,7.42,0,1652234389,0,1.790196,0.559823077,-269.167077,418.46336,15,1652233242,9:40:42,1652233241,1652233242,1,-0.285,-0.028,4.62,0.189,403,17,0.4,0.09,-1.35264325,0.68288409,0.076105943,0,1.781082353,0.32389558,0.159548723,1,0.429266125,0.016874488,0.003686761,1,2,3,2月3日,100,100,4.619,0.1954,4.445291379,0.000676004,-7.65E-07,4.25E-10,0.065174227,-0.023951514,0.002092542,-1.49E-05,2,2268,1,30,19.1,19.1,18,505.188,451.07,24.9998,28.5777,30.0002,28.5766,28.4595,19.2206,26.5576,63.3531,25,401.338,16.9302,87.6667,101.271
560,1652234391,1166.4,20220511 09:59:50,9:59:50,0,1652234391,0.001070329,1.070329136,2.582824716,400.164,327.4987942,32.96567512,40.2800763,0.066126011,3.021388079,0.065332408,0.040903264,12.0711051,26.36864955,25.9039,3.355118121,50.08488607,1.747841497,3.489758357,1.607276624,-47.20151489,108.5004123,7.690990614,81.06099308,2.754117664,1.065985987,2.582824716,408.2789628,407.2282545,-5.35E-07,66.83704872,1.070329136,16.94447871,17.36509451,-1.37E-06,86.59541668,0,0,1,0,53280.74065,-,-,0,0,#DIV/0!,0,-,-,0,0,#DIV/0!,0.5,61.52376451,2.582824716,#DIV/0!,0.041980928,#DIV/0!,#DIV/0!,-,0,#DIV/0!,#DIV/0!,#DIV/0!,#DIV/0!,#DIV/0!,#DIV/0!,#DIV/0!,#DIV/0!,72.9815,61.52376451,0.843004933,0.16539952,2,0.5,0: Broadleaf,2,TRUE,1652234391,400.164,401.436,17.364,16.9451,395.544,17.1687,500.108,100.559,0.0999206,26.57,25.9039,999.9,0,0,10006.2,0,4.10376,72.9815,0.899779,0.100221,0,1.8484,0,379.839,704.73,38.125,42.5,40.5,41.5,38.875,65.67,7.31,0,1652234391,0,1.79625,0.164037603,-269.1974356,411.7345,15,1652233242,9:40:42,1652233241,1652233242,1,-0.285,-0.028,4.62,0.189,403,17,0.4,0.09,-1.3304105,0.613953321,0.070666136,0,1.784191176,0.147639053,0.167191618,1,0.4287452,-0.000455347,0.004321683,1,2,3,2月3日,100,100,4.62,0.1953,4.445291379,0.000676004,-7.65E-07,4.25E-10,0.065174227,-0.023951514,0.002092542,-1.49E-05,2,2268,1,30,19.2,19.1,18,505.33,451.029,24.9998,28.5777,30.0002,28.577,28.4607,19.2182,26.5576,63.3531,25,401.241,16.9302,87.6664,101.271
561,1652234393,1168.4,20220511 09:59:52,9:59:52,0,1652234393,0.001057998,1.057997699,2.77846658,400.149,321.9093089,32.40337658,40.27898037,0.065294344,3.022957882,0.064520848,0.040394262,11.70334378,26.36895564,25.909,3.356131504,50.07391579,1.747376293,3.489593863,1.608755212,-46.65769851,107.5952403,7.623031586,80.26391712,2.561666908,1.054731992,2.77846658,408.3524625,407.2224121,-5.94E-06,66.83704872,1.057997699,16.9445942,17.36028352,-9.58E-07,86.59541668,0,0,1,0,53329.4064,-,-,0,0,#DIV/0!,0,-,-,0,0,#DIV/0!,0.5,59.6513901,2.77846658,#DIV/0!,0.046578405,#DIV/0!,#DIV/0!,-,0,#DIV/0!,#DIV/0!,#DIV/0!,#DIV/0!,#DIV/0!,#DIV/0!,#DIV/0!,#DIV/0!,70.7607,59.6513901,0.843001696,0.165393273,2,0.5,0: Broadleaf,2,TRUE,1652234393,400.149,401.342,17.3592,16.9448,395.53,17.1641,500.204,100.56,0.0999551,26.5692,25.909,999.9,0,0,10015.6,0,4.10376,70.7607,0.899966,0.100034,0,1.8039,0,368.251,683.32,38.125,42.5,40.562,41.5,38.875,63.68,7.08,0,1652234393,0,1.775856,-0.841192313,-266.6876928,402.28584,15,1652233242,9:40:42,1652233241,1652233242,1,-0.285,-0.028,4.62,0.189,403,17,0.4,0.09,-1.31340325,0.537947054,0.065546198,0,1.760654286,-0.135663405,0.187954104,1,0.427860025,-0.025338833,0.005563767,1,2,3,2月3日,100,100,4.619,0.1951,4.445291379,0.000676004,-7.65E-07,4.25E-10,0.065174227,-0.023951514,0.002092542,-1.49E-05,2,2268,1,30,19.2,19.2,18,505.48,451.071,24.9998,28.5786,30.0002,28.5782,28.4617,19.2202,26.5576,63.3531,25,401.274,16.9309,87.6666,101.27
562,1652234395,1170.4,20220511 09:59:54,9:59:54,0,1652234395,0.001045693,1.045692542,2.67099901,400.123,323.6998117,32.58333819,40.27602907,0.064491062,3.021602988,0.063736028,0.039902118,11.38084963,26.36813333,25.9114,3.356608483,50.06901599,1.746999423,3.489182658,1.60960906,-46.11504112,106.830253,7.572241832,79.66830335,2.461896011,1.046363816,2.67099901,408.2951831,407.2086545,-1.32E-05,66.83704872,1.045692542,16.94520839,17.35615165,-1.04E-06,86.59541668,0,0,1,0,53287.87683,-,-,0,0,#DIV/0!,0,-,-,0,0,#DIV/0!,0.5,58.01186522,2.67099901,#DIV/0!,0.046042288,#DIV/0!,#DIV/0!,-,0,#DIV/0!,#DIV/0!,#DIV/0!,#DIV/0!,#DIV/0!,#DIV/0!,#DIV/0!,#DIV/0!,68.8164,58.01186522,0.842994769,0.165379904,2,0.5,0: Broadleaf,2,TRUE,1652234395,400.123,401.275,17.3556,16.9444,395.504,17.1605,500.099,100.559,0.10012,26.5672,25.9114,999.9,0,0,10007.5,0,4.10376,68.8164,0.900178,0.099822,0,1.7925,0,358.089,664.582,38.125,42.5,40.5,41.5,38.875,61.95,6.87,0,1652234395,0,1.778812,-1.170046149,-263.7011539,391.65208,15,1652233242,9:40:42,1652233241,1652233242,1,-0.285,-0.028,4.62,0.189,403,17,0.4,0.09,-1.2891425,0.55813531,0.067602777,0,1.759341176,-0.171520821,0.193018125,1,0.426368325,-0.049352747,0.007124996,1,2,3,2月3日,100,100,4.619,0.1951,4.445291379,0.000676004,-7.65E-07,4.25E-10,0.065174227,-0.023951514,0.002092542,-1.49E-05,2,2268,1,30,19.2,19.2,18,505.503,450.987,24.9998,28.5799,30.0003,28.5791,28.4617,19.2212,26.5576,63.3531,25,401.296,16.9338,87.6672,101.271
563,1652234397,1172.4,20220511 09:59:56,9:59:56,0,1652234397,0.00103853,1.03853044,2.469870899,400.143,328.2836372,33.0440569,40.27720716,0.064054641,3.020227292,0.063309393,0.039634606,11.20231971,26.36663572,25.9079,3.355912909,50.06350489,1.746580705,3.488730381,1.609332204,-45.79919239,106.9932891,7.587035627,79.98345201,2.451901816,1.035097164,2.469870899,408.2045332,407.1999697,-6.03E-06,66.83704872,1.03853044,16.94496429,17.35302088,-1.16E-06,86.59541668,0,0,1,0,53245.74165,-,-,0,0,#DIV/0!,0,-,-,0,0,#DIV/0!,0.5,57.09420238,2.469870899,#DIV/0!,0.043259574,#DIV/0!,#DIV/0!,-,0,#DIV/0!,#DIV/0!,#DIV/0!,#DIV/0!,#DIV/0!,#DIV/0!,#DIV/0!,#DIV/0!,67.7268,57.09420238,0.84300753,0.165404533,2,0.5,0: Broadleaf,2,TRUE,1652234397,400.143,401.289,17.3518,16.9451,395.523,17.1569,500.19,100.557,0.100033,26.565,25.9079,999.9,0,0,9999.38,0,4.10376,67.7268,0.899773,0.100227,0,1.9385,0,352.299,653.988,38.062,42.5,40.562,41.437,38.875,60.94,6.79,0,1652234397,0,1.758180769,-0.478478633,-263.4716237,385.1353462,15,1652233242,9:40:42,1652233241,1652233242,1,-0.285,-0.028,4.62,0.189,403,17,0.4,0.09,-1.26655125,0.639255197,0.074802632,0,1.772311765,-0.478628064,0.191187576,1,0.42455185,-0.073918919,0.008692838,1,2,3,2月3日,100,100,4.62,0.1949,4.445291379,0.000676004,-7.65E-07,4.25E-10,0.065174227,-0.023951514,0.002092542,-1.49E-05,2,2268,1,30,19.3,19.2,18,505.425,450.893,24.9998,28.5802,30.0002,28.5791,28.4625,19.2186,26.5576,63.3531,25,401.229,16.9386,87.6674,101.271
564,1652234399,1174.4,20220511 09:59:58,9:59:58,0,1652234399,0.001029927,1.029927406,2.385256152,400.159,329.9246351,33.20887196,40.27837749,0.063531957,3.020412658,0.062798791,0.039314411,10.92428231,26.36612804,25.9043,3.355197592,50.0566811,1.746229454,3.488504262,1.608968139,-45.41979861,107.406947,7.615721873,80.52715254,2.458438958,1.024310043,2.385256152,408.1907845,407.2204424,1.34E-05,66.83704872,1.029927406,16.94446738,17.34918022,-8.29E-07,86.59541668,0,0,1,0,53251.63846,-,-,0,0,#DIV/0!,0,-,-,0,0,#DIV/0!,0.5,55.68286619,2.385256152,#DIV/0!,0.042836447,#DIV/0!,#DIV/0!,-,0,#DIV/0!,#DIV/0!,#DIV/0!,#DIV/0!,#DIV/0!,#DIV/0!,#DIV/0!,#DIV/0!,66.0534,55.68286619,0.842997729,0.165385617,2,0.5,0: Broadleaf,2,TRUE,1652234399,400.159,401.306,17.3485,16.946,395.54,17.1538,500.144,100.556,0.099933,26.5639,25.9043,999.9,0,0,10000.6,0,4.10376,66.0534,0.900019,0.0999815,0,1.3888,0,344.245,637.872,38.062,42.5,40.5,41.437,38.812,59.45,6.6,0,1652234399,0,1.738024,-0.204446154,-263.5152312,375.9206,15,1652233242,9:40:42,1652233241,1652233242,1,-0.285,-0.028,4.62,0.189,403,17,0.4,0.09,-1.24871325,0.753161989,0.082024478,0,1.78618,-0.290280235,0.188969471,1,0.4224856,-0.102761629,0.010422353,0,1,3,1月3日,100,100,4.619,0.1947,4.445291379,0.000676004,-7.65E-07,4.25E-10,0.065174227,-0.023951514,0.002092542,-1.49E-05,2,2268,1,30,19.3,19.3,18,505.37,450.919,24.9998,28.5805,30.0003,28.58,28.4637,19.2161,26.5576,63.3531,25,401.167,16.9397,87.6674,101.271
565,1652234401,1176.4,20220511 10:00:00,10:00:00,0,1652234401,0.001022529,1.022528601,2.463755406,400.144,327.5260802,32.96812281,40.27769795,0.06310199,3.019105187,0.062378344,0.03905079,10.653845,26.36406811,25.8994,3.354224181,50.05699451,1.746003741,3.488031509,1.60822044,-45.09351132,107.7836444,7.645465521,80.98944363,2.406189804,1.017139007,2.463755406,408.2130028,407.2107818,-4.28E-06,66.83704872,1.022528601,16.94491986,17.34674396,-9.34E-07,86.59541668,0,0,1,0,53211.73271,-,-,0,0,#DIV/0!,0,-,-,0,0,#DIV/0!,0.5,54.30098908,2.463755406,#DIV/0!,0.045372201,#DIV/0!,#DIV/0!,-,0,#DIV/0!,#DIV/0!,#DIV/0!,#DIV/0!,#DIV/0!,#DIV/0!,#DIV/0!,#DIV/0!,64.4137,54.30098908,0.843003726,0.16539719,2,0.5,0: Broadleaf,2,TRUE,1652234401,400.144,401.269,17.3459,16.9462,395.525,17.1512,500.123,100.558,0.100008,26.5616,25.8994,999.9,0,0,9992.5,0,4.10376,64.4137,0.899905,0.100095,0,1.8867,0,335.33,622.018,38.062,42.5,40.5,41.437,38.875,57.97,6.45,0,1652234401,0,1.739728,0.047038459,-260.2309232,365.5556,15,1652233242,9:40:42,1652233241,1652233242,1,-0.285,-0.028,4.62,0.189,403,17,0.4,0.09,-1.23137325,0.768696698,0.082759229,0,1.771585294,-0.58318137,0.200923944,1,0.419621575,-0.121472792,0.011727292,0,1,3,1月3日,100,100,4.619,0.1947,4.445291379,0.000676004,-7.65E-07,4.25E-10,0.065174227,-0.023951514,0.002092542,-1.49E-05,2,2268,1,30,19.3,19.3,18,505.396,450.973,24.9998,28.5817,30.0002,28.5812,28.4642,19.2173,26.5576,63.3531,25,401.191,16.9476,87.6668,101.271
566,1652234403,1178.4,20220511 10:00:02,10:00:02,0,1652234403,0.001014678,1.014677712,2.488805098,400.128,326.412071,32.85600583,40.27610823,0.062631746,3.017448968,0.061918393,0.038762411,10.42073584,26.3630158,25.8956,3.353469461,50.05394757,1.745732866,3.487702671,1.607736595,-44.7472871,108.0824053,7.670658158,81.42651221,2.299655229,1.008788965,2.488805098,408.204185,407.1918788,-1.44E-05,66.83704872,1.014677712,16.94580502,17.34452418,-8.21E-07,86.59541668,0,0,1,0,53160.92445,-,-,0,0,#DIV/0!,0,-,-,0,0,#DIV/0!,0.5,53.1178587,2.488805098,#DIV/0!,0.046854394,#DIV/0!,#DIV/0!,-,0,#DIV/0!,#DIV/0!,#DIV/0!,#DIV/0!,#DIV/0!,#DIV/0!,#DIV/0!,#DIV/0!,63.0109,53.1178587,0.842994763,0.165379892,2,0.5,0: Broadleaf,2,TRUE,1652234403,400.128,401.209,17.3432,16.9468,395.508,17.1486,500.148,100.558,0.10006,26.56,25.8956,999.9,0,0,9982.5,0,4.10376,63.0109,0.900186,0.0998137,0,1.3026,0,327.979,608.518,38.062,42.5,40.5,41.437,38.812,56.72,6.29,0,1652234403,0,1.719030769,-0.592601709,-261.5599314,359.0863077,15,1652233242,9:40:42,1652233241,1652233242,1,-0.285,-0.028,4.62,0.189,403,17,0.4,0.09,-1.2071005,0.723829418,0.078827728,0,1.746888235,-0.28212426,0.190592724,1,0.415852,-0.12277218,0.011829342,0,1,3,1月3日,100,100,4.62,0.1946,4.445291379,0.000676004,-7.65E-07,4.25E-10,0.065174227,-0.023951514,0.002092542,-1.49E-05,2,2268,1,30,19.4,19.3,18,505.368,450.841,24.9997,28.5826,30,28.5815,28.4643,19.217,26.5576,63.3531,25,401.214,16.9504,87.666,101.27
567,1652234405,1180.4,20220511 10:00:04,10:00:04,0,1652234405,0.001003885,1.00388493,2.301781432,400.144,330.5201773,33.26943357,40.27761432,0.061921787,3.022412859,0.061225549,0.03832787,10.05913554,26.36337303,25.8988,3.354105005,50.04837205,1.745476695,3.487579363,1.60862831,-44.27132542,107.6410192,7.626885539,81.05571481,2.305052919,1.001089736,2.301781432,408.1393165,407.2029212,5.42E-06,66.83704872,1.00388493,16.94611599,17.34061758,-4.48E-07,86.59541668,0,0,1,0,53314.26394,-,-,0,0,#DIV/0!,0,-,-,0,0,#DIV/0!,0.5,51.2723802,2.301781432,#DIV/0!,0.044893204,#DIV/0!,#DIV/0!,-,0,#DIV/0!,#DIV/0!,#DIV/0!,#DIV/0!,#DIV/0!,#DIV/0!,#DIV/0!,#DIV/0!,60.8214,51.2723802,0.842999013,0.165388096,2,0.5,0: Broadleaf,2,TRUE,1652234405,400.144,401.226,17.3407,16.9473,395.525,17.1461,500.117,100.558,0.099799,26.5594,25.8988,999.9,0,0,10012.5,0,4.10376,60.8214,0.900024,0.0999761,0,1.5814,0,316.717,587.348,38.062,42.5,40.5,41.437,38.812,54.74,6.08,0,1652234405,0,1.701528,0.468492312,-260.5433851,349.82596,15,1652233242,9:40:42,1652233241,1652233242,1,-0.285,-0.028,4.62,0.189,403,17,0.4,0.09,-1.17914875,0.60079621,0.065554348,0,1.746808571,-0.25715225,0.209842415,1,0.4118682,-0.119140075,0.011484595,0,1,3,1月3日,100,100,4.619,0.1946,4.445291379,0.000676004,-7.65E-07,4.25E-10,0.065174227,-0.023951514,0.002092542,-1.49E-05,2,2268,1,30,19.4,19.4,18,505.37,450.767,24.9997,28.5826,30,28.5818,28.4655,19.215,26.5576,63.3531,25,401.154,16.9527,87.6657,101.27
568,1652234407,1182.4,20220511 10:00:06,10:00:06,0,1652234407,0.000997108,0.997107825,2.294290515,400.142,330.2531326,33.24222959,40.27702063,0.06144825,3.025912092,0.06076334,0.038037987,9.696534688,26.36211978,25.9041,3.355157856,50.04535596,1.745258377,3.487353309,1.609899479,-43.97245507,106.7215907,7.553153879,79.99882423,2.202844881,0.995147519,2.294290515,408.1436743,407.2104667,8.40E-06,66.83704872,0.997107825,16.94687402,17.33864945,-7.44E-07,86.59541668,0,0,1,0,53422.64287,-,-,0,0,#DIV/0!,0,-,-,0,0,#DIV/0!,0.5,49.42153652,2.294290515,#DIV/0!,0.046422889,#DIV/0!,#DIV/0!,-,0,#DIV/0!,#DIV/0!,#DIV/0!,#DIV/0!,#DIV/0!,#DIV/0!,#DIV/0!,#DIV/0!,58.6255,49.42153652,0.843004094,0.165397902,2,0.5,0: Broadleaf,2,TRUE,1652234407,400.142,401.182,17.3387,16.9477,395.523,17.1442,500.201,100.557,0.0998184,26.5583,25.9041,999.9,0,0,10033.8,0,4.10376,58.6255,0.899841,0.100159,0,1.535,0,305.354,566.114,38.062,42.5,40.5,41.437,38.812,52.75,5.87,0,1652234407,0,1.726084,-0.5894923,-257.4426155,339.40604,15,1652233242,9:40:42,1652233241,1652233242,1,-0.285,-0.028,4.62,0.189,403,17,0.4,0.09,-1.15796725,0.545478011,0.059919498,0,1.725394118,-0.154286466,0.206130537,1,0.408012725,-0.113859861,0.01098189,0,1,3,1月3日,100,100,4.619,0.1945,4.445291379,0.000676004,-7.65E-07,4.25E-10,0.065174227,-0.023951514,0.002092542,-1.49E-05,2,2268,1,30,19.4,19.4,18,505.38,450.892,24.9997,28.5829,30.0001,28.583,28.4665,19.2171,26.5576,63.3531,25,401.201,16.9564,87.6656,101.27
569,1652234409,1184.4,20220511 10:00:08,10:00:08,0,1652234409,0.000992657,0.992656781,2.251109853,400.144,331.1348204,33.3311065,40.27737784,0.061191907,3.018674831,0.060511056,0.03787995,9.558723481,26.35921579,25.9006,3.354462545,50.04774534,1.745053752,3.486777957,1.609408793,-43.77616404,106.5802581,7.560997054,79.92381458,2.099538244,0.989308713,2.251109853,408.1192027,407.2034,-3.06E-06,66.83704872,0.992656781,16.94721657,17.33733736,-7.57E-07,86.59541668,0,0,1,0,53199.51533,-,-,0,0,#DIV/0!,0,-,-,0,0,#DIV/0!,0.5,48.71831161,2.251109853,#DIV/0!,0.046206648,#DIV/0!,#DIV/0!,-,0,#DIV/0!,#DIV/0!,#DIV/0!,#DIV/0!,#DIV/0!,#DIV/0!,#DIV/0!,#DIV/0!,57.7912,48.71831161,0.84300571,0.165401021,2,0.5,0: Broadleaf,2,TRUE,1652234409,400.144,401.142,17.3366,16.9478,395.525,17.1422,500.081,100.557,0.100208,26.5555,25.9006,999.9,0,0,9990,0,4.10376,57.7912,0.8998,0.1002,0,1.6609,0,301.146,558.051,38.062,42.5,40.5,41.437,38.812,52,5.79,0,1652234409,0,1.700888462,-0.499401702,-260.1081707,332.9978462,15,1652233242,9:40:42,1652233241,1652233242,1,-0.285,-0.028,4.62,0.189,403,17,0.4,0.09,-1.139407225,0.713963966,0.073083181,0,1.707376471,-0.301838546,0.210034625,1,0.404367725,-0.106576582,0.010289372,0,1,3,1月3日,100,100,4.619,0.1944,4.445291379,0.000676004,-7.65E-07,4.25E-10,0.065174227,-0.023951514,0.002092542,-1.49E-05,2,2268,1,30,19.5,19.4,18,505.388,450.859,24.9997,28.5841,30.0002,28.5839,28.4667,19.2128,26.5576,63.3531,25,401.068,16.9622,87.6661,101.27
570,1652234411,1186.4,20220511 10:00:10,10:00:10,0,1652234411,0.00098583,0.985829773,2.115800344,400.151,334.2884583,33.64848906,40.27801801,0.060769758,3.018053787,0.060098077,0.037621027,9.508237954,26.35891559,25.8991,3.354164593,50.04661628,1.744839581,3.486428676,1.609325011,-43.47509301,106.525789,7.558566744,80.11750071,2.169935651,0.983102563,2.115800344,408.0533007,407.1927152,-8.97E-06,66.83704872,0.985829773,16.94775432,17.33512857,-4.10E-07,86.59541668,0,0,1,0,53180.65771,-,-,0,0,#DIV/0!,0,-,-,0,0,#DIV/0!,0.5,48.46655193,2.115800344,#DIV/0!,0.043654856,#DIV/0!,#DIV/0!,-,0,#DIV/0!,#DIV/0!,#DIV/0!,#DIV/0!,#DIV/0!,#DIV/0!,#DIV/0!,#DIV/0!,57.4933,48.46655193,0.842994783,0.16537993,2,0.5,0: Broadleaf,2,TRUE,1652234411,400.151,401.176,17.3345,16.9482,395.532,17.1402,500.161,100.557,0.100047,26.5538,25.8991,999.9,0,0,9986.25,0,4.10376,57.4933,0.900196,0.0998044,0,1.8425,0,299.462,555.234,38,42.5,40.5,41.437,38.812,51.76,5.74,0,1652234411,0,1.713684,0.004438465,-248.7596928,324.4072,15,1652233242,9:40:42,1652233241,1652233242,1,-0.285,-0.028,4.62,0.189,403,17,0.4,0.09,-1.1144348,0.725974356,0.073906542,0,1.708397143,-0.007322114,0.209622758,1,0.401017925,-0.098709917,0.009551227,1,2,3,2月3日,100,100,4.619,0.1943,4.445291379,0.000676004,-7.65E-07,4.25E-10,0.065174227,-0.023951514,0.002092542,-1.49E-05,2,2268,1,30,19.5,19.5,18,505.405,450.819,24.9997,28.5851,30.0002,28.5842,28.4679,19.2105,26.5576,63.3531,25,401.002,16.9657,87.6664,101.27
571,1652234413,1188.4,20220511 10:00:12,10:00:12,0,1652234413,0.000981633,0.981633428,2.093344319,400.187,334.6726644,33.68678875,40.28119522,0.060503104,3.020941901,0.059837899,0.037457843,9.102395708,26.35782393,25.899,3.35414473,50.04317452,1.744719587,3.486428676,1.609425143,-43.29003419,106.6440149,7.559717466,80.01609391,2.096768396,0.978548101,2.093344319,408.0699053,407.2183576,1.32E-05,66.83704872,0.981633428,16.9477932,17.33350879,-4.69E-07,86.59541668,0,0,1,0,53269.77653,-,-,0,0,#DIV/0!,0,-,-,0,0,#DIV/0!,0.5,46.39610099,2.093344319,#DIV/0!,0.045118971,#DIV/0!,#DIV/0!,-,0,#DIV/0!,#DIV/0!,#DIV/0!,#DIV/0!,#DIV/0!,#DIV/0!,#DIV/0!,#DIV/0!,55.037,46.39610099,0.842998365,0.165386844,2,0.5,0: Broadleaf,2,TRUE,1652234413,400.187,401.182,17.3335,16.949,395.568,17.1392,500.175,100.556,0.0999314,26.5538,25.899,999.9,0,0,10003.8,0,4.10376,55.037,0.900004,0.0999963,0,1.7329,0,286.949,531.485,38,42.437,40.5,41.437,38.812,49.53,5.5,0,1652234413,0,1.716576,0.730392315,-239.6066924,314.7174,15,1652233242,9:40:42,1652233241,1652233242,1,-0.285,-0.028,4.62,0.189,403,17,0.4,0.09,-1.09111705,0.584482717,0.060149323,0,1.739629412,0.002732641,0.184347449,1,0.39789005,-0.091620991,0.008882392,1,2,3,2月3日,100,100,4.619,0.1943,4.445291379,0.000676004,-7.65E-07,4.25E-10,0.065174227,-0.023951514,0.002092542,-1.49E-05,2,2268,1,30,19.5,19.5,18,505.353,450.777,24.9996,28.5851,30.0001,28.5855,28.469,19.206,26.5576,63.3531,25,400.855,16.9698,87.6661,101.271
572,1652234415,1190.4,20220511 10:00:14,10:00:14,0,1652234415,0.000977326,0.977325799,2.004281974,400.218,336.8484243,33.90614504,40.28473514,0.060265977,3.01919137,0.059605567,0.037312211,8.77903313,26.35555258,25.8939,3.353131871,50.04089492,1.744496183,3.486141056,1.608635688,-43.10006774,107.1844698,7.602186645,80.46562186,1.851697001,0.971258561,2.004281974,408.0971535,407.2815273,4.46E-05,66.83704872,0.977325799,16.9479172,17.3320044,-4.52E-07,86.59541668,0,0,1,0,53216.00509,-,-,0,0,#DIV/0!,0,-,-,0,0,#DIV/0!,0.5,44.75188523,2.004281974,#DIV/0!,0.044786537,#DIV/0!,#DIV/0!,-,0,#DIV/0!,#DIV/0!,#DIV/0!,#DIV/0!,#DIV/0!,#DIV/0!,#DIV/0!,#DIV/0!,53.0871,44.75188523,0.842989827,0.165370365,2,0.5,0: Broadleaf,2,TRUE,1652234415,400.218,401.114,17.3311,16.9494,395.599,17.1369,500.092,100.557,0.0999798,26.5524,25.8939,999.9,0,0,9993.12,0,4.10376,53.0871,0.900295,0.0997049,0,1.9097,0,276.956,512.695,38,42.5,40.5,41.437,38.812,47.79,5.29,0,1652234415,0,1.737661538,0.459309405,-247.0812306,308.3143846,15,1652233242,9:40:42,1652233241,1652233242,1,-0.285,-0.028,4.62,0.189,403,17,0.4,0.09,-1.069663825,0.635174195,0.065274672,0,1.732905882,0.07684869,0.179664668,1,0.394935725,-0.084927366,0.008241468,1,2,3,2月3日,100,100,4.619,0.1942,4.445291379,0.000676004,-7.65E-07,4.25E-10,0.065174227,-0.023951514,0.002092542,-1.49E-05,2,2268,1,30,19.6,19.5,18,505.423,450.677,24.9997,28.5854,30.0002,28.5864,28.469,19.2072,26.5576,63.3531,25,400.962,16.9772,87.6658,101.271
573,1652234417,1192.4,20220511 10:00:16,10:00:16,0,1652234417,0.000967508,0.967508334,1.931967651,400.187,338.1724452,34.03980697,40.28207627,0.059615706,3.017346231,0.058968997,0.036913143,8.466000166,26.35382808,25.8978,3.353906386,50.03987668,1.74422426,3.485668583,1.609682126,-42.66711752,106.1104042,7.53066972,79.43995654,1.62028188,0.962999223,1.931967651,408.0499179,407.2640606,9.45E-07,66.83704872,0.967508334,16.94875117,17.32892418,-2.12E-07,86.59541668,0,0,1,0,53159.51306,-,-,0,0,#DIV/0!,0,-,-,0,0,#DIV/0!,0.5,43.14573721,1.931967651,#DIV/0!,0.044777718,#DIV/0!,#DIV/0!,-,0,#DIV/0!,#DIV/0!,#DIV/0!,#DIV/0!,#DIV/0!,#DIV/0!,#DIV/0!,#DIV/0!,51.1804,43.14573721,0.843012896,0.165414889,2,0.5,0: Broadleaf,2,TRUE,1652234417,400.187,400.989,17.3282,16.9498,395.568,17.1341,500.165,100.558,0.100133,26.5501,25.8978,999.9,0,0,9981.88,0,4.12154,51.1804,0.899649,0.100351,0,1.7859,0,266.753,494.195,38,42.5,40.437,41.437,38.812,46.04,5.14,0,1652234417,0,1.7201,0.211961541,-246.9885389,299.38864,15,1652233242,9:40:42,1652233241,1652233242,1,-0.285,-0.028,4.62,0.189,403,17,0.4,0.09,-1.040958875,0.842943749,0.087220283,0,1.72720303,-0.139077378,0.184421478,1,0.392038075,-0.079173715,0.007658258,1,2,3,2月3日,100,100,4.619,0.1941,4.445291379,0.000676004,-7.65E-07,4.25E-10,0.065174227,-0.023951514,0.002092542,-1.49E-05,2,2268,1,30,19.6,19.6,18,505.501,450.733,24.9997,28.5866,30.0003,28.5864,28.4697,19.2075,26.5576,63.3531,25,400.929,16.9822,87.6658,101.27
574,1652234419,1194.4,20220511 10:00:18,10:00:18,0,1652234419,0.000962393,0.962393065,1.738088601,400.165,343.0493738,34.53065271,40.27979556,0.05925584,3.019312102,0.058617281,0.036692599,8.09804025,26.35033045,25.903,3.354939316,50.04660785,1.744171063,3.485093473,1.610768253,-42.44153417,104.8773204,7.438400636,77.97222708,1.621248434,0.960095651,1.738088601,407.9351661,407.2282424,-2.64E-05,66.83704872,0.962393065,16.94906314,17.32727033,-5.99E-07,86.59541668,0,0,1,0,53220.65876,-,-,0,0,#DIV/0!,0,-,-,0,0,#DIV/0!,0.5,41.2750017,1.738088601,#DIV/0!,0.042109958,#DIV/0!,#DIV/0!,-,0,#DIV/0!,#DIV/0!,#DIV/0!,#DIV/0!,#DIV/0!,#DIV/0!,#DIV/0!,#DIV/0!,48.9619,41.2750017,0.843002451,0.16539473,2,0.5,0: Broadleaf,2,TRUE,1652234419,400.165,400.967,17.3277,16.9504,395.545,17.1336,500.111,100.558,0.0999675,26.5473,25.903,999.9,0,0,9993.75,0,4.1448,48.9619,0.899923,0.100077,0,1.7316,0,255.462,472.808,38,42.437,40.5,41.437,38.812,44.06,4.9,0,1652234419,0,1.720012,0.242838465,-252.2273077,289.21532,15,1652233242,9:40:42,1652233241,1652233242,1,-0.285,-0.028,4.62,0.189,403,17,0.4,0.09,-1.0075649,1.039676826,0.106078333,0,1.712964706,0.224246571,0.173184222,1,0.3892752,-0.076419827,0.007377259,1,2,3,2月3日,100,100,4.62,0.1941,4.445291379,0.000676004,-7.65E-07,4.25E-10,0.065174227,-0.023951514,0.002092542,-1.49E-05,2,2268,1,30,19.6,19.6,18,505.477,450.742,24.9997,28.5875,30.0003,28.5873,28.471,19.2072,26.5576,63.3531,25,400.972,16.9857,87.6663,101.27
575,1652234421,1196.4,20220511 10:00:20,10:00:20,0,1652234421,0.000960189,0.960188978,1.610335579,400.19,346.4279142,34.87031772,40.28183607,0.059137705,3.020743366,0.058501973,0.036620282,7.910272851,26.34959834,25.8992,3.354184455,50.04112481,1.743949142,3.485031859,1.610235313,-42.34433393,105.4970261,7.478654287,78.54161935,1.648908488,0.953808372,1.610335579,407.8888639,407.2338364,-2.92E-06,66.83704872,0.960188978,16.94967104,17.32698242,-6.59E-07,86.59541668,0,0,1,0,53264.87636,-,-,0,0,#DIV/0!,0,-,-,0,0,#DIV/0!,0.5,40.32271476,1.610335579,#DIV/0!,0.03993619,#DIV/0!,#DIV/0!,-,0,#DIV/0!,#DIV/0!,#DIV/0!,#DIV/0!,#DIV/0!,#DIV/0!,#DIV/0!,#DIV/0!,47.8329,40.32271476,0.842991221,0.165373056,2,0.5,0: Broadleaf,2,TRUE,1652234421,400.19,401.002,17.3257,16.9509,395.57,17.1317,500.151,100.557,0.0997782,26.547,25.8992,999.9,0,0,10002.5,0,4.1407,47.8329,0.900343,0.0996569,0,1.9527,0,250.238,461.958,38,42.437,40.437,41.437,38.75,43.07,4.77,0,1652234421,0,1.743842308,0.76254701,-258.7456407,282.8746154,15,1652233242,9:40:42,1652233241,1652233242,1,-0.285,-0.028,4.62,0.189,403,17,0.4,0.09,-0.973340075,1.082878863,0.109945093,0,1.731985294,0.328729218,0.172224671,1,0.386769175,-0.072589992,0.007006991,1,2,3,2月3日,100,100,4.62,0.194,4.445291379,0.000676004,-7.65E-07,4.25E-10,0.065174227,-0.023951514,0.002092542,-1.49E-05,2,2268,1,30,19.7,19.6,18,505.379,450.813,24.9996,28.5875,30.0003,28.5885,28.4714,19.2027,26.5576,63.3531,25,400.779,16.9935,87.6662,101.27
576,1652234423,1198.4,20220511 10:00:22,10:00:22,0,1652234423,0.000950501,0.95050105,1.606541669,400.215,346.1602173,34.84274636,40.2836289,0.058587635,3.020710464,0.0579636,0.036282763,7.772717924,26.35265721,25.8906,3.352476634,50.0297441,1.743696376,3.485319399,1.608780257,-41.91709631,107.1244025,7.593827433,80.57385154,1.457304019,0.945163227,1.606541669,407.903621,407.2500667,1.11E-05,66.83704872,0.95050105,16.950656,17.32415385,-8.76E-08,86.59541668,0,0,1,0,53263.56802,-,-,0,0,#DIV/0!,0,-,-,0,0,#DIV/0!,0.5,39.6205314,1.606541669,#DIV/0!,0.040548211,#DIV/0!,#DIV/0!,-,0,#DIV/0!,#DIV/0!,#DIV/0!,#DIV/0!,#DIV/0!,#DIV/0!,#DIV/0!,#DIV/0!,46.9998,39.6205314,0.842993617,0.165377681,2,0.5,0: Broadleaf,2,TRUE,1652234423,400.215,400.949,17.3235,16.9521,395.596,17.1296,500.156,100.555,0.0999702,26.5484,25.8906,999.9,0,0,10002.5,0,4.13112,46.9998,0.900271,0.0997294,0,1.7935,0,245.968,453.903,38,42.437,40.437,41.437,38.75,42.31,4.69,0,1652234423,0,1.794372,0.382476924,-261.5737697,274.2748,15,1652233242,9:40:42,1652233241,1652233242,1,-0.285,-0.028,4.62,0.189,403,17,0.4,0.09,-0.940969925,1.11158534,0.112272075,0,1.748782857,0.633539333,0.178807417,1,0.384298975,-0.070125895,0.006762628,1,2,3,2月3日,100,100,4.619,0.1939,4.445291379,0.000676004,-7.65E-07,4.25E-10,0.065174227,-0.023951514,0.002092542,-1.49E-05,2,2268,1,30,19.7,19.7,18,505.304,450.797,24.9996,28.5878,30.0003,28.5889,28.4716,19.203,26.5576,63.3531,25,400.725,16.9972,87.6665,101.27
577,1652234425,1200.4,20220511 10:00:24,10:00:24,0,1652234425,0.000945016,0.945015717,1.509990997,400.171,348.5241216,35.08074948,40.27927403,0.05826817,3.018744589,0.057650487,0.036086505,7.365039927,26.34938698,25.8869,3.351742107,50.03199017,1.743548595,3.48486756,1.608193512,-41.67519312,107.2988059,7.610918783,80.59957145,1.40457581,0.939244749,1.509990997,407.8695546,407.2552727,3.58E-06,66.83704872,0.945015717,16.95058537,17.32195604,-4.02E-07,86.59541668,0,0,1,0,53203.27641,-,-,0,0,#DIV/0!,0,-,-,0,0,#DIV/0!,0.5,37.5407232,1.509990997,#DIV/0!,0.040222747,#DIV/0!,#DIV/0!,-,0,#DIV/0!,#DIV/0!,#DIV/0!,#DIV/0!,#DIV/0!,#DIV/0!,#DIV/0!,#DIV/0!,44.5324,37.5407232,0.842997979,0.165386099,2,0.5,0: Broadleaf,2,TRUE,1652234425,400.171,400.883,17.322,16.9529,395.552,17.1281,500.122,100.555,0.100155,26.5462,25.8869,999.9,0,0,9990.62,0,4.11744,44.5324,0.900037,0.0999631,0,2.0093,0,233.242,430.048,38,42.437,40.437,41.437,38.75,40.08,4.45,0,1652234425,0,1.803716,0.532084617,-265.3163078,264.01956,15,1652233242,9:40:42,1652233241,1652233242,1,-0.285,-0.028,4.62,0.189,403,17,0.4,0.09,-0.904332075,1.180227343,0.118285155,0,1.761202941,0.592591013,0.156275096,1,0.3818621,-0.071236818,0.006871879,1,2,3,2月3日,100,100,4.619,0.1939,4.445291379,0.000676004,-7.65E-07,4.25E-10,0.065174227,-0.023951514,0.002092542,-1.49E-05,2,2268,1,30,19.7,19.7,18,505.306,450.757,24.9996,28.589,30.0002,28.5892,28.4728,19.2053,26.5576,63.3531,25,400.964,17.0056,87.6669,101.269
578,1652234427,1202.4,20220511 10:00:26,10:00:26,0,1652234427,0.000938329,0.938328972,1.417170527,400.163,350.7680531,35.30658399,40.27843598,0.057838751,3.020194391,0.057230376,0.035823112,7.086274907,26.34566711,25.8875,3.35186121,50.03709414,1.743325733,3.484066697,1.608535476,-41.38030767,106.6176267,7.558845885,79.88243977,1.392521978,0.932500637,1.417170527,407.8152169,407.2388364,-8.08E-06,66.83704872,0.938328972,16.95173082,17.32042418,-5.03E-07,86.59541668,0,0,1,0,53248.71763,-,-,0,0,#DIV/0!,0,-,-,0,0,#DIV/0!,0.5,36.12302729,1.417170527,#DIV/0!,0.039231776,#DIV/0!,#DIV/0!,-,0,#DIV/0!,#DIV/0!,#DIV/0!,#DIV/0!,#DIV/0!,#DIV/0!,#DIV/0!,#DIV/0!,42.8511,36.12302729,0.842989498,0.165369732,2,0.5,0: Broadleaf,2,TRUE,1652234427,400.163,400.869,17.3198,16.9534,395.544,17.126,500.191,100.555,0.100073,26.5423,25.8875,999.9,0,0,9999.38,0,4.10376,42.8511,0.900429,0.0995707,0,1.7903,0,224.805,413.854,38,42.437,40.437,41.375,38.75,38.58,4.27,0,1652234427,0,1.799826923,0.439230768,-262.1715553,257.0263846,15,1652233242,9:40:42,1652233241,1652233242,1,-0.285,-0.028,4.62,0.189,403,17,0.4,0.09,-0.86597835,1.179329764,0.118187928,0,1.77195,0.651731382,0.158644186,1,0.37946385,-0.073136916,0.007053186,1,2,3,2月3日,100,100,4.619,0.1938,4.445291379,0.000676004,-7.65E-07,4.25E-10,0.065174227,-0.023951514,0.002092542,-1.49E-05,2,2268,1,30,19.8,19.7,18,505.316,450.849,24.9996,28.5899,30.0001,28.5903,28.4738,19.203,26.5576,63.3531,25,400.883,17.0102,87.6669,101.269
579,1652234429,1204.4,20220511 10:00:28,10:00:28,0,1652234429,0.00093137,0.93136963,1.423199857,400.177,350.3258848,35.26205369,40.27981794,0.057409683,3.021123873,0.056810433,0.035559839,6.817259806,26.34394053,25.8865,3.351662707,50.04093591,1.743254097,3.483656061,1.60840861,-41.07340069,106.487564,7.547188604,79.77861174,1.373388432,0.929542448,1.423199857,407.7862225,407.2073515,-1.93E-05,66.83704872,0.93136963,16.95270525,17.31872637,-4.19E-07,86.59541668,0,0,1,0,53277.77586,-,-,0,0,#DIV/0!,0,-,-,0,0,#DIV/0!,0.5,34.75105047,1.423199857,#DIV/0!,0.040954154,#DIV/0!,#DIV/0!,-,0,#DIV/0!,#DIV/0!,#DIV/0!,#DIV/0!,#DIV/0!,#DIV/0!,#DIV/0!,#DIV/0!,41.2235,34.75105047,0.842991266,0.165373144,2,0.5,0: Broadleaf,2,TRUE,1652234429,400.177,400.875,17.3191,16.9538,395.558,17.1253,500.106,100.555,0.100005,26.5403,25.8865,999.9,0,0,10005,0,4.10376,41.2235,0.900243,0.0997566,0,1.6546,0,216.507,398.115,37.937,42.437,40.437,41.437,38.75,37.11,4.11,0,1652234429,0,1.798872,0.59592308,-256.6382312,247.871,15,1652233242,9:40:42,1652233241,1652233242,1,-0.285,-0.028,4.62,0.189,403,17,0.4,0.09,-0.83664405,1.136017373,0.115215472,0,1.806890909,0.277770982,0.13392364,1,0.37703265,-0.074675595,0.007199519,1,2,3,2月3日,100,100,4.619,0.1938,4.445291379,0.000676004,-7.65E-07,4.25E-10,0.065174227,-0.023951514,0.002092542,-1.49E-05,2,2268,1,30,19.8,19.8,18,505.417,450.716,24.9996,28.5899,30.0001,28.5912,28.474,19.2011,26.5576,62.9829,25,400.703,17.0156,87.6675,101.269
580,1652234431,1206.4,20220511 10:00:30,10:00:30,0,1652234431,0.00092932,0.929319671,1.459013667,400.15,349.1974264,35.14812754,40.2767093,0.057260914,3.019866898,0.056664503,0.035468382,6.45649477,26.3409137,25.8888,3.352119279,50.04168958,1.743136522,3.483368641,1.608982756,-40.98299751,105.8408724,7.504511139,78.81888083,1.395914543,0.929861033,1.459013667,407.7912261,407.1978061,-1.53E-05,66.83704872,0.929319671,16.95322554,17.31841648,-5.43E-07,86.59541668,0,0,1,0,53239.18988,-,-,0,0,#DIV/0!,0,-,-,0,0,#DIV/0!,0.5,32.9100942,1.459013667,#DIV/0!,0.044333318,#DIV/0!,#DIV/0!,-,0,#DIV/0!,#DIV/0!,#DIV/0!,#DIV/0!,#DIV/0!,#DIV/0!,#DIV/0!,#DIV/0!,39.0394,32.9100942,0.842996926,0.165384068,2,0.5,0: Broadleaf,2,TRUE,1652234431,400.15,400.857,17.3181,16.9527,395.531,17.1243,500.141,100.554,0.100028,26.5389,25.8888,999.9,0,0,9997.5,0,4.10376,39.0394,0.900004,0.099996,0,1.7448,0,205.104,376.998,37.937,42.437,40.437,41.375,38.75,35.14,3.9,0,1652234431,0,1.802308,-0.45494615,-253.6843078,237.67088,15,1652233242,9:40:42,1652233241,1652233242,1,-0.285,-0.028,4.62,0.189,403,17,0.4,0.09,-0.8076715,1.019990071,0.10687803,0,1.788197059,-0.048768451,0.139700014,1,0.3747001,-0.07256848,0.007007989,1,2,3,2月3日,100,100,4.619,0.1938,4.445291379,0.000676004,-7.65E-07,4.25E-10,0.065174227,-0.023951514,0.002092542,-1.49E-05,2,2268,1,30,19.8,19.8,18,505.308,450.709,24.9996,28.5908,30,28.5912,28.4752,19.201,26.5576,62.9829,25,400.766,17.0214,87.6676,101.268
581,1652234433,1208.4,20220511 10:00:32,10:00:32,0,1652234433,0.000925088,0.925087628,1.383934084,400.145,351.0712727,35.33670184,40.27616514,0.056956622,3.021107422,0.056366737,0.0352817,6.226189357,26.33853897,25.8933,3.353012728,50.04148066,1.742903248,3.482917023,1.61010948,-40.79636438,104.7930951,7.427254303,77.65017442,1.23723771,0.945104799,1.383934084,407.7718306,407.2088485,2.24E-06,66.83704872,0.925087628,16.95351716,17.31705165,-1.64E-07,86.59541668,0,0,1,0,53277.88634,-,-,0,0,#DIV/0!,0,-,-,0,0,#DIV/0!,0.5,31.73356622,1.383934084,#DIV/0!,0.043611048,#DIV/0!,#DIV/0!,-,0,#DIV/0!,#DIV/0!,#DIV/0!,#DIV/0!,#DIV/0!,#DIV/0!,#DIV/0!,#DIV/0!,37.6434,31.73356622,0.843004782,0.16539923,2,0.5,0: Broadleaf,2,TRUE,1652234433,400.145,400.791,17.3158,16.9444,395.526,17.1222,500.129,100.554,0.0999258,26.5367,25.8933,999.9,0,0,10005,0,4.10376,37.6434,0.899866,0.100134,0,1.6465,0,198.422,363.504,37.937,42.437,40.437,41.375,38.75,33.87,3.77,0,1652234433,0,1.805519231,-0.465370935,-257.1205126,231.2015769,15,1652233242,9:40:42,1652233241,1652233242,1,-0.285,-0.028,4.62,0.189,403,17,0.4,0.09,-0.772418975,0.810375501,0.085713703,0,1.786811765,0.147691871,0.139712901,1,0.3728814,-0.062025343,0.006239939,1,2,3,2月3日,100,100,4.619,0.1936,4.445291379,0.000676004,-7.65E-07,4.25E-10,0.065174227,-0.023951514,0.002092542,-1.49E-05,2,2268,1,30,19.9,19.8,18,505.222,450.734,24.9997,28.5921,30.0001,28.5922,28.4762,19.2018,26.5576,62.9829,25,400.788,17.0324,87.6674,101.268
582,1652234435,1210.4,20220511 10:00:34,10:00:34,0,1652234435,0.000914434,0.914433624,1.182966884,400.195,356.3497103,35.86803301,40.28123794,0.05628596,3.019039385,0.055709418,0.034869694,6.078942292,26.33856236,25.8924,3.352834022,50.03440555,1.742482237,3.48256808,1.610351785,-40.32652282,104.5911512,7.417922588,77.7614933,1.106779141,0.964660212,1.182966884,407.7088345,407.2275091,1.77E-05,66.83704872,0.914433624,16.95366863,17.31302967,-2.72E-09,86.59541668,0,0,1,0,53214.3413,-,-,0,0,#DIV/0!,0,-,-,0,0,#DIV/0!,0.5,30.98887439,1.182966884,#DIV/0!,0.038173922,#DIV/0!,#DIV/0!,-,0,#DIV/0!,#DIV/0!,#DIV/0!,#DIV/0!,#DIV/0!,#DIV/0!,#DIV/0!,#DIV/0!,36.7608,30.98887439,0.842986942,0.165364799,2,0.5,0: Broadleaf,2,TRUE,1652234435,400.195,400.792,17.3116,16.9325,395.576,17.118,500.111,100.554,0.100026,26.535,25.8924,999.9,0,0,9992.5,0,4.10376,36.7608,0.900421,0.0995794,0,1.5913,0,194.112,355.034,37.937,42.437,40.437,41.375,38.75,33.1,3.66,0,1652234435,0,1.801992,-1.11443077,-253.1367697,222.50216,15,1652233242,9:40:42,1652233241,1652233242,1,-0.285,-0.028,4.62,0.189,403,17,0.4,0.09,-0.739588175,0.666633715,0.068506652,0,1.780354286,0.035315347,0.141330392,1,0.372011675,-0.037583831,0.005288633,1,2,3,2月3日,100,100,4.619,0.1936,4.445291379,0.000676004,-7.65E-07,4.25E-10,0.065174227,-0.023951514,0.002092542,-1.49E-05,2,2268,1,30,19.9,19.9,18,505.434,450.634,24.9998,28.5924,30.0001,28.5934,28.4762,19.1977,26.2838,62.9829,25,400.62,17.0017,87.6673,101.268
583,1652234437,1212.4,20220511 10:00:36,10:00:36,0,1652234437,0.000917433,0.917433131,1.093964325,400.212,359.0194742,36.13673158,40.2829224,0.056517615,3.020479001,0.055936619,0.035012089,5.757399321,26.33554783,25.8831,3.350987874,50.01908312,1.741897291,3.482465455,1.609090584,-40.45880107,106.0740176,7.519137161,78.89175305,1.024123414,0.965589702,1.093964325,407.6956395,407.2505939,1.92E-05,66.83704872,0.917433131,16.9469389,17.30741868,-2.97E-07,86.59541668,0,0,1,0,53258.87047,-,-,0,0,#DIV/0!,0,-,-,0,0,#DIV/0!,0.5,29.34863065,1.093964325,#DIV/0!,0.0372748,#DIV/0!,#DIV/0!,-,0,#DIV/0!,#DIV/0!,#DIV/0!,#DIV/0!,#DIV/0!,#DIV/0!,#DIV/0!,#DIV/0!,34.8149,29.34863065,0.84299052,0.165371704,2,0.5,0: Broadleaf,2,TRUE,1652234437,400.212,400.776,17.3058,16.9264,395.593,17.1125,500.2,100.554,0.0999594,26.5345,25.8831,999.9,0,0,10001.2,0,4.10376,34.8149,0.900196,0.0998044,0,1.7513,0,184.296,336.22,37.937,42.437,40.375,41.375,38.75,31.34,3.47,0,1652234437,0,1.783892,-0.139884613,-252.695077,212.347,15,1652233242,9:40:42,1652233241,1652233242,1,-0.285,-0.028,4.62,0.189,403,17,0.4,0.09,-0.712906625,0.680612432,0.069680849,0,1.791991429,0.004258638,0.146427726,1,0.3718867,-0.008617441,0.005088393,1,2,3,2月3日,100,100,4.619,0.1933,4.445291379,0.000676004,-7.65E-07,4.25E-10,0.065174227,-0.023951514,0.002092542,-1.49E-05,2,2268,1,30,19.9,19.9,18,505.468,450.69,24.9998,28.5924,30.0002,28.5937,28.477,19.1969,26.2838,62.9829,25,400.561,17.0017,87.6674,101.269
584,1652234439,1214.4,20220511 10:00:38,10:00:38,0,1652234439,0.000932964,0.932963836,1.079522402,400.176,359.9088658,36.22700407,40.28013466,0.057498676,3.020106616,0.056897377,0.035614361,5.393227306,26.32890953,25.8786,3.350094896,50.00512516,1.74134963,3.482342309,1.608745265,-41.14370516,106.695938,7.563961736,78.50942193,1.042587626,0.962599691,1.079522402,407.6797373,407.2406121,-4.66E-06,66.83704872,0.932963836,16.93427123,17.30092967,-8.05E-07,86.59541668,0,0,1,0,53247.52252,-,-,0,0,#DIV/0!,0,-,-,0,0,#DIV/0!,0.5,27.4897785,1.079522402,#DIV/0!,0.039269956,#DIV/0!,#DIV/0!,-,0,#DIV/0!,#DIV/0!,#DIV/0!,#DIV/0!,#DIV/0!,#DIV/0!,#DIV/0!,#DIV/0!,32.6095,27.4897785,0.84299908,0.165388224,2,0.5,0: Broadleaf,2,TRUE,1652234439,400.176,400.747,17.3,16.9217,395.557,17.1068,500.104,100.556,0.100048,26.5339,25.8786,999.9,0,0,9998.75,0,4.09966,32.6095,0.899905,0.100095,0,1.9466,0,173.375,314.897,37.937,42.437,40.375,41.375,38.75,29.35,3.26,0,1652234439,0,1.799261538,-0.068136748,-255.707863,205.7084231,15,1652233242,9:40:42,1652233241,1652233242,1,-0.285,-0.028,4.62,0.189,403,17,0.4,0.09,-0.689046475,0.744501557,0.075514902,0,1.80445,-0.222227127,0.13547729,1,0.371991975,0.013611614,0.005216082,1,2,3,2月3日,100,100,4.619,0.1932,4.445291379,0.000676004,-7.65E-07,4.25E-10,0.065174227,-0.023951514,0.002092542,-1.49E-05,2,2268,1,30,20,19.9,18,505.377,450.749,24.9997,28.5933,30.0002,28.594,28.4783,19.1965,26.2838,62.9829,25,400.703,17.0017,87.6674,101.269
585,1652234441,1216.4,20220511 10:00:40,10:00:40,0,1652234441,0.000934716,0.934715528,1.01507924,400.206,361.758373,36.41283751,40.28278856,0.057579448,3.018953197,0.05697624,0.035663819,5.126354198,26.32466223,25.8792,3.350213948,49.99265404,1.740689625,3.481890807,1.609524322,-41.22095477,106.1994676,7.531581556,77.63644858,0.966855098,0.952294148,1.01507924,407.6557624,407.2428788,1.40E-06,66.83704872,0.934715528,16.92784057,17.29514176,-1.32E-06,86.59541668,0,0,1,0,53212.28929,-,-,0,0,#DIV/0!,0,-,-,0,0,#DIV/0!,0.5,26.12633312,1.01507924,#DIV/0!,0.038852725,#DIV/0!,#DIV/0!,-,0,#DIV/0!,#DIV/0!,#DIV/0!,#DIV/0!,#DIV/0!,#DIV/0!,#DIV/0!,#DIV/0!,30.9917,26.12633312,0.843010649,0.165410552,2,0.5,0: Broadleaf,2,TRUE,1652234441,400.206,400.745,17.2936,16.9194,395.586,17.1007,500.174,100.555,0.100134,26.5317,25.8792,999.9,0,0,9991.88,0,4.09008,30.9917,0.899627,0.100373,0,1.8561,0,165.278,299.253,37.937,42.437,40.375,41.375,38.687,27.88,3.11,0,1652234441,0,1.783724,0.444284617,-253.0243082,196.8798,15,1652233242,9:40:42,1652233241,1652233242,1,-0.285,-0.028,4.62,0.189,403,17,0.4,0.09,-0.6650986,0.708557674,0.072201004,0,1.814234286,-0.275607288,0.13774058,1,0.3720521,0.030985036,0.005277554,1,2,3,2月3日,100,100,4.62,0.1929,4.445291379,0.000676004,-7.65E-07,4.25E-10,0.065174227,-0.023951514,0.002092542,-1.49E-05,2,2268,1,30,20,20,18,505.294,450.737,24.9998,28.5945,30.0002,28.5952,28.4787,19.193,26.2838,62.9829,25,400.506,17.0017,87.6675,101.269
586,1652234443,1218.4,20220511 10:00:42,10:00:42,0,1652234443,0.000935254,0.935254178,0.989366383,400.22,362.5167923,36.48840015,40.28334086,0.057639764,3.020578329,0.05703562,0.035701015,4.800138773,26.32105958,25.8726,3.348904581,49.98214463,1.740149335,3.481541954,1.608755246,-41.24470923,107.0545784,7.587824956,78.19783286,0.704115515,0.940041989,0.989366383,407.6517965,407.2493333,5.95E-06,66.83704872,0.935254178,16.92270689,17.29023516,-1.48E-06,86.59541668,0,0,1,0,53262.71613,-,-,0,0,#DIV/0!,0,-,-,0,0,#DIV/0!,0.5,24.46731062,0.989366383,#DIV/0!,0.040436254,#DIV/0!,#DIV/0!,-,0,#DIV/0!,#DIV/0!,#DIV/0!,#DIV/0!,#DIV/0!,#DIV/0!,#DIV/0!,#DIV/0!,29.0242,24.46731062,0.8429969,0.165384017,2,0.5,0: Broadleaf,2,TRUE,1652234443,400.22,400.652,17.2886,16.9192,395.601,17.0958,500.157,100.553,0.099993,26.53,25.8726,999.9,0,0,10001.9,0,4.09008,29.0242,0.900141,0.0998595,0,1.9344,0,155.307,280.293,37.937,42.437,40.375,41.375,38.687,26.13,2.9,0,1652234443,0,1.771548,0.405992312,-253.1904616,186.85316,15,1652233242,9:40:42,1652233241,1652233242,1,-0.285,-0.028,4.62,0.189,403,17,0.4,0.09,-0.636557825,0.732075411,0.075012064,0,1.783688235,-0.111376119,0.130238554,1,0.3719637,0.036097486,0.005254957,1,2,3,2月3日,100,100,4.619,0.1928,4.445291379,0.000676004,-7.65E-07,4.25E-10,0.065174227,-0.023951514,0.002092542,-1.49E-05,2,2268,1,30,20,20,18,505.209,450.621,24.9998,28.5948,30.0002,28.5961,28.4789,19.1931,26.2838,62.9829,25,400.531,17.0017,87.6678,101.269
587,1652234445,1220.4,20220511 10:00:44,10:00:44,0,1652234445,0.000930064,0.93006359,0.843807631,400.17,366.3678717,36.87677681,40.27913176,0.057326709,3.019883349,0.056728937,0.035508773,4.573521481,26.32012768,25.8695,3.34828973,49.97396387,1.739772229,3.481357279,1.608517501,-41.01580432,107.3881245,7.61306513,78.55890683,0.779516385,0.932886597,0.843807631,407.5637839,407.2206606,-2.04E-05,66.83704872,0.93006359,16.91941113,17.28491099,-1.34E-06,86.59541668,0,0,1,0,53241.46124,-,-,0,0,#DIV/0!,0,-,-,0,0,#DIV/0!,0.5,23.31011161,0.843807631,#DIV/0!,0.03619921,#DIV/0!,#DIV/0!,-,0,#DIV/0!,#DIV/0!,#DIV/0!,#DIV/0!,#DIV/0!,#DIV/0!,#DIV/0!,#DIV/0!,27.6512,23.31011161,0.843005425,0.16540047,2,0.5,0: Broadleaf,2,TRUE,1652234445,400.17,400.631,17.2845,16.9179,395.551,17.0919,500.143,100.555,0.100051,26.5291,25.8695,999.9,0,0,9997.5,0,4.0723,27.6512,0.899959,0.100041,0,1.9873,0,148.621,267.021,37.937,42.375,40.375,41.375,38.687,24.88,2.77,0,1652234445,0,1.7936,0.495446155,-251.6767177,180.5176923,15,1652233242,9:40:42,1652233241,1652233242,1,-0.285,-0.028,4.62,0.189,403,17,0.4,0.09,-0.6080033,0.89079949,0.090358714,0,1.79235,0.027766904,0.129584218,1,0.37170785,0.026923362,0.005381549,1,2,3,2月3日,100,100,4.619,0.1926,4.445291379,0.000676004,-7.65E-07,4.25E-10,0.065174227,-0.023951514,0.002092542,-1.49E-05,2,2268,1,30,20.1,20,18,505.333,450.564,24.9998,28.5951,30.0003,28.5961,28.4801,19.1916,26.0115,62.9829,25,400.543,17.0017,87.6677,101.269
588,1652234447,1222.4,20220511 10:00:46,10:00:46,0,1652234447,0.000920057,0.920057427,0.725242684,400.18,369.457165,37.18655794,40.27886902,0.056709415,3.023354747,0.056125041,0.035130152,4.436694245,26.32019536,25.8656,3.347516348,49.96381731,1.739224212,3.480967439,1.608292136,-40.57453255,107.8375589,7.635927032,79.33564763,0.808152761,0.918015114,0.725242684,407.5202415,407.225303,-3.65E-06,66.83704872,0.920057427,16.91934665,17.28085714,-1.22E-06,86.59541668,0,0,1,0,53348.97735,-,-,0,0,#DIV/0!,0,-,-,0,0,#DIV/0!,0.5,22.61216755,0.725242684,#DIV/0!,0.032073117,#DIV/0!,#DIV/0!,-,0,#DIV/0!,#DIV/0!,#DIV/0!,#DIV/0!,#DIV/0!,#DIV/0!,#DIV/0!,#DIV/0!,26.8232,22.61216755,0.843007827,0.165405106,2,0.5,0: Broadleaf,2,TRUE,1652234447,400.18,400.65,17.2796,16.9189,395.561,17.0871,500.223,100.552,0.0998792,26.5272,25.8656,999.9,0,0,10018.8,0,4.04905,26.8232,0.899818,0.100182,0,1.6604,0,144.102,259.015,37.875,42.375,40.375,41.375,38.687,24.14,2.69,0,1652234447,0,1.802736,0.161069233,-247.5659235,171.77704,15,1652233242,9:40:42,1652233241,1652233242,1,-0.285,-0.028,4.62,0.189,403,17,0.4,0.09,-0.5848534,0.955106972,0.094833879,0,1.795060606,0.297636903,0.128687288,1,0.37133925,0.008011745,0.005748124,1,2,3,2月3日,100,100,4.619,0.1925,4.445291379,0.000676004,-7.65E-07,4.25E-10,0.065174227,-0.023951514,0.002092542,-1.49E-05,2,2268,1,30,20.1,20.1,18,505.449,450.605,24.9998,28.5963,30.0003,28.5971,28.4811,19.1908,26.0115,62.9829,25,400.569,17.0017,87.6678,101.269
589,1652234449,1224.4,20220511 10:00:48,10:00:48,0,1652234449,0.000912963,0.912962589,0.781351503,400.188,367.7070695,37.01005664,40.27929233,0.056249381,3.022297696,0.055674199,0.034847562,4.073299275,26.31783805,25.8661,3.347615491,49.95795566,1.738815183,3.480557121,1.608800307,-40.26165017,107.3925105,7.607015739,78.81117537,0.590191256,0.88694992,0.781351503,407.5468146,407.228903,6.66E-06,66.83704872,0.912962589,16.91824117,17.27707253,-1.15E-06,86.59541668,0,0,1,0,53316.63969,-,-,0,0,#DIV/0!,0,-,-,0,0,#DIV/0!,0.5,20.75727734,0.781351503,#DIV/0!,0.037642292,#DIV/0!,#DIV/0!,-,0,#DIV/0!,#DIV/0!,#DIV/0!,#DIV/0!,#DIV/0!,#DIV/0!,#DIV/0!,#DIV/0!,24.6225,20.75727734,0.843020706,0.165429963,2,0.5,0: Broadleaf,2,TRUE,1652234449,400.188,400.566,17.2757,16.9271,395.569,17.0834,500.073,100.551,0.0999249,26.5252,25.8661,999.9,0,0,10012.5,0,4.04905,24.6225,0.899395,0.100605,0,1.5742,0,133.587,237.738,37.875,42.375,40.375,41.375,38.687,22.15,2.48,0,1652234449,0,1.790256,-0.50803077,-247.402077,161.83704,15,1652233242,9:40:42,1652233241,1652233242,1,-0.285,-0.028,4.62,0.189,403,17,0.4,0.09,-0.556794025,0.940858593,0.093815047,0,1.78088,0.111490484,0.130065721,1,0.3704511,-0.027107797,0.007147386,1,2,3,2月3日,100,100,4.619,0.1923,4.445291379,0.000676004,-7.65E-07,4.25E-10,0.065174227,-0.023951514,0.002092542,-1.49E-05,2,2268,1,30,20.1,20.1,18,505.319,450.655,24.9997,28.5973,30.0003,28.5983,28.4811,19.1911,26.0115,62.9829,25,400.533,17.0017,87.6675,101.268
590,1652234451,1226.4,20220511 10:00:50,10:00:50,0,1652234451,0.000905218,0.905218499,0.743328262,400.158,368.5309377,37.09341906,40.27674983,0.055689563,3.019627155,0.055125218,0.034503489,3.797221987,26.31754204,25.8766,3.349698083,49.95481422,1.738654604,3.480454549,1.611043479,-39.92013581,105.5068816,7.480433735,76.86440151,0.50322268,0.854785885,0.743328262,407.4828499,407.1806485,-2.88E-05,66.83704872,0.905218499,16.91822345,17.27394945,-1.12E-06,86.59541668,0,0,1,0,53234.26972,-,-,0,0,#DIV/0!,0,-,-,0,0,#DIV/0!,0.5,19.35619589,0.743328262,#DIV/0!,0.038402601,#DIV/0!,#DIV/0!,-,0,#DIV/0!,#DIV/0!,#DIV/0!,#DIV/0!,#DIV/0!,#DIV/0!,#DIV/0!,#DIV/0!,22.9613,19.35619589,0.84299216,0.165374869,2,0.5,0: Broadleaf,2,TRUE,1652234451,400.158,400.496,17.2739,16.938,395.539,17.0816,500.161,100.552,0.100117,26.5247,25.8766,999.9,0,0,9996.25,0,4.04905,22.9613,0.900091,0.0999089,0,1.871,0,124.856,221.739,37.875,42.375,40.375,41.375,38.687,20.67,2.29,0,1652234451,0,1.796792308,-0.160567525,-249.7069741,155.4791154,15,1652233242,9:40:42,1652233241,1652233242,1,-0.285,-0.028,4.62,0.189,403,17,0.4,0.09,-0.5222611,0.953113531,0.0948621,0,1.785305882,0.055207764,0.135442742,1,0.368330675,-0.082239749,0.010812988,1,2,3,2月3日,100,100,4.619,0.1923,4.445291379,0.000676004,-7.65E-07,4.25E-10,0.065174227,-0.023951514,0.002092542,-1.49E-05,2,2268,1,30,20.2,20.1,18,505.322,450.661,24.9997,28.5973,30.0003,28.5986,28.4819,19.1904,26.0115,62.9829,25,400.399,17.0017,87.6675,101.268
591,1652234453,1228.4,20220511 10:00:52,10:00:52,0,1652234453,0.00088735,0.887349629,0.500205197,400.161,375.1881697,37.76375635,40.27734275,0.054552031,3.0233712,0.054011048,0.033805063,3.475323465,26.31985149,25.8805,3.350471906,49.95636337,1.738647033,3.480331465,1.611824873,-39.13211863,104.904218,7.428617071,76.67603986,0.584040555,0.840268805,0.500205197,407.4000281,407.1965758,-2.89E-06,66.83704872,0.887349629,16.92471336,17.27342198,-1.03E-06,86.59541668,0,0,1,0,53350.06007,-,-,0,0,#DIV/0!,0,-,-,0,0,#DIV/0!,0.5,17.71705535,0.500205197,#DIV/0!,0.028232976,#DIV/0!,#DIV/0!,-,0,#DIV/0!,#DIV/0!,#DIV/0!,#DIV/0!,#DIV/0!,#DIV/0!,#DIV/0!,#DIV/0!,21.0171,17.71705535,0.842982873,0.165356946,2,0.5,0: Broadleaf,2,TRUE,1652234453,400.161,400.529,17.2737,16.9435,395.542,17.0814,500.154,100.553,0.0998441,26.5241,25.8805,999.9,0,0,10018.8,0,4.06272,21.0171,0.900794,0.0992056,0,1.6981,0,115.278,203.003,37.875,42.375,40.375,41.375,38.687,18.93,2.09,0,1652234453,0,1.785372,-0.4017077,-247.1515389,146.7164,15,1652233242,9:40:42,1652233241,1652233242,1,-0.285,-0.028,4.62,0.189,403,17,0.4,0.09,-0.488988575,0.947267944,0.094320073,0,1.786512121,-0.071271652,0.143365897,1,0.3648674,-0.141510101,0.015176157,0,1,3,1月3日,100,100,4.619,0.1923,4.445291379,0.000676004,-7.65E-07,4.25E-10,0.065174227,-0.023951514,0.002092542,-1.49E-05,2,2268,1,30,20.2,20.2,18,505.293,450.637,24.9997,28.5982,30.0002,28.5989,28.4831,19.1885,26.0115,62.9829,25,400.448,17.0017,87.6678,101.268
592,1652234455,1230.4,20220511 10:00:54,10:00:54,0,1652234455,0.000859477,0.859476718,0.486484762,400.18,375.1681906,37.76177418,40.27928585,0.052871416,3.018815995,0.052362325,0.032771784,3.24880486,26.32301506,25.8735,3.349083105,49.96519904,1.738718815,3.479859679,1.61036429,-37.90292327,105.5110894,7.48251708,78.33948812,0.557223585,0.83807273,0.486484762,407.4151797,407.2171636,1.68E-05,66.83704872,0.859476718,16.93607602,17.27389341,-6.42E-07,86.59541668,0,0,1,0,53209.77099,-,-,0,0,#DIV/0!,0,-,-,0,0,#DIV/0!,0.5,16.56301242,0.486484762,#DIV/0!,0.029371756,#DIV/0!,#DIV/0!,-,0,#DIV/0!,#DIV/0!,#DIV/0!,#DIV/0!,#DIV/0!,#DIV/0!,#DIV/0!,#DIV/0!,19.6482,16.56301242,0.842978615,0.165348727,2,0.5,0: Broadleaf,2,TRUE,1652234455,400.18,400.537,17.2744,16.945,395.561,17.0821,500.058,100.553,0.0999208,26.5218,25.8735,999.9,0,0,9991.25,0,4.08051,19.6482,0.900582,0.0994177,0,2.1356,0,108.611,189.77,37.875,42.375,40.375,41.375,38.687,17.69,1.95,0,1652234455,0,1.798808,0.358215379,-246.8039231,136.89052,15,1652233242,9:40:42,1652233241,1652233242,1,-0.285,-0.028,4.62,0.189,403,17,0.4,0.09,-0.461785975,0.874980281,0.08833883,0,1.796423529,-0.132477996,0.142232771,1,0.360346125,-0.179363201,0.017996275,0,1,3,1月3日,100,100,4.619,0.1923,4.445291379,0.000676004,-7.65E-07,4.25E-10,0.065174227,-0.023951514,0.002092542,-1.49E-05,2,2268,1,30,20.2,20.2,18,505.272,450.641,24.9996,28.5994,30.0001,28.6001,28.4835,19.1874,26.0115,62.9829,25,400.383,17.0017,87.6678,101.268
593,1652234457,1232.4,20220511 10:00:56,10:00:56,0,1652234457,0.000844319,0.844318909,0.546908135,400.179,373.0601993,37.54930852,40.27887393,0.051948619,3.015692467,0.051456552,0.032204166,2.88445114,26.3209685,25.871,3.348587226,49.97773084,1.738785901,3.479121344,1.609801326,-37.23446389,105.2230784,7.469592686,78.34265829,0.445648573,0.836268738,0.546908135,407.4413662,407.2188727,8.57E-06,66.83704872,0.844318909,16.9430683,17.27483297,-1.92E-07,86.59541668,0,0,1,0,53114.05956,-,-,0,0,#DIV/0!,0,-,-,0,0,#DIV/0!,0.5,14.70323309,0.546908135,#DIV/0!,0.037196454,#DIV/0!,#DIV/0!,-,0,#DIV/0!,#DIV/0!,#DIV/0!,#DIV/0!,#DIV/0!,#DIV/0!,#DIV/0!,#DIV/0!,17.4417,14.70323309,0.842993119,0.16537672,2,0.5,0: Broadleaf,2,TRUE,1652234457,400.179,400.491,17.2752,16.9466,395.56,17.0829,500.196,100.552,0.100143,26.5182,25.871,999.9,0,0,9972.5,0,4.09419,17.4417,0.900091,0.0999089,0,1.8717,0,97.3505,168.436,37.875,42.375,40.375,41.312,38.687,15.7,1.74,0,1652234457,0,1.785638462,0.003774354,-247.3795382,130.7050192,15,1652233242,9:40:42,1652233241,1652233242,1,-0.285,-0.028,4.62,0.189,403,17,0.4,0.09,-0.437896825,0.808175561,0.083201291,0,1.790264706,-0.1596471,0.151153181,1,0.355304325,-0.192710555,0.019003761,0,1,3,1月3日,100,100,4.619,0.1923,4.445291379,0.000676004,-7.65E-07,4.25E-10,0.065174227,-0.023951514,0.002092542,-1.49E-05,2,2268,1,30,20.3,20.2,18,505.358,450.659,24.9997,28.5997,30,28.601,28.4837,19.1877,26.0115,62.9829,25,400.47,17.0017,87.6678,101.268
594,1652234459,1234.4,20220511 10:00:58,10:00:58,0,1652234459,0.00084239,0.842389672,0.524281293,400.171,373.7179041,37.61470563,40.27720963,0.051846098,3.018766642,0.051356455,0.032141391,2.749426762,26.31716902,25.8677,3.347932765,49.98640837,1.738708554,3.478362641,1.609224211,-37.14938454,105.2652429,7.464714142,78.32999925,0.472327558,0.831820578,0.524281293,407.4170254,407.2037939,-8.16E-06,66.83704872,0.842389672,16.94456977,17.27562198,1.57E-07,86.59541668,0,0,1,0,53209.48031,-,-,0,0,#DIV/0!,0,-,-,0,0,#DIV/0!,0.5,14.01447778,0.524281293,#DIV/0!,0.037409977,#DIV/0!,#DIV/0!,-,0,#DIV/0!,#DIV/0!,#DIV/0!,#DIV/0!,#DIV/0!,#DIV/0!,#DIV/0!,#DIV/0!,16.6246,14.01447778,0.84299639,0.165383032,2,0.5,0: Broadleaf,2,TRUE,1652234459,400.171,400.493,17.2748,16.9479,395.552,17.0825,500.123,100.55,0.0999962,26.5145,25.8677,999.9,0,0,9991.25,0,4.10376,16.6246,0.899866,0.100134,0,1.6337,0,93.428,160.536,37.812,42.375,40.312,41.312,38.625,14.96,1.66,0,1652234459,0,1.778604,-0.105715392,-245.5180004,122.055228,15,1652233242,9:40:42,1652233241,1652233242,1,-0.285,-0.028,4.62,0.189,403,17,0.4,0.09,-0.41369865,0.744853598,0.078038004,0,1.79140303,-0.09637522,0.153897039,1,0.3502644,-0.190324705,0.018828208,0,1,3,1月3日,100,100,4.619,0.1923,4.445291379,0.000676004,-7.65E-07,4.25E-10,0.065174227,-0.023951514,0.002092542,-1.49E-05,2,2268,1,30,20.3,20.3,18,505.234,450.668,24.9997,28.5997,30.0001,28.601,28.4849,19.1843,26.0115,62.9829,25,400.315,17.0017,87.6673,101.268
595,1652234461,1236.4,20220511 10:01:00,10:01:00,0,1652234461,0.000836823,0.836823192,0.437906211,400.2,376.3126137,37.87613992,40.28042283,0.051507423,3.023338294,0.051024847,0.03193351,2.425105145,26.31509575,25.8667,3.347734465,49.99295116,1.73874139,3.477973094,1.608993075,-36.90390275,105.2779629,7.454218845,78.25338414,0.260371466,0.830323887,0.437906211,407.3999458,407.2217758,7.02E-06,66.83704872,0.836823192,16.94624465,17.2750967,2.87E-07,86.59541668,0,0,1,0,53351.04731,-,-,0,0,#DIV/0!,0,-,-,0,0,#DIV/0!,0.5,12.36537274,0.437906211,#DIV/0!,0.035413911,#DIV/0!,#DIV/0!,-,0,#DIV/0!,#DIV/0!,#DIV/0!,#DIV/0!,#DIV/0!,#DIV/0!,#DIV/0!,#DIV/0!,14.6689,12.36537274,0.842965235,0.165322904,2,0.5,0: Broadleaf,2,TRUE,1652234461,400.2,400.437,17.275,16.9487,395.58,17.0827,500.141,100.551,0.0997317,26.5126,25.8667,999.9,0,0,10018.8,0,4.10376,14.6689,0.900948,0.0990516,0,1.5904,0,83.4363,141.692,37.812,42.375,40.312,41.375,38.687,13.22,1.45,0,1652234461,0,1.752536,-0.046638469,-250.1443847,112.063888,15,1652233242,9:40:42,1652233241,1652233242,1,-0.285,-0.028,4.62,0.189,403,17,0.4,0.09,-0.3869309,0.624791099,0.065671812,0,1.776467647,-0.14335503,0.147318027,1,0.345238725,-0.174834811,0.017647124,0,1,3,1月3日,100,100,4.62,0.1923,4.445291379,0.000676004,-7.65E-07,4.25E-10,0.065174227,-0.023951514,0.002092542,-1.49E-05,2,2268,1,30,20.3,20.3,18,505.241,450.76,24.9996,28.6,30.0001,28.602,28.486,19.185,26.0115,62.9829,25,400.305,17.0017,87.667,101.268
596,1652234463,1238.4,20220511 10:01:02,10:01:02,0,1652234463,0.000833048,0.833048162,0.243370356,400.214,382.3120572,38.48040979,40.28227317,0.05129288,3.024378213,0.050814459,0.031801649,2.106357422,26.3142872,25.8637,3.347139628,49.99320937,1.738750371,3.477973094,1.608389258,-36.73742396,105.8033255,7.488728765,78.66098777,-0.048711667,0.827822171,0.243370356,407.3573512,407.2582182,2.59E-05,66.83704872,0.833048162,16.94770253,17.27505604,4.72E-09,86.59541668,0,0,1,0,53383.22656,-,-,0,0,#DIV/0!,0,-,-,0,0,#DIV/0!,0.5,10.73725533,0.243370356,#DIV/0!,0.022665975,#DIV/0!,#DIV/0!,-,0,#DIV/0!,#DIV/0!,#DIV/0!,#DIV/0!,#DIV/0!,#DIV/0!,#DIV/0!,#DIV/0!,12.7371,10.73725533,0.842990581,0.165371821,2,0.5,0: Broadleaf,2,TRUE,1652234463,400.214,400.327,17.2749,16.9496,395.595,17.0826,500.167,100.552,0.0998342,26.5126,25.8637,999.9,0,0,10025,0,4.10376,12.7371,0.90039,0.09961,0,1.7644,0,74.0479,123.013,37.812,42.375,40.312,41.312,38.625,11.47,1.27,0,1652234463,0,1.754423077,-0.403487182,-252.8774493,105.6856923,15,1652233242,9:40:42,1652233241,1652233242,1,-0.285,-0.028,4.62,0.189,403,17,0.4,0.09,-0.354419775,0.739074203,0.080312487,0,1.765697059,-0.379732599,0.157260557,1,0.3405586,-0.150665178,0.015770628,0,1,3,1月3日,100,100,4.619,0.1923,4.445291379,0.000676004,-7.65E-07,4.25E-10,0.065174227,-0.023951514,0.002092542,-1.49E-05,2,2268,1,30,20.4,20.3,18,505.344,450.778,24.9996,28.6012,30.0001,28.6032,28.4862,19.1841,26.0115,62.9829,25,400.308,17.0017,87.6667,101.268
597,1652234465,1240.4,20220511 10:01:04,10:01:04,0,1652234465,0.000829057,0.829057358,0.047203458,400.178,388.3692899,39.09059939,40.27918346,0.051092778,3.020161488,0.050617407,0.031678221,1.792182468,26.31323639,25.8558,3.345573665,49.98953084,1.738622432,3.477973094,1.606951233,-36.5614295,106.942111,7.579599916,79.75246393,0.015873811,0.822604664,0.047203458,407.2437469,407.2246121,-1.27E-05,66.83704872,0.829057358,16.94841775,17.27425275,1.09E-07,86.59541668,0,0,1,0,53252.93863,-,-,0,0,#DIV/0!,0,-,-,0,0,#DIV/0!,0.5,9.1332419,0.047203458,#DIV/0!,0.005168314,#DIV/0!,#DIV/0!,-,0,#DIV/0!,#DIV/0!,#DIV/0!,#DIV/0!,#DIV/0!,#DIV/0!,#DIV/0!,#DIV/0!,10.834,9.1332419,0.843016605,0.165422048,2,0.5,0: Broadleaf,2,TRUE,1652234465,400.178,400.316,17.2734,16.9501,395.559,17.0811,500.09,100.553,0.100168,26.5126,25.8558,999.9,0,0,9999.38,0,4.10376,10.834,0.899494,0.100506,0,2.0401,0,64.3163,104.608,37.812,42.375,40.312,41.312,38.625,9.75,1.09,0,1652234465,0,1.772264,-0.317053853,-253.3270158,96.860976,15,1652233242,9:40:42,1652233241,1652233242,1,-0.285,-0.028,4.62,0.189,403,17,0.4,0.09,-0.321839225,0.977426105,0.103652723,0,1.759927273,-0.30445582,0.152121246,1,0.336233025,-0.121817775,0.013397164,0,1,3,1月3日,100,100,4.619,0.1923,4.445291379,0.000676004,-7.65E-07,4.25E-10,0.065174227,-0.023951514,0.002092542,-1.49E-05,2,2268,1,30,20.4,20.4,18,505.363,450.637,24.9997,28.6022,30.0002,28.6035,28.4874,19.1846,26.0115,62.9829,25,400.381,17.0017,87.6661,101.268
598,1652234467,1242.4,20220511 10:01:06,10:01:06,0,1652234467,0.000821589,0.821589161,0.004400327,400.182,389.6994864,39.22481951,40.27992663,0.050598327,3.020379756,0.050132101,0.031374093,1.56120592,26.31291373,25.86,3.346406123,49.98884318,1.738506282,3.477788584,1.607899841,-36.232082,106.1193827,7.520869214,78.96937586,0.037918201,0.817670082,0.004400327,407.2119492,407.2102364,-1.43E-05,66.83704872,0.821589161,16.94948791,17.27232747,4.95E-08,86.59541668,0,0,1,0,53259.86002,-,-,0,0,#DIV/0!,0,-,-,0,0,#DIV/0!,0.5,7.955677028,0.004400327,#DIV/0!,0.000553105,#DIV/0!,#DIV/0!,-,0,#DIV/0!,#DIV/0!,#DIV/0!,#DIV/0!,#DIV/0!,#DIV/0!,#DIV/0!,#DIV/0!,9.43709,7.955677028,0.843022269,0.16543298,2,0.5,0: Broadleaf,2,TRUE,1652234467,400.182,400.328,17.2721,16.9508,395.563,17.0798,500.185,100.554,0.100019,26.5117,25.86,999.9,0,0,10000.6,0,4.10376,9.43709,0.898822,0.101178,0,1.668,0,57.6172,91.1038,37.812,42.375,40.312,41.312,38.625,8.48,0.95,0,1652234467,0,1.77684,0.126799994,-254.5311,86.720736,15,1652233242,9:40:42,1652233241,1652233242,1,-0.285,-0.028,4.62,0.189,403,17,0.4,0.09,-0.28992855,0.988856758,0.104604503,0,1.770651429,0.217393642,0.156233162,1,0.3320422,-0.08796761,0.010036617,1,2,3,2月3日,100,100,4.619,0.1923,4.445291379,0.000676004,-7.65E-07,4.25E-10,0.065174227,-0.023951514,0.002092542,-1.49E-05,2,2268,1,30,20.4,20.4,18,505.349,450.546,24.9998,28.6022,30.0003,28.6038,28.4884,19.1813,26.0115,62.9829,25,400.247,17.0027,87.6658,101.268
599,1652234469,1244.4,20220511 10:01:08,10:01:08,0,1652234469,0.0008174,0.817399779,0.055014901,400.205,388.1211095,39.06557227,40.28185267,0.050340496,3.019643606,0.049878874,0.031215418,1.240070825,26.31068617,25.8588,3.346168259,49.98872324,1.738358644,3.477501587,1.607809615,-36.04733027,106.0609595,7.518463124,78.77216317,0.025437,0.811196511,0.055014901,407.2279215,407.2055697,-5.27E-06,66.83704872,0.817399779,16.94991151,17.27115165,-3.39E-07,86.59541668,0,0,1,0,53237.35858,-,-,0,0,#DIV/0!,0,-,-,0,0,#DIV/0!,0.5,6.323346426,0.055014901,#DIV/0!,0.008700283,#DIV/0!,#DIV/0!,-,0,#DIV/0!,#DIV/0!,#DIV/0!,#DIV/0!,#DIV/0!,#DIV/0!,#DIV/0!,#DIV/0!,7.50136,6.323346426,0.84296,0.1653128,2,0.5,0: Broadleaf,2,TRUE,1652234469,400.205,400.345,17.2708,16.952,395.585,17.0787,500.117,100.553,0.100047,26.5103,25.8588,999.9,0,0,9996.25,0,4.10376,7.50136,0.900805,0.0991946,0,1.6617,0,47.581,72.4552,37.812,42.375,40.312,41.312,38.625,6.76,0.74,0,1652234469,0,1.792630769,0.160478627,-254.9340373,80.50007692,15,1652233242,9:40:42,1652233241,1652233242,1,-0.285,-0.028,4.62,0.189,403,17,0.4,0.09,-0.262017925,0.913040882,0.098725344,0,1.786485294,0.246460252,0.162332716,1,0.32843025,-0.057162034,0.00621403,1,2,3,2月3日,100,100,4.62,0.1921,4.445291379,0.000676004,-7.65E-07,4.25E-10,0.065174227,-0.023951514,0.002092542,-1.49E-05,2,2268,1,30,20.5,20.4,18,505.281,450.529,24.9997,28.6025,30.0002,28.605,28.4884,19.1776,26.0115,62.9829,25,400.063,17.0051,87.6658,101.268
600,1652234471,1246.4,20220511 10:01:10,10:01:10,0,1652234471,0.000814698,0.814697697,-0.068346402,400.228,392.0560464,39.46086998,40.28338605,0.050200809,3.021058067,0.049741946,0.031129594,1.105992686,26.30878767,25.8539,3.345197137,49.99306285,1.738314849,3.477112123,1.606882288,-35.92816843,106.5992544,7.552826411,79.32990505,-0.080687967,0.807703525,-0.068346402,407.2422358,407.2698485,3.49E-05,66.83704872,0.814697697,16.95065188,17.2708033,-4.26E-07,86.59541668,0,0,1,0,53281.33079,-,-,0,0,#DIV/0!,0,-,-,0,0,#DIV/0!,0.5,5.637027676,-0.068346402,#DIV/0!,-0.012124546,#DIV/0!,#DIV/0!,-,0,#DIV/0!,#DIV/0!,#DIV/0!,#DIV/0!,#DIV/0!,#DIV/0!,#DIV/0!,#DIV/0!,6.68683,5.637027676,0.843004484,0.165398655,2,0.5,0: Broadleaf,2,TRUE,1652234471,400.228,400.325,17.2707,16.9533,395.608,17.0785,500.16,100.551,0.100094,26.5084,25.8539,999.9,0,0,10005,0,4.10376,6.68683,0.900295,0.0997049,0,1.4629,0,43.4843,64.5789,37.812,42.375,40.312,41.312,38.625,6.02,0.67,0,1652234471,0,1.76388,0.338338457,-248.3798235,71.486116,15,1652233242,9:40:42,1652233241,1652233242,1,-0.285,-0.028,4.62,0.189,403,17,0.4,0.09,-0.23791285,0.936646447,0.100318994,0,1.784975758,0.16142499,0.159396909,1,0.325906225,-0.043184904,0.004262775,1,2,3,2月3日,100,100,4.62,0.1922,4.445291379,0.000676004,-7.65E-07,4.25E-10,0.065174227,-0.023951514,0.002092542,-1.49E-05,2,2268,1,30,20.5,20.5,18,505.367,450.613,24.9997,28.6037,30.0002,28.6059,28.4886,19.1761,26.0115,62.9829,25,400.152,17.0038,87.6666,101.268
601,1652234473,1248.4,20220511 10:01:12,10:01:12,0,1652234473,0.000811569,0.811569327,-0.112944961,400.242,393.4970068,39.60581297,40.28470235,0.050001323,3.023123619,0.04954639,0.031007022,0.78809516,26.30588394,25.8545,3.345316037,49.99826308,1.738290714,3.476702203,1.607025323,-35.79020732,106.2483834,7.522769947,78.76904117,-0.382086776,0.804677011,-0.112944961,407.2374513,407.2832788,2.10E-05,66.83704872,0.811569327,16.95158002,17.27049011,-2.48E-07,86.59541668,0,0,1,0,53345.51491,-,-,0,0,#DIV/0!,0,-,-,0,0,#DIV/0!,0.5,4.015893903,-0.112944961,#DIV/0!,-0.028124488,#DIV/0!,#DIV/0!,-,0,#DIV/0!,#DIV/0!,#DIV/0!,#DIV/0!,#DIV/0!,#DIV/0!,#DIV/0!,#DIV/0!,4.76367,4.015893903,0.84302521,0.165438655,2,0.5,0: Broadleaf,2,TRUE,1652234473,400.242,400.218,17.2705,16.9543,395.623,17.0783,500.177,100.551,0.0998621,26.5064,25.8545,999.9,0,0,10017.5,0,4.10376,4.76367,0.89826,0.10174,0,1.6126,0,33.9132,45.9806,37.812,42.375,40.312,41.312,38.625,4.28,0.48,0,1652234473,0,1.749611538,-0.166957267,-255.4111454,65.10822308,15,1652233242,9:40:42,1652233241,1652233242,1,-0.285,-0.028,4.62,0.189,403,17,0.4,0.09,-0.207679839,1.065125805,0.111134323,0,1.75282,-0.086510643,0.165352351,1,0.32427365,-0.044199445,0.004340378,1,2,3,2月3日,100,100,4.619,0.1922,4.445291379,0.000676004,-7.65E-07,4.25E-10,0.065174227,-0.023951514,0.002092542,-1.49E-05,2,2268,1,30,20.5,20.5,18,505.351,450.556,24.9998,28.6046,30.0002,28.6059,28.4898,19.1745,26.0115,62.9829,25,400.052,17.0038,87.6668,101.267
602,1652234475,1250.4,20220511 10:01:14,10:01:14,0,1652234475,0.000805188,0.805188029,-0.281175322,400.219,398.9014803,40.14992903,40.28253902,0.049624029,3.016505117,0.049174929,0.030774341,0.424225488,26.30279961,25.8512,3.344662134,50.00261969,1.738216737,3.476251339,1.606445397,-35.50879209,106.194663,7.535255923,78.6453523,-0.452689783,0.799970885,-0.281175322,407.1423748,407.2568303,-1.26E-05,66.83704872,0.805188029,16.95305578,17.26950659,-4.78E-08,86.59541668,0,0,1,0,53141.57262,-,-,0,0,#DIV/0!,0,-,-,0,0,#DIV/0!,0.5,2.155941277,-0.281175322,#DIV/0!,-0.130418822,#DIV/0!,#DIV/0!,-,0,#DIV/0!,#DIV/0!,#DIV/0!,#DIV/0!,#DIV/0!,#DIV/0!,#DIV/0!,#DIV/0!,2.55661,2.155941277,0.84328125,0.165932813,2,0.5,0: Broadleaf,2,TRUE,1652234475,400.219,400.166,17.2697,16.9553,395.6,17.0776,500.099,100.551,0.100241,26.5042,25.8512,999.9,0,0,9977.5,0,4.10376,2.55661,0.890209,0.109791,0,1.8317,0,21.7861,24.6239,37.75,42.375,40.312,41.312,38.625,2.28,0.28,0,1652234475,0,1.76045,0.01031453,-258.2745604,54.74902692,15,1652233242,9:40:42,1652233241,1652233242,1,-0.285,-0.028,4.62,0.189,403,17,0.4,0.09,-0.168952252,1.146433185,0.118754614,0,1.758951515,-0.086190831,0.161702357,1,0.3228285,-0.048527707,0.00472348,1,2,3,2月3日,100,100,4.619,0.1921,4.445291379,0.000676004,-7.65E-07,4.25E-10,0.065174227,-0.023951514,0.002092542,-1.49E-05,2,2268,1,30,20.6,20.5,18,505.281,450.448,24.9998,28.6046,30.0002,28.6068,28.4908,19.1754,26.0115,62.9829,25,400.132,17.0037,87.6664,101.267
603,1652234477,1252.4,20220511 10:01:16,10:01:16,0,1652234477,0.000799313,0.799312642,-0.413944668,400.224,403.2624358,40.58915033,40.28332584,0.049260129,3.019833995,0.048818042,0.030550665,0.280836526,26.30307038,25.85,3.344424378,49.99894928,1.738027668,3.476128385,1.60639671,-35.24968751,106.4095378,7.542111539,78.98279834,-0.552867777,0.794003901,-0.413944668,407.0871054,407.2555152,-7.28E-06,66.83704872,0.799312642,16.95434222,17.26842857,-7.74E-08,86.59541668,0,0,1,0,53244.4057,-,-,0,0,#DIV/0!,0,-,-,0,0,#DIV/0!,0.5,1.43408952,-0.413944668,#DIV/0!,-0.288646324,#DIV/0!,#DIV/0!,-,0,#DIV/0!,#DIV/0!,#DIV/0!,#DIV/0!,#DIV/0!,#DIV/0!,#DIV/0!,#DIV/0!,1.70153,1.43408952,0.842823529,0.165049412,2,0.5,0: Broadleaf,2,TRUE,1652234477,400.224,400.13,17.2677,16.9557,395.605,17.0756,500.188,100.552,0.0999495,26.5036,25.85,999.9,0,0,9997.5,0,4.10376,1.70153,0.904104,0.0958963,0,1.865,0,17.4729,16.4495,37.75,42.312,40.312,41.312,38.625,1.54,0.16,0,1652234477,0,1.793084,-0.253153846,-254.3561005,45.87316,15,1652233242,9:40:42,1652233241,1652233242,1,-0.285,-0.028,4.62,0.189,403,17,0.4,0.09,-0.128100652,1.157944167,0.119867487,0,1.756045714,0.248475116,0.151474957,1,0.3213023,-0.051358964,0.004970211,1,2,3,2月3日,100,100,4.619,0.1921,4.445291379,0.000676004,-7.65E-07,4.25E-10,0.065174227,-0.023951514,0.002092542,-1.49E-05,2,2268,1,30,20.6,20.6,18,505.291,450.516,24.9998,28.6046,30.0002,28.608,28.491,19.174,26.0115,62.9829,25,399.98,17.0083,87.6665,101.267
604,1652234479,1254.4,20220511 10:01:18,10:01:18,0,1652234479,0.000791001,0.791001017,-0.512438809,400.241,406.6353157,40.92853219,40.2849335,0.048743221,3.025005197,0.048311053,0.030232917,0,26.30308105,25.8487,3.344166827,49.99451897,1.737791708,3.475964453,1.606375119,-34.88314484,106.6732968,7.547801752,79.33795375,-0.714523136,0.785682466,-0.512438809,407.0454934,407.2539758,-5.29E-07,66.83704872,0.791001017,16.95521476,17.26610549,-8.45E-08,86.59541668,0,0,1,0,53404.36868,-,-,0,0,#DIV/0!,0,-,-,0,0,#DIV/0!,0.5,0,-0.512438809,#DIV/0!,#DIV/0!,#DIV/0!,#DIV/0!,-,0,#DIV/0!,#DIV/0!,#DIV/0!,#DIV/0!,#DIV/0!,#DIV/0!,#DIV/0!,#DIV/0!,0,0,0,0,2,0.5,0: Broadleaf,2,TRUE,1652234479,400.241,400.081,17.2654,16.9566,395.621,17.0734,500.076,100.552,0.0996911,26.5028,25.8487,999.9,0,0,10028.8,0,4.10376,0,0,0,0,-2.7,0,17.9,0.2,37.75,42.375,40.312,41.312,38.562,0,0,0,1652234479,0,1.568108,-4.957215473,-249.8658231,35.784916,15,1652233242,9:40:42,1652233241,1652233242,1,-0.285,-0.028,4.62,0.189,403,17,0.4,0.09,-0.084845787,1.16236492,0.12014844,0,1.733634286,-0.175075431,1.715718793,1,0.319570975,-0.054469362,0.005263128,1,2,3,2月3日,100,100,4.62,0.192,4.445291379,0.000676004,-7.65E-07,4.25E-10,0.065174227,-0.023951514,0.002092542,-1.49E-05,2,2268,1,30,20.6,20.6,18,505.232,450.658,24.9997,28.6055,30.0002,28.6084,28.4922,19.1728,26.0115,62.9829,25,399.948,17.0103,87.6665,101.267
605,1652234480,1255.9,20220511 10:01:20,10:01:20,0,1652234480,0.000787198,0.78719766,-0.66088841,400.23,411.5774739,41.42604228,40.28389781,0.048499364,3.02272716,0.048071169,0.030082637,0,26.30310139,25.8497,3.344364942,49.99522805,1.7377344,3.475800527,1.606630542,-34.7154168,106.2996342,7.52703866,79.11125608,-0.693819257,0.783924485,-0.66088841,407.0025331,407.2713455,1.00E-05,66.83704872,0.78719766,16.95520719,17.2645956,-2.74E-07,86.59541668,0,0,1,0,53334.06503,-,-,0,0,#DIV/0!,0,-,-,0,0,#DIV/0!,0.5,0,-0.66088841,#DIV/0!,#DIV/0!,#DIV/0!,#DIV/0!,-,0,#DIV/0!,#DIV/0!,#DIV/0!,#DIV/0!,#DIV/0!,#DIV/0!,#DIV/0!,#DIV/0!,0,0,0,0,2,0.5,0: Broadleaf,2,TRUE,1652234480,400.23,400.078,17.2648,16.9567,395.611,17.0728,500.091,100.552,0.0998697,26.502,25.8497,999.9,0,0,10015,0,4.10376,0,0,0,0,-3,0,4.2,-1.8,37.75,42.312,40.25,41.312,38.562,0,0,0,1652234480,0,1.547004,-4.442330928,-250.3981842,30.821812,15,1652233242,9:40:42,1652233241,1652233242,1,-0.285,-0.028,4.62,0.189,403,17,0.4,0.09,-0.061174837,1.162248273,0.120128619,0,1.605385294,-2.417116678,1.895166985,0,0.318646625,-0.056888612,0.005493427,1,1,3,1月3日,100,100,4.619,0.192,4.445291379,0.000676004,-7.65E-07,4.25E-10,0.065174227,-0.023951514,0.002092542,-1.49E-05,2,2268,1,30,20.6,20.6,18,505.17,450.749,24.9998,28.6064,30.0003,28.6084,28.4931,19.1706,26.0115,62.9829,25,399.999,17.0095,87.6661,101.267
